Date,Average_Price
16-05-1949,176.21
17-05-1949,174.8
18-05-1949,172.53
19-05-1949,171.34
20-05-1949,169.2
23-05-1949,171.85
24-05-1949,172.75
25-05-1949,171.53
26-05-1949,170.43
27-05-1949,172.76
30-05-1949,176.21
31-05-1949,176.52
01-06-1949,175.97
02-06-1949,174.76
03-06-1949,175.48
06-06-1949,174.92
07-06-1949,173.83
08-06-1949,171.53
09-06-1949,170.15
10-06-1949,167.98
13-06-1949,165.27
14-06-1949,158.98
15-06-1949,153.81
16-06-1949,157.8
17-06-1949,160.13
20-06-1949,155.45
21-06-1949,152.99
22-06-1949,155.01
23-06-1949,155.76
24-06-1949,154.04
27-06-1949,150.58
28-06-1949,147.13
29-06-1949,146.14
30-06-1949,146.92
01-07-1949,147.37
04-07-1949,149.14
05-07-1949,146.52
06-07-1949,144.18
07-07-1949,143.66
08-07-1949,142.16
11-07-1949,135.84
12-07-1949,134.8
13-07-1949,140.02
14-07-1949,141.28
15-07-1949,142.29
18-07-1949,147.23
19-07-1949,148.55
20-07-1949,147.09
21-07-1949,145.97
22-07-1949,145.67
25-07-1949,144.88
26-07-1949,144.66
27-07-1949,145.47
28-07-1949,145.51
29-07-1949,144.59
01-08-1949,145.63
02-08-1949,150
03-08-1949,154.46
04-08-1949,155.57
05-08-1949,154.24
08-08-1949,156.46
09-08-1949,157.68
10-08-1949,159.3
11-08-1949,162.75
12-08-1949,164.73
15-08-1949,159
16-08-1949,159.14
17-08-1949,158.23
18-08-1949,158.17
19-08-1949,158.81
22-08-1949,160.51
23-08-1949,162.02
24-08-1949,164.34
25-08-1949,167.64
26-08-1949,173.2
29-08-1949,173.22
30-08-1949,174.1
31-08-1949,175.18
01-09-1949,176.89
02-09-1949,173
05-09-1949,172.21
06-09-1949,172.41
07-09-1949,171.89
08-09-1949,170.11
09-09-1949,168.86
12-09-1949,172.23
13-09-1949,171.25
14-09-1949,169.87
15-09-1949,168.3
16-09-1949,162.54
19-09-1949,167.07
20-09-1949,163.94
21-09-1949,162.22
22-09-1949,163
26-09-1949,162.49
27-09-1949,160.41
28-09-1949,160.61
29-09-1949,162.07
30-09-1949,163.29
03-10-1949,160.72
04-10-1949,153.7
05-10-1949,153
06-10-1949,153.4
07-10-1949,156.84
10-10-1949,154.16
11-10-1949,151.87
12-10-1949,150.42
13-10-1949,147.66
14-10-1949,146.97
17-10-1949,144.44
18-10-1949,143.45
19-10-1949,142.45
20-10-1949,140.24
21-10-1949,138.06
24-10-1949,135.94
25-10-1949,131.09
26-10-1949,133.79
27-10-1949,138.5
28-10-1949,143.31
31-10-1949,141.54
01-11-1949,138.86
02-11-1949,137.78
04-11-1949,138.06
07-11-1949,135.97
08-11-1949,133.41
09-11-1949,132.94
10-11-1949,136.57
11-11-1949,140.33
14-11-1949,140.02
15-11-1949,138.37
16-11-1949,136.49
17-11-1949,135.32
18-11-1949,135.32
21-11-1949,131.3
22-11-1949,130.38
24-11-1949,128.91
25-11-1949,126.41
28-11-1949,122.01
29-11-1949,118.4
30-11-1949,122.84
01-12-1949,125.62
02-12-1949,122.53
05-12-1949,120.92
06-12-1949,120.07
07-12-1949,117.39
08-12-1949,111.99
09-12-1949,112.14
12-12-1949,110.32
13-12-1949,105.88
14-12-1949,98.5
15-12-1949,109.62
16-12-1949,110.96
19-12-1949,108.46
20-12-1949,104.14
21-12-1949,107.69
22-12-1949,107.7
23-12-1949,107.11
26-12-1949,110.24
27-12-1949,108.6
28-12-1949,109.91
04-01-1950,108.56
05-01-1950,105.54
06-01-1950,102.64
09-01-1950,102.78
10-01-1950,101.36
11-01-1950,99.36
12-01-1950,97.48
13-01-1950,95.04
16-01-1950,96.2
17-01-1950,95.27
18-01-1950,97.15
19-01-1950,98.9
20-01-1950,98.05
23-01-1950,97.1
24-01-1950,97.12
25-01-1950,96.51
26-01-1950,95.45
27-01-1950,94.85
30-01-1950,93.14
31-01-1950,92.54
01-02-1950,92.56
02-02-1950,95.96
03-02-1950,96.11
06-02-1950,101.71
07-02-1950,105.06
08-02-1950,107.25
09-02-1950,107.01
10-02-1950,106.54
13-02-1950,112.94
14-02-1950,113.4
15-02-1950,110.53
16-02-1950,109.6
17-02-1950,110.25
20-02-1950,109.73
21-02-1950,108.38
22-02-1950,106.62
23-02-1950,106.83
24-02-1950,107.01
27-02-1950,108.27
28-02-1950,107.44
01-03-1950,108.19
02-03-1950,108.15
03-03-1950,106.65
06-03-1950,104.43
07-03-1950,102.83
08-03-1950,102.93
09-03-1950,101.71
10-03-1950,101.23
13-03-1950,102.61
14-03-1950,102.21
15-03-1950,101.52
16-03-1950,101.07
17-03-1950,101.12
20-03-1950,100.61
22-03-1950,99.84
23-03-1950,99.22
24-03-1950,99.02
27-03-1950,99.9
28-03-1950,99.3
29-03-1950,98.51
30-03-1950,97.78
31-03-1950,97.61
03-04-1950,94.86
04-04-1950,93.85
05-04-1950,93.95
06-04-1950,93.37
07-04-1950,92.39
10-04-1950,90.97
11-04-1950,88.7
12-04-1950,91.69
13-04-1950,93
14-04-1950,95.52
17-04-1950,93.04
18-04-1950,93.4
19-04-1950,93.23
20-04-1950,92.83
21-04-1950,92.56
24-04-1950,92.59
25-04-1950,95.14
26-04-1950,96.96
27-04-1950,96.67
28-04-1950,99.31
01-05-1950,103.78
02-05-1950,103.01
04-05-1950,102.49
08-05-1950,100.26
09-05-1950,98.72
10-05-1950,99.03
11-05-1950,98.55
12-05-1950,97.23
15-05-1950,96.05
16-05-1950,95.16
17-05-1950,96.1
18-05-1950,96.02
19-05-1950,97.72
22-05-1950,96.87
23-05-1950,95.78
24-05-1950,95.58
25-05-1950,94.87
26-05-1950,94.21
29-05-1950,93.61
30-05-1950,93.97
31-05-1950,94.22
01-06-1950,94.22
02-06-1950,93.94
05-06-1950,94.68
06-06-1950,94.12
07-06-1950,93.39
08-06-1950,92.74
09-06-1950,92.28
12-06-1950,91.47
13-06-1950,90.22
14-06-1950,89.08
15-06-1950,89.22
16-06-1950,89.86
19-06-1950,88.9
20-06-1950,88.9
21-06-1950,89.89
22-06-1950,90.03
23-06-1950,90.59
26-06-1950,92.75
27-06-1950,90.84
28-06-1950,90.16
29-06-1950,88.95
30-06-1950,86.17
03-07-1950,85.65
04-07-1950,85.84
05-07-1950,85.41
06-07-1950,85.25
07-07-1950,85.6
10-07-1950,86.04
11-07-1950,89.26
12-07-1950,93.54
13-07-1950,94.8
14-07-1950,98.4
17-07-1950,109.34
18-07-1950,104.86
19-07-1950,103.21
20-07-1950,103.14
21-07-1950,101.58
24-07-1950,103.16
25-07-1950,103.07
26-07-1950,102.23
27-07-1950,100.88
28-07-1950,100.24
31-07-1950,97.59
01-08-1950,99.51
02-08-1950,99.11
03-08-1950,99.1
04-08-1950,100.52
07-08-1950,103.16
08-08-1950,103.49
09-08-1950,103.04
10-08-1950,103.78
11-08-1950,105.26
14-08-1950,105.33
15-08-1950,106.24
16-08-1950,108.02
17-08-1950,110.15
18-08-1950,112.58
21-08-1950,114.99
22-08-1950,114.82
23-08-1950,114.36
24-08-1950,112.44
25-08-1950,111.39
28-08-1950,112.06
29-08-1950,113.24
30-08-1950,114.59
31-08-1950,114.55
01-09-1950,113.46
04-09-1950,111.25
05-09-1950,111.48
06-09-1950,112.06
07-09-1950,110.82
08-09-1950,108.39
11-09-1950,108.26
12-09-1950,108.23
13-09-1950,108.52
14-09-1950,109.48
15-09-1950,110.35
18-09-1950,109.28
19-09-1950,108.46
20-09-1950,107.24
21-09-1950,108.22
22-09-1950,107.22
25-09-1950,104.95
26-09-1950,105.52
27-09-1950,105.41
28-09-1950,103.81
29-09-1950,103.58
02-10-1950,103.52
03-10-1950,103.65
04-10-1950,105.44
05-10-1950,107.28
06-10-1950,106.54
09-10-1950,105.95
10-10-1950,106.21
11-10-1950,106.78
12-10-1950,105.99
13-10-1950,106.5
16-10-1950,107.23
17-10-1950,106.72
18-10-1950,107.25
19-10-1950,107.44
20-10-1950,106.78
23-10-1950,106.35
24-10-1950,105.97
25-10-1950,106.15
26-10-1950,106.33
27-10-1950,105.88
30-10-1950,105.39
31-10-1950,106.16
01-11-1950,108.55
02-11-1950,111.02
06-11-1950,111.21
07-11-1950,110.55
08-11-1950,109.49
09-11-1950,109.49
10-11-1950,110.14
13-11-1950,110.5
14-11-1950,111.26
15-11-1950,110.64
16-11-1950,111.08
17-11-1950,111.42
20-11-1950,110.31
21-11-1950,109.96
22-11-1950,109.91
24-11-1950,109.97
27-11-1950,112.93
28-11-1950,112.23
29-11-1950,111.75
30-11-1950,109.75
01-12-1950,110.05
04-12-1950,107.03
05-12-1950,106.43
06-12-1950,106.58
07-12-1950,105.94
08-12-1950,103.62
11-12-1950,103.78
12-12-1950,102.55
13-12-1950,101.04
14-12-1950,101.15
15-12-1950,101.58
18-12-1950,101.42
19-12-1950,100.76
20-12-1950,100.84
21-12-1950,99.49
22-12-1950,98.27
25-12-1950,100.42
26-12-1950,101.03
27-12-1950,101.21
28-12-1950,101.91
04-01-1951,102.1
05-01-1951,102.81
08-01-1951,104.9
09-01-1951,106.36
10-01-1951,105.79
11-01-1951,106.54
12-01-1951,108.76
16-01-1951,109.29
17-01-1951,108.8
18-01-1951,109.23
19-01-1951,108.86
22-01-1951,108.22
23-01-1951,110.13
24-01-1951,110.47
25-01-1951,111.08
26-01-1951,110.36
29-01-1951,110.56
30-01-1951,112.59
31-01-1951,115.43
01-02-1951,115
02-02-1951,117.01
05-02-1951,119.43
06-02-1951,119.24
07-02-1951,120.47
08-02-1951,120.1
09-02-1951,118.23
12-02-1951,119.1
13-02-1951,119.49
14-02-1951,118.31
16-02-1951,118.24
19-02-1951,119.8
20-02-1951,119.56
21-02-1951,119.15
22-02-1951,119.86
23-02-1951,121.88
26-02-1951,120.75
27-02-1951,120.9
28-02-1951,121.84
01-03-1951,122.71
02-03-1951,123.93
05-03-1951,127.89
06-03-1951,126.89
07-03-1951,128.9
08-03-1951,130.55
09-03-1951,129.9
12-03-1951,130.14
13-03-1951,131.67
14-03-1951,132.5
15-03-1951,132.91
16-03-1951,132.97
19-03-1951,129.75
20-03-1951,127.81
22-03-1951,125.72
23-03-1951,125.95
26-03-1951,125.44
27-03-1951,125.07
28-03-1951,125.76
29-03-1951,123.1
30-03-1951,123.32
02-04-1951,124.87
03-04-1951,123.78
04-04-1951,122.75
05-04-1951,122
06-04-1951,122.1
09-04-1951,121.64
10-04-1951,122.16
11-04-1951,122.07
12-04-1951,119.4
13-04-1951,117.54
16-04-1951,119.03
17-04-1951,119.22
18-04-1951,121.02
19-04-1951,122.87
20-04-1951,121.94
23-04-1951,121
24-04-1951,122.41
25-04-1951,123.02
26-04-1951,122.81
27-04-1951,121.5
30-04-1951,120.82
01-05-1951,121.11
02-05-1951,122.71
04-05-1951,123.2
07-05-1951,123.71
08-05-1951,124.54
09-05-1951,124.49
10-05-1951,124.17
11-05-1951,123.67
14-05-1951,123.63
15-05-1951,123.19
16-05-1951,123.73
17-05-1951,123.98
18-05-1951,124.66
21-05-1951,125.95
22-05-1951,126.32
23-05-1951,126.22
24-05-1951,125.11
25-05-1951,125.4
28-05-1951,126.08
29-05-1951,125.53
30-05-1951,125.71
31-05-1951,127.23
01-06-1951,127.32
04-06-1951,129.34
05-06-1951,132.47
06-06-1951,132.08
07-06-1951,131.46
08-06-1951,132.55
11-06-1951,135.14
12-06-1951,134.95
13-06-1951,135.71
14-06-1951,136.29
15-06-1951,136.42
18-06-1951,134.13
19-06-1951,132.36
20-06-1951,132.86
21-06-1951,133.14
22-06-1951,133.65
25-06-1951,132.73
26-06-1951,131.45
27-06-1951,130.3
28-06-1951,130.59
29-06-1951,130.73
02-07-1951,126.22
03-07-1951,124.48
04-07-1951,127.93
05-07-1951,128.5
06-07-1951,127.94
09-07-1951,127.52
10-07-1951,127.2
11-07-1951,128
12-07-1951,127.7
13-07-1951,128.33
16-07-1951,129.91
17-07-1951,130.63
18-07-1951,132.46
19-07-1951,133.23
20-07-1951,132.91
23-07-1951,132.29
24-07-1951,132.08
25-07-1951,132.99
26-07-1951,132.98
27-07-1951,133.01
30-07-1951,134.25
31-07-1951,135.89
01-08-1951,136.23
02-08-1951,137.72
03-08-1951,139.44
06-08-1951,140.69
07-08-1951,138.34
08-08-1951,137.76
09-08-1951,137.75
10-08-1951,137.14
13-08-1951,137.85
14-08-1951,137.45
15-08-1951,137.21
16-08-1951,137.09
17-08-1951,137.38
20-08-1951,137.46
21-08-1951,138.04
22-08-1951,139.31
23-08-1951,140.81
24-08-1951,140.14
27-08-1951,142.82
28-08-1951,143.29
29-08-1951,143.14
30-08-1951,144.04
31-08-1951,145.3
03-09-1951,146.42
04-09-1951,144.68
05-09-1951,144.46
06-09-1951,144.6
07-09-1951,145.49
10-09-1951,145.99
11-09-1951,146.15
12-09-1951,146.39
13-09-1951,146.08
14-09-1951,146.72
17-09-1951,145.43
18-09-1951,143.61
19-09-1951,144.33
20-09-1951,145.56
21-09-1951,146.37
25-09-1951,153.06
26-09-1951,152.7
27-09-1951,151.69
28-09-1951,153
01-10-1951,154.07
02-10-1951,154.7
03-10-1951,157.87
04-10-1951,161.12
05-10-1951,162.73
08-10-1951,157.27
09-10-1951,157.23
10-10-1951,159.89
11-10-1951,159.23
12-10-1951,159.25
15-10-1951,160.96
16-10-1951,161.04
17-10-1951,162.9
18-10-1951,162.13
19-10-1951,164.25
22-10-1951,165.71
23-10-1951,164.87
24-10-1951,165.45
25-10-1951,168.63
26-10-1951,168.87
29-10-1951,165.63
30-10-1951,164.8
31-10-1951,165.09
01-11-1951,165.17
02-11-1951,163.07
05-11-1951,160.06
06-11-1951,159.68
07-11-1951,159.67
08-11-1951,159.19
09-11-1951,161.47
12-11-1951,162.23
13-11-1951,162.92
14-11-1951,162.79
15-11-1951,162.08
16-11-1951,162.37
19-11-1951,161.64
20-11-1951,159.45
21-11-1951,157.26
22-11-1951,155.69
26-11-1951,153.59
27-11-1951,156.04
28-11-1951,155.48
29-11-1951,156.35
30-11-1951,157.35
03-12-1951,159.93
04-12-1951,159.29
05-12-1951,159.45
06-12-1951,159.38
07-12-1951,160.07
10-12-1951,160.97
11-12-1951,159.59
12-12-1951,158.82
13-12-1951,158.86
14-12-1951,158.85
17-12-1951,158.42
18-12-1951,157.06
19-12-1951,157.56
20-12-1951,158.8
21-12-1951,160.03
24-12-1951,160.55
25-12-1951,161.18
26-12-1951,162.31
27-12-1951,163.98
28-12-1951,166.06
04-01-1952,167.8
07-01-1952,168.64
08-01-1952,168.7
09-01-1952,170.73
10-01-1952,173.67
11-01-1952,174.85
14-01-1952,177.37
16-01-1952,179.39
17-01-1952,180.45
18-01-1952,177.19
21-01-1952,180.96
22-01-1952,180.22
23-01-1952,183.16
24-01-1952,183.01
25-01-1952,184.27
28-01-1952,188.68
29-01-1952,186.36
30-01-1952,187.45
31-01-1952,188.96
01-02-1952,190.77
04-02-1952,191.7
05-02-1952,189.87
06-02-1952,190.64
07-02-1952,193.29
08-02-1952,192.2
11-02-1952,189.71
12-02-1952,189.93
13-02-1952,191.83
14-02-1952,190.73
15-02-1952,187.81
18-02-1952,187.7
19-02-1952,189.04
20-02-1952,190.06
21-02-1952,189.23
22-02-1952,185.8
25-02-1952,184.68
26-02-1952,183.9
27-02-1952,180.77
28-02-1952,180.3
29-02-1952,181.4
03-03-1952,184.23
04-03-1952,185.38
05-03-1952,184.27
06-03-1952,185.81
07-03-1952,187.23
10-03-1952,187.98
11-03-1952,188.5
12-03-1952,188.26
13-03-1952,186.52
14-03-1952,186.02
17-03-1952,185.18
18-03-1952,183.25
19-03-1952,180.65
20-03-1952,182.1
24-03-1952,180.5
25-03-1952,179.92
26-03-1952,179.91
27-03-1952,181.48
28-03-1952,176.23
31-03-1952,175.51
01-04-1952,175.99
02-04-1952,177.36
03-04-1952,179.41
04-04-1952,181.51
07-04-1952,182.28
08-04-1952,182.8
09-04-1952,184.59
10-04-1952,184.81
11-04-1952,185.12
14-04-1952,185.94
15-04-1952,188.5
16-04-1952,192.91
17-04-1952,195.05
18-04-1952,197.88
21-04-1952,199.66
22-04-1952,200.26
23-04-1952,201.09
24-04-1952,203.05
25-04-1952,206.2
28-04-1952,202.54
30-04-1952,202.72
01-05-1952,204.41
02-05-1952,207.86
06-05-1952,207.98
07-05-1952,209.11
08-05-1952,207.74
09-05-1952,208.53
12-05-1952,208.13
13-05-1952,206.72
14-05-1952,207.56
15-05-1952,207.29
16-05-1952,206.56
19-05-1952,204.85
20-05-1952,205.99
21-05-1952,209.3
22-05-1952,210.6
23-05-1952,213.11
26-05-1952,214.96
27-05-1952,216.58
28-05-1952,220.77
29-05-1952,222.75
30-05-1952,222.54
02-06-1952,228.41
03-06-1952,225.98
04-06-1952,224
05-06-1952,227.01
06-06-1952,225.1
09-06-1952,228.73
10-06-1952,232.88
11-06-1952,233
12-06-1952,239.08
13-06-1952,238.2
16-06-1952,240.96
17-06-1952,238.92
18-06-1952,234.57
19-06-1952,239.07
20-06-1952,240.22
23-06-1952,234.33
24-06-1952,237.12
25-06-1952,238.37
26-06-1952,241.1
27-06-1952,242.58
30-06-1952,246.15
01-07-1952,249.86
02-07-1952,251.3
03-07-1952,254.7
04-07-1952,255.17
07-07-1952,259.59
08-07-1952,259.45
09-07-1952,262.56
10-07-1952,262.71
11-07-1952,263.04
14-07-1952,256.64
15-07-1952,257.57
16-07-1952,257.62
17-07-1952,248.48
18-07-1952,238.8
21-07-1952,247.81
22-07-1952,245.61
23-07-1952,246.43
24-07-1952,245.37
25-07-1952,246.65
28-07-1952,246.92
29-07-1952,249.25
30-07-1952,250.24
31-07-1952,253.21
01-08-1952,253.74
04-08-1952,256.98
05-08-1952,255.4
06-08-1952,258.37
07-08-1952,258.73
08-08-1952,261.64
11-08-1952,262.57
12-08-1952,262.63
13-08-1952,260.89
14-08-1952,259.7
15-08-1952,259.67
18-08-1952,260.07
19-08-1952,258.85
20-08-1952,258.31
21-08-1952,260.04
22-08-1952,258.41
25-08-1952,250.48
26-08-1952,251.65
27-08-1952,252.92
28-08-1952,256.91
29-08-1952,254.02
01-09-1952,254.38
02-09-1952,255.85
03-09-1952,255.99
04-09-1952,255.88
05-09-1952,257.84
08-09-1952,255.97
09-09-1952,256.7
10-09-1952,256.46
11-09-1952,256.22
12-09-1952,258.35
15-09-1952,258.6
16-09-1952,259.19
17-09-1952,258.74
18-09-1952,260.17
19-09-1952,260.12
22-09-1952,263.63
24-09-1952,260.96
25-09-1952,260.03
26-09-1952,264.47
29-09-1952,265.97
30-09-1952,268.9
01-10-1952,271.49
02-10-1952,271.91
03-10-1952,270.33
06-10-1952,275.7
07-10-1952,280.33
08-10-1952,283.29
09-10-1952,287.58
10-10-1952,287.66
13-10-1952,289.99
14-10-1952,288.41
15-10-1952,294.29
16-10-1952,297.54
17-10-1952,302.73
20-10-1952,305.73
21-10-1952,301.76
22-10-1952,307.45
23-10-1952,311.14
24-10-1952,313.21
27-10-1952,321.39
28-10-1952,318.11
29-10-1952,320.2
30-10-1952,317.61
31-10-1952,313.23
04-11-1952,321.23
05-11-1952,323.21
06-11-1952,321.6
07-11-1952,322.8
10-11-1952,326.48
11-11-1952,329.42
12-11-1952,334.54
13-11-1952,333.23
14-11-1952,332.82
17-11-1952,333.48
18-11-1952,335.52
19-11-1952,341.19
20-11-1952,344.76
21-11-1952,349.11
24-11-1952,352.09
25-11-1952,349.8
26-11-1952,343.16
27-11-1952,350.06
28-11-1952,351.45
01-12-1952,348.95
02-12-1952,347.19
03-12-1952,343.72
04-12-1952,340.33
05-12-1952,343.6
08-12-1952,352.68
09-12-1952,353.81
10-12-1952,355.78
11-12-1952,358.13
12-12-1952,363.29
15-12-1952,370.55
16-12-1952,363.81
17-12-1952,364.85
18-12-1952,363.77
19-12-1952,362.05
22-12-1952,356.37
23-12-1952,354.31
24-12-1952,355.28
25-12-1952,363.52
26-12-1952,363.91
05-01-1953,364.89
06-01-1953,367.38
07-01-1953,369.66
08-01-1953,378.84
09-01-1953,379.23
12-01-1953,392.34
13-01-1953,400.95
14-01-1953,405.74
16-01-1953,410.28
19-01-1953,424.96
20-01-1953,421.92
21-01-1953,423.77
22-01-1953,429.66
23-01-1953,439.57
26-01-1953,445.38
27-01-1953,435.28
28-01-1953,439.87
29-01-1953,446.59
30-01-1953,452.04
02-02-1953,455.97
03-02-1953,467.92
04-02-1953,474.43
05-02-1953,471.74
06-02-1953,466.43
10-02-1953,461.88
11-02-1953,443.13
12-02-1953,425.92
13-02-1953,409.42
16-02-1953,426.59
17-02-1953,433.86
18-02-1953,426.4
19-02-1953,418.2
20-02-1953,421.12
23-02-1953,426
24-02-1953,419.11
25-02-1953,415.49
26-02-1953,411.06
27-02-1953,400.11
02-03-1953,393.14
03-03-1953,384.95
04-03-1953,378.22
05-03-1953,340.41
06-03-1953,361.88
09-03-1953,374.14
10-03-1953,375.05
11-03-1953,371.36
12-03-1953,367.44
13-03-1953,369.47
16-03-1953,355.29
17-03-1953,355.5
18-03-1953,357.78
19-03-1953,365.41
20-03-1953,370.14
23-03-1953,366.82
24-03-1953,361
25-03-1953,352.35
26-03-1953,350.33
27-03-1953,348.43
30-03-1953,318.96
31-03-1953,307.05
01-04-1953,295.18
02-04-1953,304.02
03-04-1953,314.52
06-04-1953,317.6
07-04-1953,315.5
08-04-1953,313.87
09-04-1953,320.3
10-04-1953,318.33
13-04-1953,316.45
14-04-1953,320.04
15-04-1953,333.65
16-04-1953,355.03
17-04-1953,349.85
20-04-1953,345.12
21-04-1953,339.66
22-04-1953,335.97
23-04-1953,335.72
24-04-1953,334.89
27-04-1953,338.25
28-04-1953,342.19
30-04-1953,339.37
01-05-1953,345.29
04-05-1953,355.94
06-05-1953,366.69
07-05-1953,365.49
08-05-1953,364.13
11-05-1953,359.56
12-05-1953,361.7
13-05-1953,360.08
14-05-1953,359.62
15-05-1953,357.51
18-05-1953,349.43
19-05-1953,349.53
20-05-1953,350.88
21-05-1953,350.15
22-05-1953,348.8
25-05-1953,345.46
26-05-1953,337.7
27-05-1953,335.63
28-05-1953,335.05
29-05-1953,333.59
01-06-1953,329.34
02-06-1953,323.64
03-06-1953,321.79
04-06-1953,327.99
05-06-1953,324.15
08-06-1953,335.34
09-06-1953,338.92
10-06-1953,341.1
11-06-1953,343.36
12-06-1953,347.86
15-06-1953,350.35
16-06-1953,345.36
17-06-1953,343.59
18-06-1953,344.3
19-06-1953,346.79
22-06-1953,348.78
23-06-1953,345.59
24-06-1953,344.8
25-06-1953,341.48
26-06-1953,340.05
29-06-1953,344.41
30-06-1953,346.27
01-07-1953,347.76
02-07-1953,349.2
03-07-1953,348.2
06-07-1953,346.87
07-07-1953,345.21
08-07-1953,345.57
09-07-1953,348.08
10-07-1953,348.64
13-07-1953,355.02
14-07-1953,356.75
15-07-1953,364.07
16-07-1953,365.46
17-07-1953,361.83
20-07-1953,360.41
21-07-1953,359.14
22-07-1953,356.87
23-07-1953,359.45
24-07-1953,361.39
27-07-1953,367.1
28-07-1953,371.46
29-07-1953,380.6
30-07-1953,381.32
31-07-1953,386.13
03-08-1953,397.08
04-08-1953,393.97
05-08-1953,400.31
06-08-1953,401.07
07-08-1953,400.88
10-08-1953,390.44
11-08-1953,390.96
12-08-1953,397.19
13-08-1953,394.23
14-08-1953,391.71
17-08-1953,393.58
18-08-1953,397.13
19-08-1953,404.81
20-08-1953,405.57
21-08-1953,403.89
24-08-1953,416.05
25-08-1953,412.4
26-08-1953,415.15
27-08-1953,413.14
28-08-1953,415.9
31-08-1953,409.47
01-09-1953,406.94
02-09-1953,414.42
03-09-1953,418.05
04-09-1953,425.58
07-09-1953,433.38
08-09-1953,435.23
09-09-1953,431.81
10-09-1953,433.92
11-09-1953,436.99
14-09-1953,432.41
15-09-1953,429.98
16-09-1953,416.65
17-09-1953,420.48
18-09-1953,420.99
21-09-1953,426.68
22-09-1953,428.97
24-09-1953,432.92
25-09-1953,429.5
28-09-1953,442.02
29-09-1953,448.77
30-09-1953,450.87
01-10-1953,448.75
02-10-1953,449.01
05-10-1953,442.54
06-10-1953,444.09
07-10-1953,442.16
08-10-1953,439.03
09-10-1953,442.49
12-10-1953,440.19
13-10-1953,439.79
14-10-1953,442.05
15-10-1953,439.95
16-10-1953,432.54
19-10-1953,429.04
20-10-1953,421.12
21-10-1953,424.93
22-10-1953,429.02
23-10-1953,431.2
26-10-1953,424.49
27-10-1953,424.33
28-10-1953,429.13
29-10-1953,427.54
30-10-1953,427.68
02-11-1953,440.19
04-11-1953,438.98
05-11-1953,436.61
06-11-1953,433.26
09-11-1953,429.57
10-11-1953,429.17
11-11-1953,428.74
12-11-1953,432.25
13-11-1953,432.05
16-11-1953,421.98
17-11-1953,423.36
18-11-1953,418.26
19-11-1953,419.07
20-11-1953,418.85
24-11-1953,414.12
25-11-1953,407.44
26-11-1953,414.49
27-11-1953,420.39
30-11-1953,423.06
01-12-1953,420.91
02-12-1953,421.74
03-12-1953,420.35
04-12-1953,420.14
07-12-1953,415.66
08-12-1953,415.86
09-12-1953,417.83
10-12-1953,417.55
11-12-1953,417.72
14-12-1953,420.65
15-12-1953,417.68
16-12-1953,415.44
17-12-1953,410.94
18-12-1953,407.9
21-12-1953,402.15
22-12-1953,403
23-12-1953,405.23
24-12-1953,402.98
25-12-1953,397.18
28-12-1953,377.95
04-01-1954,362.88
05-01-1954,363.24
06-01-1954,363.82
07-01-1954,366.31
08-01-1954,375.22
11-01-1954,377.27
12-01-1954,375.19
13-01-1954,370.93
14-01-1954,363.38
18-01-1954,359.73
19-01-1954,356.96
20-01-1954,352.69
21-01-1954,351.07
22-01-1954,350.04
25-01-1954,354.54
26-01-1954,357.58
27-01-1954,360.1
28-01-1954,358.04
29-01-1954,355.19
01-02-1954,354.5
02-02-1954,357.71
03-02-1954,356.17
04-02-1954,357.19
05-02-1954,356.75
08-02-1954,362.03
09-02-1954,366.36
10-02-1954,367.32
11-02-1954,369.38
12-02-1954,368.18
15-02-1954,365.66
16-02-1954,366.75
17-02-1954,367.09
18-02-1954,366
19-02-1954,362.38
22-02-1954,355.35
23-02-1954,352.86
24-02-1954,354.09
25-02-1954,355.55
26-02-1954,353.21
01-03-1954,349.65
02-03-1954,349.03
03-03-1954,351.31
04-03-1954,350.46
05-03-1954,349.22
08-03-1954,348.9
09-03-1954,347.94
10-03-1954,345.16
11-03-1954,340.83
12-03-1954,340.17
15-03-1954,338.75
16-03-1954,334.32
17-03-1954,329.76
18-03-1954,327.82
19-03-1954,319.99
22-03-1954,314.08
23-03-1954,320.89
24-03-1954,332.44
25-03-1954,332.24
26-03-1954,333.76
29-03-1954,329.39
30-03-1954,324.18
31-03-1954,322.99
01-04-1954,322.69
02-04-1954,317.79
05-04-1954,317.62
06-04-1954,316.22
07-04-1954,318.25
08-04-1954,323.93
09-04-1954,327.85
12-04-1954,326.56
13-04-1954,328.16
14-04-1954,327.18
15-04-1954,325.91
16-04-1954,327.55
19-04-1954,330.13
20-04-1954,335.65
21-04-1954,339.3
22-04-1954,343.17
23-04-1954,351.53
26-04-1954,347.03
27-04-1954,351.67
28-04-1954,351.52
30-04-1954,345.63
04-05-1954,344.3
06-05-1954,338.44
07-05-1954,337.91
10-05-1954,333.9
11-05-1954,332.78
12-05-1954,331.69
13-05-1954,331.18
14-05-1954,327.43
17-05-1954,325.37
18-05-1954,323.92
19-05-1954,323.99
20-05-1954,325.47
21-05-1954,324.84
24-05-1954,320.84
25-05-1954,321.06
26-05-1954,321.38
27-05-1954,321.83
28-05-1954,321.96
31-05-1954,325.82
01-06-1954,326.39
02-06-1954,324.69
03-06-1954,325.03
04-06-1954,323.68
07-06-1954,322.75
08-06-1954,325.41
09-06-1954,324.84
10-06-1954,327.49
11-06-1954,327.33
14-06-1954,334
15-06-1954,336.88
16-06-1954,344.5
17-06-1954,342.82
18-06-1954,343.21
21-06-1954,347.88
22-06-1954,343.66
23-06-1954,345.13
24-06-1954,345
25-06-1954,342.73
28-06-1954,343.42
29-06-1954,343.63
30-06-1954,348.09
01-07-1954,352.86
02-07-1954,352.26
05-07-1954,352.27
06-07-1954,350.52
07-07-1954,349.86
08-07-1954,345.38
09-07-1954,345.75
12-07-1954,344.34
13-07-1954,343.6
14-07-1954,340.35
15-07-1954,340.61
16-07-1954,340.22
19-07-1954,341.7
20-07-1954,340.51
21-07-1954,337.03
22-07-1954,334.02
23-07-1954,332.29
26-07-1954,331.03
27-07-1954,331.85
28-07-1954,329.47
29-07-1954,330.17
30-07-1954,329.22
02-08-1954,330.81
03-08-1954,332.35
04-08-1954,331.56
05-08-1954,330.83
06-08-1954,329.93
09-08-1954,329.44
10-08-1954,334.67
11-08-1954,337.61
12-08-1954,340.09
13-08-1954,341.12
16-08-1954,343.39
17-08-1954,341.98
18-08-1954,342.26
19-08-1954,347.39
20-08-1954,347.25
23-08-1954,345.3
24-08-1954,345.53
25-08-1954,342.28
26-08-1954,339.6
27-08-1954,340.85
30-08-1954,339.92
31-08-1954,345.02
01-09-1954,351.27
02-09-1954,352.73
03-09-1954,352.08
06-09-1954,352.62
07-09-1954,350.03
08-09-1954,350.29
09-09-1954,351.11
10-09-1954,350.99
13-09-1954,347.4
14-09-1954,350.19
15-09-1954,354.35
16-09-1954,358.67
17-09-1954,355.72
20-09-1954,358.7
21-09-1954,357.63
22-09-1954,356.7
24-09-1954,354.91
27-09-1954,347.92
28-09-1954,348.21
29-09-1954,349.91
30-09-1954,351.33
01-10-1954,350.74
04-10-1954,350.85
05-10-1954,348.68
06-10-1954,346.23
07-10-1954,347.61
08-10-1954,346.91
11-10-1954,348.09
12-10-1954,344.03
13-10-1954,341.78
14-10-1954,342.74
15-10-1954,340.55
18-10-1954,337.8
19-10-1954,335.31
20-10-1954,333.57
21-10-1954,334.59
22-10-1954,333.91
25-10-1954,333.49
27-10-1954,333.19
28-10-1954,332.28
29-10-1954,329.04
01-11-1954,330.05
02-11-1954,330.37
04-11-1954,329.72
05-11-1954,328.03
08-11-1954,327.41
09-11-1954,325.49
10-11-1954,321.12
11-11-1954,319.63
12-11-1954,317.53
15-11-1954,316.75
16-11-1954,320
17-11-1954,323.61
18-11-1954,321.75
19-11-1954,321.53
22-11-1954,322.53
24-11-1954,328.36
25-11-1954,332.89
26-11-1954,326.85
29-11-1954,326.11
30-11-1954,326.85
01-12-1954,326.12
02-12-1954,323.86
03-12-1954,324.83
06-12-1954,326.9
07-12-1954,337.57
08-12-1954,341.69
09-12-1954,344.68
10-12-1954,340.17
13-12-1954,337.07
14-12-1954,336.2
15-12-1954,333.77
16-12-1954,331.84
17-12-1954,333.09
20-12-1954,333.21
21-12-1954,335.27
22-12-1954,337.97
23-12-1954,343.26
24-12-1954,347.53
27-12-1954,352.57
28-12-1954,356.09
04-01-1955,361.1
05-01-1955,361.26
06-01-1955,366.93
07-01-1955,365.84
10-01-1955,378.76
11-01-1955,376.7
12-01-1955,374.8
13-01-1955,370.86
14-01-1955,372.92
17-01-1955,372.49
18-01-1955,368.98
19-01-1955,365.85
20-01-1955,368.84
21-01-1955,371.04
24-01-1955,376.26
25-01-1955,375.64
26-01-1955,374.37
27-01-1955,372.8
28-01-1955,370.78
31-01-1955,369.45
01-02-1955,371.61
02-02-1955,375.85
03-02-1955,376.79
04-02-1955,375.34
07-02-1955,378.34
08-02-1955,374.2
09-02-1955,380.28
10-02-1955,380.46
11-02-1955,379.07
14-02-1955,376.76
15-02-1955,374.63
16-02-1955,375.9
17-02-1955,376.09
18-02-1955,375.03
21-02-1955,374.47
22-02-1955,371.14
23-02-1955,372.31
24-02-1955,369.78
25-02-1955,368.24
28-02-1955,366.99
01-03-1955,362.6
02-03-1955,362.28
03-03-1955,360.4
04-03-1955,357.65
07-03-1955,353.8
08-03-1955,355.99
09-03-1955,356.45
10-03-1955,357.15
11-03-1955,356.88
14-03-1955,357.33
15-03-1955,356.31
16-03-1955,355.37
17-03-1955,354.78
18-03-1955,353.76
22-03-1955,351.23
23-03-1955,350.05
24-03-1955,350.88
25-03-1955,354.36
28-03-1955,346.08
29-03-1955,349.19
30-03-1955,349.36
31-03-1955,351.5
01-04-1955,352.31
04-04-1955,353.41
05-04-1955,351.97
06-04-1955,350.7
07-04-1955,350.62
08-04-1955,349.95
11-04-1955,352
12-04-1955,353.43
13-04-1955,354.85
14-04-1955,355.93
15-04-1955,354.98
18-04-1955,353.63
19-04-1955,352.68
20-04-1955,351.85
21-04-1955,350.03
22-04-1955,350.85
25-04-1955,349.76
26-04-1955,347.25
27-04-1955,345.89
28-04-1955,346.19
02-05-1955,345.96
04-05-1955,347.68
06-05-1955,349.66
09-05-1955,352.43
10-05-1955,351.32
11-05-1955,348.74
12-05-1955,349.04
13-05-1955,350.32
16-05-1955,351.77
17-05-1955,350.23
18-05-1955,350.82
19-05-1955,350.98
20-05-1955,351.2
23-05-1955,349.89
24-05-1955,349.49
25-05-1955,347.96
26-05-1955,347.57
27-05-1955,347.69
30-05-1955,348.6
31-05-1955,349.93
01-06-1955,353.19
02-06-1955,354.21
03-06-1955,358.11
06-06-1955,358.41
07-06-1955,360.86
08-06-1955,360.78
09-06-1955,361.2
10-06-1955,360.06
13-06-1955,354.44
14-06-1955,354.35
15-06-1955,352.87
16-06-1955,352.96
17-06-1955,354.3
20-06-1955,353.47
21-06-1955,353.18
22-06-1955,351.37
23-06-1955,350.77
24-06-1955,348.05
27-06-1955,350.26
28-06-1955,348.82
29-06-1955,348.91
30-06-1955,352.47
01-07-1955,352.14
04-07-1955,353.78
05-07-1955,353.82
06-07-1955,355.23
07-07-1955,356.79
08-07-1955,357.46
11-07-1955,356.85
12-07-1955,356.53
13-07-1955,354.07
14-07-1955,353.89
15-07-1955,354.84
18-07-1955,353.49
19-07-1955,352.17
20-07-1955,351.92
21-07-1955,351.52
22-07-1955,351.25
25-07-1955,353.42
26-07-1955,355.4
27-07-1955,356.7
28-07-1955,361.64
29-07-1955,365.69
01-08-1955,365.67
02-08-1955,367.22
03-08-1955,367.37
04-08-1955,370.49
05-08-1955,370.29
08-08-1955,368.4
09-08-1955,369.09
10-08-1955,370.19
11-08-1955,372.98
12-08-1955,375.54
15-08-1955,378.13
16-08-1955,381.07
17-08-1955,380.28
18-08-1955,379.09
19-08-1955,382.41
22-08-1955,383.19
23-08-1955,382.05
24-08-1955,383.71
25-08-1955,387.24
26-08-1955,387.16
29-08-1955,383.11
30-08-1955,384.57
31-08-1955,387.12
01-09-1955,387.46
02-09-1955,389.92
05-09-1955,386.54
06-09-1955,384.18
07-09-1955,384
08-09-1955,384.34
09-09-1955,383.13
12-09-1955,383.55
13-09-1955,385.64
14-09-1955,386.36
15-09-1955,387.2
16-09-1955,389.84
19-09-1955,389.66
20-09-1955,388.79
21-09-1955,388.94
22-09-1955,387.18
23-09-1955,386.45
26-09-1955,385.39
27-09-1955,379.14
28-09-1955,380.11
29-09-1955,383.21
30-09-1955,388.42
03-10-1955,385.57
04-10-1955,387.07
05-10-1955,389.83
06-10-1955,394.56
07-10-1955,397.57
10-10-1955,397.34
11-10-1955,395.69
12-10-1955,401.26
13-10-1955,403.12
14-10-1955,402.44
17-10-1955,407.19
18-10-1955,408.35
19-10-1955,409.88
20-10-1955,410.29
21-10-1955,408
24-10-1955,405.81
25-10-1955,404.57
26-10-1955,404.34
27-10-1955,404.05
28-10-1955,406.87
31-10-1955,409.17
01-11-1955,410.36
02-11-1955,408.49
04-11-1955,405.67
07-11-1955,406.34
08-11-1955,406.18
09-11-1955,400.03
10-11-1955,396.84
11-11-1955,401.24
14-11-1955,402.44
15-11-1955,401.44
16-11-1955,399.25
17-11-1955,400.56
18-11-1955,400.49
21-11-1955,402.53
22-11-1955,403.01
24-11-1955,401.68
25-11-1955,398.89
28-11-1955,394.88
29-11-1955,395.3
30-11-1955,393.28
01-12-1955,398.11
02-12-1955,399.88
05-12-1955,402.09
06-12-1955,401.96
07-12-1955,401.22
08-12-1955,402.42
09-12-1955,405.24
12-12-1955,407.03
13-12-1955,409.06
14-12-1955,410.43
15-12-1955,410.64
16-12-1955,410.63
19-12-1955,412.91
20-12-1955,413.89
21-12-1955,412.77
22-12-1955,412.76
23-12-1955,415.2
26-12-1955,423.19
27-12-1955,422.68
28-12-1955,425.69
04-01-1956,428.59
05-01-1956,427.89
06-01-1956,430.57
09-01-1956,423.26
10-01-1956,426.73
11-01-1956,426.87
12-01-1956,427.38
13-01-1956,427.31
16-01-1956,428.08
17-01-1956,429.02
18-01-1956,431.14
19-01-1956,431.6
20-01-1956,427.33
23-01-1956,424.1
24-01-1956,422.09
25-01-1956,420.14
26-01-1956,422.7
27-01-1956,423.85
30-01-1956,424.25
31-01-1956,423.46
01-02-1956,425.84
02-02-1956,427.93
03-02-1956,430.64
06-02-1956,430.3
07-02-1956,428.02
08-02-1956,425.99
09-02-1956,427.14
10-02-1956,427.57
13-02-1956,426.15
14-02-1956,423.62
15-02-1956,422.5
16-02-1956,423.97
17-02-1956,426.95
20-02-1956,430.56
21-02-1956,430.98
22-02-1956,433.38
23-02-1956,433.17
24-02-1956,433.53
27-02-1956,435.18
28-02-1956,437.61
29-02-1956,439.39
01-03-1956,441.78
02-03-1956,441.58
05-03-1956,440.43
06-03-1956,440.17
07-03-1956,441.74
08-03-1956,444.47
09-03-1956,444.68
12-03-1956,443.22
13-03-1956,442.62
14-03-1956,443.41
15-03-1956,443.01
16-03-1956,442.85
19-03-1956,442.55
20-03-1956,442.01
22-03-1956,441.28
23-03-1956,440.83
26-03-1956,444.25
27-03-1956,447.12
28-03-1956,448.69
29-03-1956,450.21
30-03-1956,454.56
02-04-1956,462.41
03-04-1956,463.85
04-04-1956,458.74
05-04-1956,461.72
06-04-1956,464.4
09-04-1956,468.07
10-04-1956,467.69
11-04-1956,466.58
12-04-1956,471.33
13-04-1956,474.6
16-04-1956,475.86
17-04-1956,471.59
18-04-1956,474.69
19-04-1956,477.95
20-04-1956,478.35
23-04-1956,480.78
24-04-1956,482.71
25-04-1956,474.78
26-04-1956,476.22
27-04-1956,475.23
30-04-1956,473.34
01-05-1956,476.03
02-05-1956,480.03
04-05-1956,482.2
07-05-1956,479.81
08-05-1956,476.72
09-05-1956,475.6
10-05-1956,473.95
11-05-1956,472.94
14-05-1956,472.79
15-05-1956,472.1
16-05-1956,475.73
17-05-1956,476.69
18-05-1956,480.52
21-05-1956,481.27
22-05-1956,484.07
23-05-1956,486.14
24-05-1956,490.02
25-05-1956,488.09
28-05-1956,484.38
29-05-1956,486.04
30-05-1956,486.86
31-05-1956,488.43
01-06-1956,491.03
04-06-1956,493.47
05-06-1956,495.41
06-06-1956,500.7
07-06-1956,497.52
08-06-1956,501.98
11-06-1956,496.92
12-06-1956,497.04
13-06-1956,500.45
14-06-1956,500.49
15-06-1956,503.24
18-06-1956,505.75
19-06-1956,507.09
20-06-1956,509.52
21-06-1956,512.25
22-06-1956,509.98
25-06-1956,511.5
26-06-1956,509.27
27-06-1956,502.96
28-06-1956,502.58
29-06-1956,502.83
02-07-1956,482.87
03-07-1956,485
04-07-1956,488.6
05-07-1956,490.29
06-07-1956,491.18
09-07-1956,492.8
10-07-1956,493.98
11-07-1956,494.61
12-07-1956,499.25
13-07-1956,500.34
16-07-1956,501.6
17-07-1956,502.92
18-07-1956,502.47
19-07-1956,499.66
20-07-1956,497.86
23-07-1956,497.55
24-07-1956,498.44
25-07-1956,499.39
26-07-1956,499.93
27-07-1956,500.41
30-07-1956,501.98
31-07-1956,500.34
01-08-1956,501.43
02-08-1956,502.32
03-08-1956,503.89
06-08-1956,507.31
07-08-1956,506.37
08-08-1956,503.78
09-08-1956,503.15
10-08-1956,502.98
13-08-1956,502.12
14-08-1956,501.86
15-08-1956,500.74
16-08-1956,500.43
17-08-1956,500.22
20-08-1956,503.83
21-08-1956,504.96
22-08-1956,505.83
23-08-1956,504.25
24-08-1956,503.42
27-08-1956,501.3
28-08-1956,499.12
29-08-1956,493.79
30-08-1956,493.86
31-08-1956,493.69
03-09-1956,489.78
04-09-1956,485.4
05-09-1956,486.82
06-09-1956,491.19
07-09-1956,490.82
10-09-1956,486.8
11-09-1956,482.95
12-09-1956,482.7
13-09-1956,482.74
14-09-1956,485.01
17-09-1956,486.33
18-09-1956,486.33
19-09-1956,485.11
20-09-1956,484.47
21-09-1956,487.02
24-09-1956,487.92
25-09-1956,488.11
26-09-1956,483.26
27-09-1956,488.12
28-09-1956,490.55
01-10-1956,492.54
02-10-1956,492.86
03-10-1956,492.33
04-10-1956,490.08
05-10-1956,487.15
08-10-1956,487.78
09-10-1956,489.09
10-10-1956,489.98
11-10-1956,490.49
12-10-1956,493.52
15-10-1956,494.73
16-10-1956,494.23
17-10-1956,494.67
18-10-1956,498.14
19-10-1956,496.43
22-10-1956,495.57
23-10-1956,497.9
24-10-1956,501.53
25-10-1956,505.12
26-10-1956,504.72
29-10-1956,506.32
30-10-1956,508.98
31-10-1956,508.16
01-11-1956,514.1
02-11-1956,520.44
05-11-1956,515.3
06-11-1956,518.16
07-11-1956,513.25
08-11-1956,512.94
09-11-1956,514.78
12-11-1956,519.34
13-11-1956,525.16
14-11-1956,526.58
15-11-1956,534.56
16-11-1956,538.25
19-11-1956,534.88
20-11-1956,544.59
21-11-1956,542.41
22-11-1956,549.42
26-11-1956,544.9
27-11-1956,547.82
28-11-1956,554.96
29-11-1956,550.92
30-11-1956,556.58
03-12-1956,558.3
04-12-1956,562.4
05-12-1956,560.26
06-12-1956,566.3
07-12-1956,562.05
10-12-1956,554.77
11-12-1956,559.43
12-12-1956,558.9
13-12-1956,554.65
14-12-1956,549.74
17-12-1956,542.91
18-12-1956,552.85
19-12-1956,551.53
20-12-1956,551.91
21-12-1956,550
24-12-1956,550.61
25-12-1956,552.06
26-12-1956,551.81
27-12-1956,547.38
28-12-1956,549.14
04-01-1957,549.45
07-01-1957,559.01
08-01-1957,565.77
09-01-1957,563
10-01-1957,568.34
11-01-1957,571.15
14-01-1957,574.2
16-01-1957,577.27
17-01-1957,583.64
18-01-1957,580.86
21-01-1957,586.01
22-01-1957,582.78
23-01-1957,583.86
24-01-1957,578.55
25-01-1957,572.37
28-01-1957,576.39
29-01-1957,575.82
30-01-1957,572.07
31-01-1957,567.78
01-02-1957,568.97
04-02-1957,576.5
05-02-1957,577.05
06-02-1957,582.54
07-02-1957,582.97
08-02-1957,581.49
11-02-1957,585.72
12-02-1957,587.88
13-02-1957,583.39
14-02-1957,585.1
15-02-1957,575.78
18-02-1957,572.56
19-02-1957,562.99
20-02-1957,562.13
21-02-1957,565.29
22-02-1957,565.96
25-02-1957,562.91
26-02-1957,565.63
27-02-1957,570.54
28-02-1957,571.64
01-03-1957,569.75
04-03-1957,570.42
05-03-1957,570.52
06-03-1957,567.28
07-03-1957,564.66
08-03-1957,561.14
11-03-1957,560.88
12-03-1957,562.17
13-03-1957,566.95
14-03-1957,568.17
15-03-1957,566.57
18-03-1957,564.93
19-03-1957,564.94
20-03-1957,567.84
22-03-1957,570.82
25-03-1957,560.27
26-03-1957,567.96
27-03-1957,567.11
28-03-1957,570.32
29-03-1957,581.78
01-04-1957,590.6
02-04-1957,587.33
03-04-1957,585.4
04-04-1957,589.07
05-04-1957,588.32
08-04-1957,584.57
09-04-1957,585.4
10-04-1957,581.03
11-04-1957,581.72
12-04-1957,585.01
15-04-1957,586.14
16-04-1957,585.42
17-04-1957,584.26
18-04-1957,585.24
19-04-1957,585.9
22-04-1957,588.84
23-04-1957,593.47
24-04-1957,594.81
25-04-1957,590.85
26-04-1957,591.91
30-04-1957,589.69
01-05-1957,589.97
02-05-1957,593.56
06-05-1957,590.05
07-05-1957,588.6
08-05-1957,565.65
09-05-1957,554.71
10-05-1957,558.36
13-05-1957,559.39
14-05-1957,550.03
15-05-1957,542.09
16-05-1957,539.76
17-05-1957,534.38
20-05-1957,520.33
21-05-1957,537.26
22-05-1957,532.91
23-05-1957,534.29
24-05-1957,535.45
27-05-1957,527.41
28-05-1957,523.76
29-05-1957,514.34
30-05-1957,512.63
31-05-1957,520.44
03-06-1957,517.19
04-06-1957,517.01
05-06-1957,518.73
06-06-1957,518.85
07-06-1957,518.9
10-06-1957,520.07
11-06-1957,523.28
12-06-1957,524.46
13-06-1957,529.88
14-06-1957,531.68
17-06-1957,530.3
18-06-1957,530.4
19-06-1957,530.69
20-06-1957,531.7
21-06-1957,530.12
24-06-1957,527.76
25-06-1957,525.64
26-06-1957,521.15
27-06-1957,520.83
28-06-1957,522.68
01-07-1957,515.86
02-07-1957,511.81
03-07-1957,505.56
04-07-1957,503.81
05-07-1957,503.96
08-07-1957,507.71
09-07-1957,508.95
10-07-1957,514.75
11-07-1957,515.01
12-07-1957,510.44
15-07-1957,499.13
16-07-1957,495.82
17-07-1957,493.7
18-07-1957,491.2
19-07-1957,489.95
22-07-1957,487.09
23-07-1957,484.92
24-07-1957,478.28
25-07-1957,472.43
26-07-1957,472.7
29-07-1957,477.85
30-07-1957,486.98
31-07-1957,486.16
01-08-1957,488.57
02-08-1957,498.7
05-08-1957,495.7
06-08-1957,497.94
07-08-1957,500.16
08-08-1957,499.33
09-08-1957,504.83
12-08-1957,503.71
13-08-1957,502.64
14-08-1957,506.56
15-08-1957,512.86
16-08-1957,512.16
19-08-1957,513.86
20-08-1957,517.05
21-08-1957,522.67
22-08-1957,520.03
23-08-1957,518.79
26-08-1957,522.65
27-08-1957,528.34
28-08-1957,528.82
29-08-1957,530.54
30-08-1957,529.49
02-09-1957,526.52
03-09-1957,528.35
04-09-1957,533.05
05-09-1957,537.2
06-09-1957,537.85
09-09-1957,538.44
10-09-1957,538.87
11-09-1957,539.57
12-09-1957,535.91
13-09-1957,532.78
16-09-1957,529.1
17-09-1957,532.54
18-09-1957,532.13
19-09-1957,529.84
20-09-1957,531.17
24-09-1957,532.22
25-09-1957,529.21
26-09-1957,523.13
27-09-1957,527.12
30-09-1957,529.35
01-10-1957,534.39
02-10-1957,533.99
03-10-1957,539.59
04-10-1957,537.98
07-10-1957,530.07
08-10-1957,529.97
09-10-1957,516.98
10-10-1957,517.34
11-10-1957,508.82
14-10-1957,506.03
15-10-1957,518.28
16-10-1957,517.78
17-10-1957,517.58
18-10-1957,516.46
21-10-1957,511.28
22-10-1957,508.81
23-10-1957,507.86
24-10-1957,509.18
25-10-1957,508.58
28-10-1957,510.38
29-10-1957,510.03
30-10-1957,509.77
31-10-1957,510.81
01-11-1957,515.4
04-11-1957,513.46
05-11-1957,511.79
06-11-1957,511.82
07-11-1957,512.53
08-11-1957,511.13
11-11-1957,507.7
12-11-1957,507.58
13-11-1957,503.18
14-11-1957,499.43
15-11-1957,504.82
18-11-1957,501.49
19-11-1957,497.2
20-11-1957,497.62
21-11-1957,499.01
22-11-1957,501.02
25-11-1957,500.87
26-11-1957,499.27
27-11-1957,494.03
28-11-1957,491.72
29-11-1957,489.7
02-12-1957,494.01
03-12-1957,494.88
04-12-1957,493.35
05-12-1957,492.38
06-12-1957,493.91
09-12-1957,498.2
10-12-1957,497.57
11-12-1957,498.79
12-12-1957,503.03
13-12-1957,502.25
16-12-1957,500.13
17-12-1957,492.97
18-12-1957,491.61
19-12-1957,486.77
20-12-1957,484.21
23-12-1957,485.25
24-12-1957,484.04
25-12-1957,481.78
26-12-1957,472.58
27-12-1957,471.53
06-01-1958,481.61
07-01-1958,492.2
08-01-1958,495.05
09-01-1958,500.36
10-01-1958,503.35
13-01-1958,511.37
14-01-1958,513.49
16-01-1958,513.03
17-01-1958,511.53
20-01-1958,504.76
21-01-1958,503.16
22-01-1958,504.07
23-01-1958,505.64
24-01-1958,507.71
27-01-1958,512.27
28-01-1958,514.29
29-01-1958,518.56
30-01-1958,524.25
31-01-1958,522.7
03-02-1958,530.15
04-02-1958,524.58
05-02-1958,531.33
06-02-1958,530.75
07-02-1958,525.79
10-02-1958,525.13
11-02-1958,527.68
12-02-1958,526.91
13-02-1958,528.84
14-02-1958,530.73
17-02-1958,533.85
18-02-1958,531.96
19-02-1958,529.83
20-02-1958,525.45
21-02-1958,526.44
24-02-1958,528.58
25-02-1958,530.38
26-02-1958,532.8
27-02-1958,528.47
28-02-1958,528.16
03-03-1958,526.07
04-03-1958,523.3
05-03-1958,525.54
06-03-1958,529.53
07-03-1958,531.19
10-03-1958,536.46
11-03-1958,537.85
12-03-1958,536.73
13-03-1958,539.31
14-03-1958,534.29
17-03-1958,532.07
18-03-1958,528.88
19-03-1958,525.48
20-03-1958,522.22
24-03-1958,524.51
25-03-1958,523.55
26-03-1958,524.09
27-03-1958,516.64
28-03-1958,522.49
31-03-1958,529.98
01-04-1958,529.73
02-04-1958,531.32
03-04-1958,533.85
04-04-1958,542.76
07-04-1958,546.43
08-04-1958,544.12
09-04-1958,543.15
10-04-1958,541.72
11-04-1958,539.29
14-04-1958,539.58
15-04-1958,538.13
16-04-1958,539.22
17-04-1958,541.86
18-04-1958,547.2
21-04-1958,553.1
22-04-1958,556.47
23-04-1958,555.84
24-04-1958,557.1
25-04-1958,557.62
28-04-1958,558.31
30-04-1958,556.57
01-05-1958,561.05
02-05-1958,563.63
06-05-1958,556.73
07-05-1958,560.71
08-05-1958,564.39
09-05-1958,565.95
12-05-1958,563.14
13-05-1958,564.4
14-05-1958,564.02
15-05-1958,558.97
16-05-1958,555.27
19-05-1958,557.61
20-05-1958,558.95
21-05-1958,559.44
22-05-1958,562.26
23-05-1958,560.93
26-05-1958,556.11
27-05-1958,556.64
28-05-1958,555.91
29-05-1958,556.08
30-05-1958,559.97
02-06-1958,565.14
03-06-1958,566.39
04-06-1958,565.24
05-06-1958,569.31
06-06-1958,567.75
09-06-1958,566.96
10-06-1958,565.5
11-06-1958,567.1
12-06-1958,569.2
13-06-1958,571.98
16-06-1958,573.72
17-06-1958,574.71
18-06-1958,579.13
19-06-1958,584.59
20-06-1958,581.1
23-06-1958,583.96
24-06-1958,580.36
25-06-1958,578.99
26-06-1958,578.29
27-06-1958,582.36
30-06-1958,584.42
01-07-1958,586.56
02-07-1958,584.18
03-07-1958,578.27
04-07-1958,566.59
07-07-1958,579.24
08-07-1958,574.62
09-07-1958,568.63
10-07-1958,566.27
11-07-1958,569.34
14-07-1958,566.19
15-07-1958,564.15
16-07-1958,574.43
17-07-1958,571.71
18-07-1958,572.69
21-07-1958,571.4
22-07-1958,570.52
23-07-1958,568.91
24-07-1958,566.71
25-07-1958,563.53
28-07-1958,564.04
29-07-1958,570.18
30-07-1958,570.53
31-07-1958,571.6
01-08-1958,573.71
04-08-1958,575.77
05-08-1958,572.72
06-08-1958,575.27
07-08-1958,574.1
08-08-1958,579.93
11-08-1958,581.34
12-08-1958,582.98
13-08-1958,581.59
14-08-1958,585.49
15-08-1958,587.02
18-08-1958,586.8
19-08-1958,591.83
20-08-1958,594.75
21-08-1958,593.01
22-08-1958,589.58
25-08-1958,593.76
26-08-1958,592.64
27-08-1958,590.71
28-08-1958,589.72
29-08-1958,590.43
01-09-1958,588.06
02-09-1958,585.76
03-09-1958,590.1
04-09-1958,593.39
05-09-1958,593.7
08-09-1958,592.92
09-09-1958,592.3
10-09-1958,592.19
11-09-1958,589.06
12-09-1958,590.85
15-09-1958,590.79
16-09-1958,590.81
17-09-1958,584.07
18-09-1958,588.54
19-09-1958,590.46
22-09-1958,588.36
24-09-1958,581.75
25-09-1958,585.21
26-09-1958,577.92
29-09-1958,584.4
30-09-1958,586.2
01-10-1958,588.63
02-10-1958,592.04
03-10-1958,594.81
06-10-1958,600.13
07-10-1958,603.68
08-10-1958,601.99
09-10-1958,605.12
10-10-1958,604.57
13-10-1958,605.14
14-10-1958,609.49
15-10-1958,607.84
16-10-1958,607.41
17-10-1958,609.94
20-10-1958,609.26
21-10-1958,608.15
22-10-1958,605.75
23-10-1958,608.83
24-10-1958,606.95
27-10-1958,601.29
28-10-1958,601.64
29-10-1958,607.99
30-10-1958,605.7
31-10-1958,607.72
04-11-1958,614.82
05-11-1958,616.75
06-11-1958,624.06
07-11-1958,621.63
10-11-1958,620.38
11-11-1958,614.01
12-11-1958,618.84
13-11-1958,622.33
14-11-1958,619.01
17-11-1958,616.52
18-11-1958,619.52
19-11-1958,624.43
20-11-1958,625.41
21-11-1958,626.69
24-11-1958,632.8
25-11-1958,628.65
26-11-1958,625.92
27-11-1958,622.22
28-11-1958,623.99
01-12-1958,629.77
02-12-1958,632.97
03-12-1958,636.4
04-12-1958,638.69
05-12-1958,637.42
08-12-1958,640.51
09-12-1958,643.13
10-12-1958,646.54
11-12-1958,649.21
12-12-1958,650.78
15-12-1958,648.61
16-12-1958,654.41
17-12-1958,654.44
18-12-1958,653.73
19-12-1958,650.82
22-12-1958,655.72
23-12-1958,655.92
24-12-1958,656.78
25-12-1958,661.69
26-12-1958,664.48
05-01-1959,671.28
06-01-1959,675.27
07-01-1959,671.71
08-01-1959,670.59
09-01-1959,664.69
12-01-1959,670.45
13-01-1959,668.63
14-01-1959,671.14
16-01-1959,668.88
19-01-1959,674.72
20-01-1959,676.42
21-01-1959,677.66
22-01-1959,680.32
23-01-1959,682.32
26-01-1959,681.25
27-01-1959,679.65
28-01-1959,680.66
29-01-1959,684.19
30-01-1959,689.53
02-02-1959,692.2
03-02-1959,693.6
04-02-1959,692.17
05-02-1959,694.78
06-02-1959,689.97
09-02-1959,699.42
10-02-1959,699.73
11-02-1959,704.3
12-02-1959,703.04
13-02-1959,696.96
16-02-1959,696.32
17-02-1959,699.77
18-02-1959,705.48
19-02-1959,707.03
20-02-1959,711.1
23-02-1959,717.82
24-02-1959,714.9
25-02-1959,716.12
26-02-1959,716.47
27-02-1959,716.19
02-03-1959,727.81
03-03-1959,721.15
04-03-1959,727.84
05-03-1959,724.76
06-03-1959,727.81
09-03-1959,736.07
10-03-1959,736.76
11-03-1959,734.63
12-03-1959,739.05
13-03-1959,744.59
16-03-1959,742.33
17-03-1959,743.86
18-03-1959,745.76
19-03-1959,747.46
20-03-1959,749.43
23-03-1959,750.63
24-03-1959,751.64
25-03-1959,751.01
26-03-1959,749.88
27-03-1959,747.78
30-03-1959,759.42
31-03-1959,764.85
01-04-1959,763.6
02-04-1959,766.82
03-04-1959,767.78
06-04-1959,769.06
07-04-1959,773.39
08-04-1959,768.94
09-04-1959,759.75
13-04-1959,764.5
14-04-1959,763.35
15-04-1959,761.46
16-04-1959,751.5
17-04-1959,754.41
20-04-1959,746.15
21-04-1959,738.65
22-04-1959,739.42
23-04-1959,737.56
24-04-1959,744.15
27-04-1959,738.82
28-04-1959,740.37
30-04-1959,745.68
01-05-1959,749.94
04-05-1959,757.46
06-05-1959,757.45
07-05-1959,762.97
08-05-1959,762.9
11-05-1959,768.75
12-05-1959,771.79
13-05-1959,778.54
14-05-1959,781.94
15-05-1959,783.62
18-05-1959,773.34
19-05-1959,781.53
20-05-1959,780.4
21-05-1959,782.43
22-05-1959,780.06
25-05-1959,783.8
26-05-1959,786.17
27-05-1959,793.57
28-05-1959,799.3
29-05-1959,796.19
01-06-1959,802.13
02-06-1959,808.3
03-06-1959,808.61
04-06-1959,806.53
05-06-1959,809.77
08-06-1959,806.64
09-06-1959,814.84
10-06-1959,813.16
11-06-1959,821.38
12-06-1959,812.31
15-06-1959,808.78
16-06-1959,815.78
17-06-1959,785.01
18-06-1959,805.79
19-06-1959,806.41
22-06-1959,814.23
23-06-1959,806.34
24-06-1959,803.02
25-06-1959,795.86
26-06-1959,795.19
29-06-1959,804.95
30-06-1959,810.07
01-07-1959,811.43
02-07-1959,817.83
03-07-1959,821.05
06-07-1959,823.93
07-07-1959,822.69
08-07-1959,818.75
09-07-1959,815.24
10-07-1959,815.56
13-07-1959,823.66
14-07-1959,824.81
15-07-1959,830.97
16-07-1959,830.81
17-07-1959,839.42
20-07-1959,841.63
21-07-1959,845.17
22-07-1959,846.16
23-07-1959,844.35
24-07-1959,841.69
27-07-1959,843.44
28-07-1959,845.07
29-07-1959,842.01
30-07-1959,848.03
31-07-1959,854.91
03-08-1959,858.19
04-08-1959,856.4
05-08-1959,852.09
06-08-1959,857.05
07-08-1959,860.44
10-08-1959,848.52
11-08-1959,845.95
12-08-1959,847.9
13-08-1959,855.37
14-08-1959,862.08
17-08-1959,859.64
18-08-1959,857.2
19-08-1959,862.95
20-08-1959,864.66
21-08-1959,868.04
24-08-1959,871.18
25-08-1959,875.46
26-08-1959,870.41
27-08-1959,876.65
28-08-1959,881.43
31-08-1959,881.53
01-09-1959,891.45
02-09-1959,894.23
03-09-1959,897.59
04-09-1959,894.95
07-09-1959,890.56
08-09-1959,894.14
09-09-1959,895.18
10-09-1959,895.98
11-09-1959,894.08
14-09-1959,892.85
15-09-1959,896.05
16-09-1959,896.62
17-09-1959,897.49
18-09-1959,893.85
21-09-1959,881.9
22-09-1959,885.27
23-09-1959,890.23
25-09-1959,891.8
28-09-1959,897.53
29-09-1959,896.54
30-09-1959,902.48
01-10-1959,902.2
02-10-1959,904.24
05-10-1959,896.74
06-10-1959,905.97
07-10-1959,911.66
08-10-1959,917.86
09-10-1959,925.1
12-10-1959,934.34
13-10-1959,933.49
14-10-1959,937.78
15-10-1959,945.22
16-10-1959,945.93
19-10-1959,945.31
20-10-1959,949.95
21-10-1959,948.47
22-10-1959,946.75
23-10-1959,949.56
26-10-1959,953.89
27-10-1959,953.86
28-10-1959,939.62
29-10-1959,950.11
30-10-1959,954.94
02-11-1959,953.14
04-11-1959,955.95
05-11-1959,949.71
06-11-1959,945.67
09-11-1959,934.46
10-11-1959,920.39
11-11-1959,930.5
12-11-1959,935.29
13-11-1959,941.68
16-11-1959,950.85
17-11-1959,953.15
18-11-1959,948.35
19-11-1959,949.96
20-11-1959,947.81
24-11-1959,950.1
25-11-1959,951.79
26-11-1959,958.26
27-11-1959,966.11
30-11-1959,976.93
01-12-1959,973.65
02-12-1959,958.99
03-12-1959,970.42
04-12-1959,971.05
07-12-1959,956.92
08-12-1959,957.62
09-12-1959,945.53
10-12-1959,941.79
11-12-1959,935.75
14-12-1959,938.78
15-12-1959,936.11
16-12-1959,918.67
17-12-1959,904.72
18-12-1959,908.67
21-12-1959,854.45
22-12-1959,879.84
23-12-1959,892.84
24-12-1959,887.9
25-12-1959,896.58
28-12-1959,874.88
04-01-1960,869.34
05-01-1960,876.21
06-01-1960,892.41
07-01-1960,905.59
08-01-1960,912.29
11-01-1960,918.63
12-01-1960,914.83
13-01-1960,923.73
14-01-1960,930.19
18-01-1960,946.74
19-01-1960,952.95
20-01-1960,955.61
21-01-1960,956.21
22-01-1960,955.05
25-01-1960,947.81
26-01-1960,951.26
27-01-1960,953.93
28-01-1960,962.55
29-01-1960,953.03
01-02-1960,962.7
02-02-1960,959.48
03-02-1960,958.98
04-02-1960,960.7
05-02-1960,964.56
08-02-1960,977.11
09-02-1960,983.29
10-02-1960,985.98
11-02-1960,990.89
12-02-1960,986.1
15-02-1960,987.56
16-02-1960,992.51
17-02-1960,988.12
18-02-1960,976.59
19-02-1960,991.8
22-02-1960,1004.33
23-02-1960,1001.22
24-02-1960,993.52
25-02-1960,998.11
26-02-1960,1007.04
29-02-1960,1015.06
01-03-1960,1025.02
02-03-1960,1029.46
03-03-1960,1032.3
04-03-1960,1025.6
07-03-1960,1025.06
08-03-1960,1032.07
09-03-1960,1025.06
10-03-1960,1008.16
11-03-1960,1010.04
14-03-1960,1006.06
15-03-1960,1007.09
16-03-1960,1009.42
17-03-1960,1023.18
18-03-1960,1021.33
21-03-1960,1024.06
22-03-1960,1033.06
23-03-1960,1033.3
24-03-1960,1039.52
25-03-1960,1040.93
28-03-1960,1039.58
29-03-1960,1047.28
30-03-1960,1060.47
31-03-1960,1059.49
01-04-1960,1062.25
04-04-1960,1074.41
05-04-1960,1069.28
06-04-1960,1075.39
07-04-1960,1069.61
08-04-1960,1074.24
11-04-1960,1071.99
12-04-1960,1071.47
13-04-1960,1052.23
14-04-1960,1066.82
15-04-1960,1059.06
18-04-1960,1078.45
19-04-1960,1089.04
20-04-1960,1087.89
21-04-1960,1094.73
22-04-1960,1090.28
25-04-1960,1087.57
26-04-1960,1089.36
27-04-1960,1092.12
28-04-1960,1092.04
02-05-1960,1101.95
04-05-1960,1102.13
06-05-1960,1099.43
09-05-1960,1101.17
10-05-1960,1075.93
11-05-1960,1095.65
12-05-1960,1088.68
13-05-1960,1069.27
16-05-1960,1067.1
17-05-1960,1030.36
18-05-1960,1035.96
19-05-1960,1055.5
20-05-1960,1048.96
23-05-1960,1015.33
24-05-1960,1022.43
25-05-1960,1028.29
26-05-1960,1018.93
27-05-1960,1002.88
30-05-1960,1001.1
31-05-1960,988.47
01-06-1960,971.93
02-06-1960,967.22
03-06-1960,1006.48
06-06-1960,1032.44
07-06-1960,1043.98
08-06-1960,1060.22
09-06-1960,1053.1
10-06-1960,1051.01
13-06-1960,1054.2
14-06-1960,1060.43
15-06-1960,1056.72
16-06-1960,1020.02
17-06-1960,1010.17
20-06-1960,1022.43
21-06-1960,1030.52
22-06-1960,1052.06
23-06-1960,1055.2
24-06-1960,1058
27-06-1960,1058.52
28-06-1960,1065.57
29-06-1960,1080.48
30-06-1960,1089.63
01-07-1960,1092.16
04-07-1960,1093.98
05-07-1960,1098.17
06-07-1960,1103.82
07-07-1960,1097.15
08-07-1960,1099.25
11-07-1960,1102.41
12-07-1960,1113.75
13-07-1960,1101.42
14-07-1960,1101.71
15-07-1960,1107.41
18-07-1960,1121.1
19-07-1960,1115.65
20-07-1960,1108.25
21-07-1960,1111.55
22-07-1960,1111.01
25-07-1960,1091.56
26-07-1960,1091.08
27-07-1960,1093.96
28-07-1960,1098.33
29-07-1960,1093.37
01-08-1960,1097.29
02-08-1960,1100.97
03-08-1960,1108.89
04-08-1960,1114.39
05-08-1960,1121.68
08-08-1960,1120.12
09-08-1960,1124.99
10-08-1960,1123.95
11-08-1960,1124.5
12-08-1960,1129.16
15-08-1960,1138.44
16-08-1960,1138.17
17-08-1960,1142.93
18-08-1960,1144.94
19-08-1960,1142.9
22-08-1960,1139.72
23-08-1960,1142.31
24-08-1960,1150.55
25-08-1960,1149.7
26-08-1960,1154.78
29-08-1960,1167.08
30-08-1960,1166.56
31-08-1960,1175.75
01-09-1960,1178.43
02-09-1960,1184.75
05-09-1960,1173.67
06-09-1960,1182.7
07-09-1960,1178.67
08-09-1960,1182.94
09-09-1960,1189.72
12-09-1960,1192.02
13-09-1960,1193.4
14-09-1960,1192.67
15-09-1960,1196.54
16-09-1960,1198.92
19-09-1960,1202.85
20-09-1960,1200.37
21-09-1960,1208.08
22-09-1960,1215.33
26-09-1960,1209.49
27-09-1960,1211.7
28-09-1960,1213.23
29-09-1960,1219.84
30-09-1960,1226.47
03-10-1960,1229.38
04-10-1960,1229.72
05-10-1960,1234.95
06-10-1960,1225.75
07-10-1960,1221.14
10-10-1960,1227.69
11-10-1960,1241.58
12-10-1960,1242.6
13-10-1960,1239.98
14-10-1960,1251.71
17-10-1960,1254.3
18-10-1960,1247.15
19-10-1960,1258.25
20-10-1960,1253.46
21-10-1960,1258.82
24-10-1960,1258.57
25-10-1960,1245.29
26-10-1960,1253.6
27-10-1960,1258.17
28-10-1960,1253.43
31-10-1960,1250.06
01-11-1960,1262.05
02-11-1960,1272.14
04-11-1960,1284.63
07-11-1960,1294.57
08-11-1960,1299.44
09-11-1960,1301.17
10-11-1960,1307.84
11-11-1960,1309.93
14-11-1960,1321.44
15-11-1960,1319.99
16-11-1960,1314.14
17-11-1960,1318.8
18-11-1960,1282.15
21-11-1960,1267.92
22-11-1960,1292.97
24-11-1960,1305.47
25-11-1960,1300.66
28-11-1960,1268.49
29-11-1960,1278.09
30-11-1960,1287.17
01-12-1960,1309.65
02-12-1960,1314.82
05-12-1960,1317.7
06-12-1960,1294.39
07-12-1960,1307.49
08-12-1960,1305.13
09-12-1960,1307.45
12-12-1960,1292.45
13-12-1960,1277.17
14-12-1960,1297.48
15-12-1960,1294.88
16-12-1960,1301.79
19-12-1960,1288.46
20-12-1960,1287.89
21-12-1960,1289.96
22-12-1960,1301.82
23-12-1960,1308.06
26-12-1960,1332.63
27-12-1960,1346.41
28-12-1960,1356.71
04-01-1961,1366.74
05-01-1961,1376.13
06-01-1961,1380.74
09-01-1961,1383.63
10-01-1961,1394.34
11-01-1961,1403.06
12-01-1961,1383.78
13-01-1961,1407.08
16-01-1961,1437.91
17-01-1961,1444.9
18-01-1961,1440.92
19-01-1961,1449.31
20-01-1961,1464.94
23-01-1961,1474.63
24-01-1961,1468.16
25-01-1961,1478.25
26-01-1961,1482.99
27-01-1961,1486.52
30-01-1961,1501.5
31-01-1961,1493.85
01-02-1961,1514.8
02-02-1961,1517.86
03-02-1961,1526.14
06-02-1961,1552.17
07-02-1961,1544.04
08-02-1961,1543.6
09-02-1961,1557.01
10-02-1961,1553.17
13-02-1961,1569.56
14-02-1961,1581.64
15-02-1961,1587.67
16-02-1961,1575.23
17-02-1961,1567.16
20-02-1961,1580.4
21-02-1961,1565.49
22-02-1961,1562.66
23-02-1961,1575.6
24-02-1961,1573.81
27-02-1961,1545.13
28-02-1961,1524.53
01-03-1961,1536.83
02-03-1961,1543.53
03-03-1961,1551.87
06-03-1961,1544.04
07-03-1961,1538.7
08-03-1961,1516.9
09-03-1961,1485.98
10-03-1961,1511.19
13-03-1961,1511.46
14-03-1961,1491.89
15-03-1961,1493.13
16-03-1961,1481.38
17-03-1961,1488.42
20-03-1961,1487.49
22-03-1961,1480.79
23-03-1961,1500.34
24-03-1961,1526.28
27-03-1961,1537.16
28-03-1961,1564.63
29-03-1961,1577.22
30-03-1961,1583.38
31-03-1961,1587.1
03-04-1961,1599.66
04-04-1961,1591.28
05-04-1961,1589.93
06-04-1961,1588.7
07-04-1961,1603.64
10-04-1961,1619.59
11-04-1961,1631.91
12-04-1961,1630.67
13-04-1961,1635.61
14-04-1961,1648.84
17-04-1961,1664.14
18-04-1961,1664.35
19-04-1961,1673.99
20-04-1961,1664.94
21-04-1961,1652.3
24-04-1961,1665.78
25-04-1961,1650.87
26-04-1961,1658.48
27-04-1961,1646.86
28-04-1961,1645.55
01-05-1961,1646.95
02-05-1961,1637.44
04-05-1961,1663.05
08-05-1961,1675.33
09-05-1961,1684.97
10-05-1961,1692.45
11-05-1961,1685.86
12-05-1961,1687.82
15-05-1961,1696.71
16-05-1961,1700.72
17-05-1961,1703.36
18-05-1961,1689.41
19-05-1961,1662.39
22-05-1961,1650.77
23-05-1961,1676.53
24-05-1961,1654.53
25-05-1961,1661.16
26-05-1961,1670.22
29-05-1961,1682.4
30-05-1961,1675.15
31-05-1961,1679.33
01-06-1961,1648.86
02-06-1961,1635.34
05-06-1961,1635.12
06-06-1961,1603.55
07-06-1961,1579.73
08-06-1961,1620.66
09-06-1961,1625.04
12-06-1961,1616.75
13-06-1961,1620.96
14-06-1961,1618.51
15-06-1961,1649.25
16-06-1961,1639.66
19-06-1961,1663.15
20-06-1961,1670.68
21-06-1961,1677.41
22-06-1961,1687.29
23-06-1961,1697.24
26-06-1961,1715.16
27-06-1961,1727.16
28-06-1961,1734.82
29-06-1961,1726.91
30-06-1961,1737.05
03-07-1961,1760.72
04-07-1961,1767.01
05-07-1961,1777.66
06-07-1961,1781.61
07-07-1961,1781.61
10-07-1961,1795.31
11-07-1961,1793.45
12-07-1961,1806.47
13-07-1961,1810.97
14-07-1961,1822.02
17-07-1961,1811.95
18-07-1961,1829.74
19-07-1961,1804.06
20-07-1961,1818.15
21-07-1961,1772.43
24-07-1961,1793.19
25-07-1961,1785.36
26-07-1961,1773.71
27-07-1961,1761.17
28-07-1961,1768.24
31-07-1961,1745.26
01-08-1961,1752.79
02-08-1961,1763.89
03-08-1961,1729.85
04-08-1961,1720.47
07-08-1961,1691.82
08-08-1961,1702.23
09-08-1961,1673.18
10-08-1961,1660.04
11-08-1961,1712.85
14-08-1961,1727.8
15-08-1961,1739.19
16-08-1961,1739.34
17-08-1961,1735.07
18-08-1961,1721.01
21-08-1961,1721.56
22-08-1961,1707.51
23-08-1961,1684.98
24-08-1961,1679.41
25-08-1961,1689.02
28-08-1961,1663.92
29-08-1961,1642.68
30-08-1961,1615.37
31-08-1961,1602.37
01-09-1961,1615.49
04-09-1961,1614.94
05-09-1961,1588.52
06-09-1961,1544.58
07-09-1961,1573.89
08-09-1961,1605.47
11-09-1961,1585.93
12-09-1961,1573.25
13-09-1961,1546.24
14-09-1961,1509.68
15-09-1961,1515.98
18-09-1961,1482.02
19-09-1961,1507.78
20-09-1961,1509.03
21-09-1961,1495.59
22-09-1961,1489.74
25-09-1961,1488.47
26-09-1961,1506.95
27-09-1961,1499.69
28-09-1961,1525.06
29-09-1961,1524.73
02-10-1961,1486.52
03-10-1961,1465.08
04-10-1961,1420.31
05-10-1961,1420.85
06-10-1961,1395.31
09-10-1961,1345.4
10-10-1961,1373.7
11-10-1961,1398.88
12-10-1961,1386.04
13-10-1961,1402.64
16-10-1961,1409.79
17-10-1961,1381.66
18-10-1961,1356.12
19-10-1961,1315.55
20-10-1961,1325.46
23-10-1961,1299.76
24-10-1961,1308.99
25-10-1961,1348.38
26-10-1961,1349.48
27-10-1961,1333.99
30-10-1961,1322.11
31-10-1961,1329.51
01-11-1961,1360.15
02-11-1961,1367.56
06-11-1961,1388.3
07-11-1961,1413.5
08-11-1961,1428.83
09-11-1961,1417.63
10-11-1961,1426.95
13-11-1961,1398.75
14-11-1961,1399.32
15-11-1961,1388.88
16-11-1961,1397.86
17-11-1961,1391.08
20-11-1961,1376.8
21-11-1961,1373.51
22-11-1961,1376.18
24-11-1961,1367.47
27-11-1961,1342.45
28-11-1961,1327.33
29-11-1961,1303.15
30-11-1961,1325.78
01-12-1961,1333.96
04-12-1961,1327.35
05-12-1961,1332.91
06-12-1961,1317.72
07-12-1961,1298.69
08-12-1961,1296.68
11-12-1961,1281.65
12-12-1961,1279.21
13-12-1961,1291.19
14-12-1961,1272.59
15-12-1961,1267.59
18-12-1961,1263.47
19-12-1961,1258
20-12-1961,1281.63
21-12-1961,1327.54
22-12-1961,1345.23
25-12-1961,1384.37
26-12-1961,1398.84
27-12-1961,1421.34
28-12-1961,1432.6
04-01-1962,1425.3
05-01-1962,1403.07
08-01-1962,1426.12
09-01-1962,1430.75
10-01-1962,1434.76
11-01-1962,1461.79
12-01-1962,1461.29
16-01-1962,1477.46
17-01-1962,1467.31
18-01-1962,1478.98
19-01-1962,1483.38
22-01-1962,1496.54
23-01-1962,1488.35
24-01-1962,1504.01
25-01-1962,1511.53
26-01-1962,1497.01
29-01-1962,1508.37
30-01-1962,1497.52
31-01-1962,1511.14
01-02-1962,1518.04
02-02-1962,1526.82
05-02-1962,1549.86
06-02-1962,1536.86
07-02-1962,1552.7
08-02-1962,1566.18
09-02-1962,1578.52
12-02-1962,1573.7
13-02-1962,1577.89
14-02-1962,1589.76
15-02-1962,1577.82
16-02-1962,1550.45
19-02-1962,1528.26
20-02-1962,1532.21
21-02-1962,1525.26
22-02-1962,1521.24
23-02-1962,1526.65
26-02-1962,1492.44
27-02-1962,1480.28
28-02-1962,1502.88
01-03-1962,1479.83
02-03-1962,1472.33
05-03-1962,1482.27
06-03-1962,1499.36
07-03-1962,1505.12
08-03-1962,1496.5
09-03-1962,1484.32
12-03-1962,1477.14
13-03-1962,1475.15
14-03-1962,1454.6
15-03-1962,1457.06
16-03-1962,1484.9
19-03-1962,1497.31
20-03-1962,1494.24
22-03-1962,1510.02
23-03-1962,1514.93
26-03-1962,1503.28
27-03-1962,1508.36
28-03-1962,1477.43
29-03-1962,1476.89
30-03-1962,1436.01
02-04-1962,1420.36
03-04-1962,1424.09
04-04-1962,1417.15
05-04-1962,1405.97
06-04-1962,1401.06
09-04-1962,1390.78
10-04-1962,1386.53
11-04-1962,1419.93
12-04-1962,1413.5
13-04-1962,1421.91
16-04-1962,1406.35
17-04-1962,1391.26
18-04-1962,1359.85
19-04-1962,1370.76
20-04-1962,1377.02
23-04-1962,1343.85
24-04-1962,1349.21
25-04-1962,1342.3
26-04-1962,1361.7
27-04-1962,1381.73
30-04-1962,1378.42
01-05-1962,1369.02
02-05-1962,1366.87
04-05-1962,1372.48
07-05-1962,1375.18
08-05-1962,1397.8
09-05-1962,1413.94
10-05-1962,1442.01
11-05-1962,1445.89
14-05-1962,1426.94
15-05-1962,1439.36
16-05-1962,1435.77
17-05-1962,1426.8
18-05-1962,1409.32
21-05-1962,1420.03
22-05-1962,1413.95
23-05-1962,1400.09
24-05-1962,1394.02
25-05-1962,1403
28-05-1962,1393.45
29-05-1962,1375.69
30-05-1962,1362.3
31-05-1962,1367.08
01-06-1962,1384.5
04-06-1962,1395.32
05-06-1962,1400.6
06-06-1962,1416.75
07-06-1962,1422
08-06-1962,1436.04
11-06-1962,1437.74
12-06-1962,1441.63
13-06-1962,1434.7
14-06-1962,1433.39
15-06-1962,1432.34
18-06-1962,1438.79
19-06-1962,1440.79
20-06-1962,1433.42
21-06-1962,1431.84
22-06-1962,1426.27
25-06-1962,1406.97
26-06-1962,1423.18
27-06-1962,1429.61
28-06-1962,1436.64
29-06-1962,1441.91
02-07-1962,1462.22
03-07-1962,1475.93
04-07-1962,1474.03
05-07-1962,1477.68
06-07-1962,1485.87
09-07-1962,1487.2
10-07-1962,1474.83
11-07-1962,1468
12-07-1962,1460.8
13-07-1962,1469.3
16-07-1962,1477.79
17-07-1962,1466.45
18-07-1962,1479.12
19-07-1962,1469.11
20-07-1962,1453.15
23-07-1962,1433.86
24-07-1962,1440.56
25-07-1962,1450.26
26-07-1962,1437.32
27-07-1962,1426.35
30-07-1962,1421.81
31-07-1962,1410.4
01-08-1962,1412.11
02-08-1962,1416.12
03-08-1962,1410.35
06-08-1962,1389.79
07-08-1962,1384.86
08-08-1962,1385.71
09-08-1962,1382.87
10-08-1962,1410.73
13-08-1962,1421.95
14-08-1962,1418.79
15-08-1962,1419.61
16-08-1962,1411.95
17-08-1962,1420.07
20-08-1962,1432.29
21-08-1962,1420.48
22-08-1962,1412.76
23-08-1962,1413.36
24-08-1962,1411.69
27-08-1962,1403.34
28-08-1962,1410.99
29-08-1962,1424.92
30-08-1962,1424.55
31-08-1962,1416.97
03-09-1962,1399.72
04-09-1962,1389.87
05-09-1962,1380.2
06-09-1962,1386.99
07-09-1962,1379.13
10-09-1962,1340.92
11-09-1962,1345.84
12-09-1962,1329.81
13-09-1962,1346.66
14-09-1962,1357.71
17-09-1962,1339.82
18-09-1962,1338.51
19-09-1962,1328.57
20-09-1962,1326.26
21-09-1962,1329.8
24-09-1962,1328.37
25-09-1962,1322.02
26-09-1962,1296.55
27-09-1962,1320.02
28-09-1962,1306.32
01-10-1962,1261.79
02-10-1962,1246.06
03-10-1962,1240.16
04-10-1962,1279.93
05-10-1962,1307.4
08-10-1962,1327.77
09-10-1962,1314
10-10-1962,1302.48
11-10-1962,1281.87
12-10-1962,1293.52
15-10-1962,1272.76
16-10-1962,1266.53
17-10-1962,1245.52
18-10-1962,1270.15
19-10-1962,1262.21
22-10-1962,1255.57
23-10-1962,1238.48
24-10-1962,1243.86
25-10-1962,1240.45
26-10-1962,1244.48
29-10-1962,1216.04
30-10-1962,1217.04
31-10-1962,1259.52
01-11-1962,1286.09
02-11-1962,1321.72
05-11-1962,1329.45
06-11-1962,1354.84
07-11-1962,1371.63
08-11-1962,1395.32
09-11-1962,1391.23
12-11-1962,1429.65
13-11-1962,1403.47
14-11-1962,1412.74
15-11-1962,1422.36
16-11-1962,1427.48
19-11-1962,1416.88
20-11-1962,1403.17
21-11-1962,1392.65
22-11-1962,1421.55
26-11-1962,1432.44
27-11-1962,1446.54
28-11-1962,1439.69
29-11-1962,1454.71
30-11-1962,1441.82
03-12-1962,1457.11
04-12-1962,1447.46
05-12-1962,1435.6
06-12-1962,1434.66
07-12-1962,1441.21
10-12-1962,1423.01
11-12-1962,1411.32
12-12-1962,1419.76
13-12-1962,1437.62
14-12-1962,1432.34
17-12-1962,1432.74
18-12-1962,1420.25
19-12-1962,1431.57
20-12-1962,1441.43
21-12-1962,1441.83
24-12-1962,1430.04
25-12-1962,1429.57
26-12-1962,1432.31
27-12-1962,1422.81
28-12-1962,1420.43
04-01-1963,1418.25
07-01-1963,1391.22
08-01-1963,1409.01
09-01-1963,1421.27
10-01-1963,1412.28
11-01-1963,1398.76
14-01-1963,1416.33
16-01-1963,1413.75
17-01-1963,1422.94
18-01-1963,1435.68
21-01-1963,1473.79
22-01-1963,1463.2
23-01-1963,1453.94
24-01-1963,1468.29
25-01-1963,1468.88
28-01-1963,1469.61
29-01-1963,1463.3
30-01-1963,1452.49
31-01-1963,1458.47
01-02-1963,1464.7
04-02-1963,1470.71
05-02-1963,1483.22
06-02-1963,1495.24
07-02-1963,1498.65
08-02-1963,1497.96
11-02-1963,1510.96
12-02-1963,1495.14
13-02-1963,1497.29
14-02-1963,1492.73
15-02-1963,1485.95
18-02-1963,1475.78
19-02-1963,1484.22
20-02-1963,1493.58
21-02-1963,1490.14
22-02-1963,1495.38
25-02-1963,1482.98
26-02-1963,1488.58
27-02-1963,1490.22
28-02-1963,1500.51
01-03-1963,1508.18
04-03-1963,1522.28
05-03-1963,1517.68
06-03-1963,1510.99
07-03-1963,1510.23
08-03-1963,1509.89
11-03-1963,1518.66
12-03-1963,1517.76
13-03-1963,1522.02
14-03-1963,1536.18
15-03-1963,1536.28
18-03-1963,1541.45
19-03-1963,1545.1
20-03-1963,1554.3
22-03-1963,1553.67
25-03-1963,1559.69
26-03-1963,1568.69
27-03-1963,1565.01
28-03-1963,1597.75
29-03-1963,1599.14
01-04-1963,1624.17
02-04-1963,1620.49
03-04-1963,1612.61
04-04-1963,1624.99
05-04-1963,1634.37
08-04-1963,1629.5
09-04-1963,1611.01
10-04-1963,1612.84
11-04-1963,1611.29
12-04-1963,1597.98
15-04-1963,1602.29
16-04-1963,1603.37
17-04-1963,1594.48
18-04-1963,1595.44
19-04-1963,1585.55
22-04-1963,1575.05
23-04-1963,1568.65
24-04-1963,1569.76
25-04-1963,1563.64
26-04-1963,1588.45
30-04-1963,1592.57
01-05-1963,1592.99
02-05-1963,1599.04
06-05-1963,1594.92
07-05-1963,1598.8
08-05-1963,1590.61
09-05-1963,1596.26
10-05-1963,1608.16
13-05-1963,1598.17
14-05-1963,1592.51
15-05-1963,1572.84
16-05-1963,1572.45
17-05-1963,1558.28
20-05-1963,1550.05
21-05-1963,1547.06
22-05-1963,1533.65
23-05-1963,1527.74
24-05-1963,1544.1
27-05-1963,1556.11
28-05-1963,1555.54
29-05-1963,1546.09
30-05-1963,1549.31
31-05-1963,1554.75
03-06-1963,1550.78
04-06-1963,1528.52
05-06-1963,1537.69
06-06-1963,1545.38
07-06-1963,1553.41
10-06-1963,1558.06
11-06-1963,1554.74
12-06-1963,1559.02
13-06-1963,1565.59
14-06-1963,1570.17
17-06-1963,1549.25
18-06-1963,1558.88
19-06-1963,1548.28
20-06-1963,1549.06
21-06-1963,1534.87
24-06-1963,1532.69
25-06-1963,1551.16
26-06-1963,1555.98
27-06-1963,1562.96
28-06-1963,1552.43
01-07-1963,1596.55
02-07-1963,1598.69
03-07-1963,1585.75
04-07-1963,1589.22
05-07-1963,1589.82
08-07-1963,1588.2
09-07-1963,1570.54
10-07-1963,1571
11-07-1963,1555.52
12-07-1963,1531.19
15-07-1963,1514.33
16-07-1963,1490.73
17-07-1963,1522.44
18-07-1963,1514.31
19-07-1963,1449.9
22-07-1963,1429.21
23-07-1963,1411.68
24-07-1963,1450.03
25-07-1963,1425.84
26-07-1963,1415.09
29-07-1963,1352.73
30-07-1963,1398.96
31-07-1963,1386.98
01-08-1963,1370.76
02-08-1963,1379.94
05-08-1963,1391.67
06-08-1963,1379.61
07-08-1963,1367.35
08-08-1963,1361.97
09-08-1963,1374.5
12-08-1963,1402.81
13-08-1963,1413.67
14-08-1963,1413.05
15-08-1963,1406.71
16-08-1963,1386.64
19-08-1963,1371.38
20-08-1963,1346.5
21-08-1963,1330.52
22-08-1963,1330.57
23-08-1963,1324.96
26-08-1963,1314.01
27-08-1963,1339.39
28-08-1963,1337.57
29-08-1963,1359.14
30-08-1963,1350.65
02-09-1963,1344.36
03-09-1963,1337.23
04-09-1963,1320.39
05-09-1963,1320.67
06-09-1963,1305.71
09-09-1963,1295.81
10-09-1963,1311.76
11-09-1963,1338.46
12-09-1963,1358.27
13-09-1963,1378.68
16-09-1963,1387.78
17-09-1963,1402.27
18-09-1963,1383.84
19-09-1963,1381.68
20-09-1963,1368.63
23-09-1963,1355.82
25-09-1963,1344.29
26-09-1963,1334.32
27-09-1963,1330.23
30-09-1963,1301.68
01-10-1963,1316.79
02-10-1963,1317.47
03-10-1963,1318.09
04-10-1963,1346.92
07-10-1963,1351.91
08-10-1963,1342.65
09-10-1963,1328.49
10-10-1963,1340.67
11-10-1963,1331.9
14-10-1963,1319.67
15-10-1963,1329.94
16-10-1963,1332.41
17-10-1963,1332.47
18-10-1963,1351.94
21-10-1963,1356.21
22-10-1963,1373.91
23-10-1963,1387.36
24-10-1963,1380.89
25-10-1963,1375.39
28-10-1963,1380
29-10-1963,1379.88
30-10-1963,1370.1
31-10-1963,1358.6
01-11-1963,1334.57
04-11-1963,1340.57
05-11-1963,1333.6
06-11-1963,1337.8
07-11-1963,1318.02
08-11-1963,1311.96
11-11-1963,1299.17
12-11-1963,1299.91
13-11-1963,1281.82
14-11-1963,1295.23
15-11-1963,1286.2
18-11-1963,1314.46
19-11-1963,1314.26
20-11-1963,1309.79
21-11-1963,1297.61
22-11-1963,1285.5
25-11-1963,1245.23
26-11-1963,1259.15
27-11-1963,1284.02
28-11-1963,1283.3
29-11-1963,1280.21
02-12-1963,1257.3
03-12-1963,1244.4
04-12-1963,1243.92
05-12-1963,1239.54
06-12-1963,1261.92
09-12-1963,1258.85
10-12-1963,1245.2
11-12-1963,1232.81
12-12-1963,1224.92
13-12-1963,1227.01
16-12-1963,1216.31
17-12-1963,1214.85
18-12-1963,1200.64
19-12-1963,1218.93
20-12-1963,1224.45
23-12-1963,1216.21
24-12-1963,1224.1
25-12-1963,1230.85
26-12-1963,1243.94
27-12-1963,1233.7
06-01-1964,1205.48
07-01-1964,1205.77
08-01-1964,1215.59
09-01-1964,1212.11
10-01-1964,1210.38
13-01-1964,1259.08
14-01-1964,1269.2
16-01-1964,1278.65
17-01-1964,1293.26
20-01-1964,1316.78
21-01-1964,1326.8
22-01-1964,1333.79
23-01-1964,1321.24
24-01-1964,1319.33
27-01-1964,1324.32
28-01-1964,1326.64
29-01-1964,1338.18
30-01-1964,1323.53
31-01-1964,1326.96
03-02-1964,1305.1
04-02-1964,1300.69
05-02-1964,1293.94
06-02-1964,1290.87
07-02-1964,1290.08
10-02-1964,1285.66
11-02-1964,1306.25
12-02-1964,1293.33
13-02-1964,1286.8
14-02-1964,1287.59
17-02-1964,1280.33
18-02-1964,1273.86
19-02-1964,1270.76
20-02-1964,1284.74
21-02-1964,1274.15
24-02-1964,1264.2
25-02-1964,1264.75
26-02-1964,1269.5
27-02-1964,1268.45
28-02-1964,1260.57
02-03-1964,1253.9
03-03-1964,1278.56
04-03-1964,1267.16
05-03-1964,1266.27
06-03-1964,1274.96
09-03-1964,1263.49
10-03-1964,1253.5
11-03-1964,1238.65
12-03-1964,1237.73
13-03-1964,1224.91
16-03-1964,1221.01
17-03-1964,1217.67
18-03-1964,1204.63
19-03-1964,1218.44
23-03-1964,1214.44
24-03-1964,1213.44
25-03-1964,1228.52
26-03-1964,1241.55
27-03-1964,1225.92
30-03-1964,1214.66
31-03-1964,1222.17
01-04-1964,1233.92
02-04-1964,1235.95
03-04-1964,1219.57
06-04-1964,1210.82
07-04-1964,1208.47
08-04-1964,1209.89
09-04-1964,1203.21
10-04-1964,1207.54
13-04-1964,1216.9
14-04-1964,1216.48
15-04-1964,1225.14
16-04-1964,1235.46
17-04-1964,1225.74
20-04-1964,1221.86
21-04-1964,1225.22
22-04-1964,1217.25
23-04-1964,1217.73
24-04-1964,1213.68
27-04-1964,1217.07
28-04-1964,1222.62
30-04-1964,1232.24
01-05-1964,1238.38
04-05-1964,1245.64
06-05-1964,1244.4
07-05-1964,1256.97
08-05-1964,1265.77
11-05-1964,1268.47
12-05-1964,1274.46
13-05-1964,1272.49
14-05-1964,1282.27
15-05-1964,1297.75
18-05-1964,1303.72
19-05-1964,1315.58
20-05-1964,1308.04
21-05-1964,1319.72
22-05-1964,1318.25
25-05-1964,1317.71
26-05-1964,1315.55
27-05-1964,1315.43
28-05-1964,1322.26
29-05-1964,1311.68
01-06-1964,1319.34
02-06-1964,1303.92
03-06-1964,1308.77
04-06-1964,1303.79
05-06-1964,1300.89
08-06-1964,1298.54
09-06-1964,1318.37
10-06-1964,1322.93
11-06-1964,1332.4
12-06-1964,1331.21
15-06-1964,1344.94
16-06-1964,1331.46
17-06-1964,1333.22
18-06-1964,1320.99
19-06-1964,1319.74
22-06-1964,1315.8
23-06-1964,1323.24
24-06-1964,1324.52
25-06-1964,1325.6
26-06-1964,1328.25
29-06-1964,1348.47
30-06-1964,1359.31
01-07-1964,1352.97
02-07-1964,1364.05
03-07-1964,1369
06-07-1964,1362.78
07-07-1964,1352.38
08-07-1964,1350.04
09-07-1964,1339.33
10-07-1964,1338.22
13-07-1964,1331.4
14-07-1964,1339.26
15-07-1964,1332.01
16-07-1964,1343.99
17-07-1964,1342.86
20-07-1964,1325.43
21-07-1964,1315.95
22-07-1964,1310.49
23-07-1964,1310.65
24-07-1964,1315.99
27-07-1964,1326.19
28-07-1964,1325.37
29-07-1964,1314.01
30-07-1964,1306.72
31-07-1964,1309.21
03-08-1964,1303.76
04-08-1964,1296.72
05-08-1964,1294.89
06-08-1964,1294.43
07-08-1964,1298.03
10-08-1964,1304.94
11-08-1964,1300.29
12-08-1964,1292.16
13-08-1964,1287.4
14-08-1964,1275.49
17-08-1964,1284.59
18-08-1964,1288.33
19-08-1964,1281.75
20-08-1964,1288.7
21-08-1964,1294.63
24-08-1964,1280.23
25-08-1964,1287.54
26-08-1964,1281.2
27-08-1964,1273.98
28-08-1964,1262.19
31-08-1964,1276.11
01-09-1964,1293.92
02-09-1964,1299.96
03-09-1964,1292.5
04-09-1964,1285.54
07-09-1964,1286.26
08-09-1964,1278.03
09-09-1964,1269.66
10-09-1964,1256.55
11-09-1964,1261.91
14-09-1964,1259.94
15-09-1964,1247.3
16-09-1964,1239.03
17-09-1964,1263.22
18-09-1964,1259.33
21-09-1964,1247.6
22-09-1964,1240.25
24-09-1964,1240.48
25-09-1964,1234.68
28-09-1964,1210.34
29-09-1964,1211.22
30-09-1964,1217.23
01-10-1964,1223.64
02-10-1964,1216.19
05-10-1964,1206.5
06-10-1964,1208.68
07-10-1964,1203.14
08-10-1964,1218.33
09-10-1964,1231.07
12-10-1964,1222.41
13-10-1964,1218.99
14-10-1964,1219.34
15-10-1964,1215.2
16-10-1964,1213.3
19-10-1964,1210.22
20-10-1964,1212.3
21-10-1964,1209.76
22-10-1964,1207.74
23-10-1964,1208.58
26-10-1964,1207.81
27-10-1964,1210.54
28-10-1964,1204.68
29-10-1964,1207.77
30-10-1964,1209.4
02-11-1964,1207.62
04-11-1964,1205.07
05-11-1964,1208.54
06-11-1964,1204.67
09-11-1964,1202.69
10-11-1964,1202.89
11-11-1964,1204.27
12-11-1964,1214.12
13-11-1964,1216.33
16-11-1964,1217.53
17-11-1964,1224.55
18-11-1964,1221.68
19-11-1964,1221.77
20-11-1964,1221.16
24-11-1964,1208.57
25-11-1964,1206.76
26-11-1964,1208.11
27-11-1964,1211.47
30-11-1964,1209.31
01-12-1964,1209.09
02-12-1964,1208.06
03-12-1964,1207.12
04-12-1964,1206.03
07-12-1964,1206.93
08-12-1964,1210.5
09-12-1964,1212.37
10-12-1964,1214.87
11-12-1964,1216.97
14-12-1964,1219.81
15-12-1964,1214.49
16-12-1964,1215.58
17-12-1964,1216.87
18-12-1964,1217.1
21-12-1964,1218.21
22-12-1964,1234.65
23-12-1964,1227.96
24-12-1964,1229.43
25-12-1964,1214.73
28-12-1964,1216.55
04-01-1965,1227.11
05-01-1965,1257.72
06-01-1965,1263.99
07-01-1965,1274.27
08-01-1965,1286.43
11-01-1965,1289.98
12-01-1965,1288.54
13-01-1965,1281.67
14-01-1965,1289.5
18-01-1965,1271.68
19-01-1965,1270.34
20-01-1965,1268.88
21-01-1965,1270.46
22-01-1965,1261.83
25-01-1965,1249.72
26-01-1965,1248.05
27-01-1965,1258.21
28-01-1965,1247.2
29-01-1965,1242.27
01-02-1965,1242.83
02-02-1965,1238.75
03-02-1965,1248.03
04-02-1965,1261.6
05-02-1965,1263.59
08-02-1965,1258.93
09-02-1965,1251.68
10-02-1965,1248.61
11-02-1965,1260.73
12-02-1965,1257.94
15-02-1965,1249.5
16-02-1965,1247.01
17-02-1965,1239.08
18-02-1965,1241.41
19-02-1965,1237.35
22-02-1965,1224.82
23-02-1965,1223.59
24-02-1965,1219.1
25-02-1965,1216.71
26-02-1965,1213.07
01-03-1965,1206.48
02-03-1965,1202.54
03-03-1965,1207.82
04-03-1965,1213.03
05-03-1965,1209.64
08-03-1965,1190.98
09-03-1965,1178.43
10-03-1965,1173.34
11-03-1965,1164.63
12-03-1965,1175.86
15-03-1965,1188.49
16-03-1965,1181.22
17-03-1965,1175.3
18-03-1965,1182.69
19-03-1965,1175.88
22-03-1965,1170.28
23-03-1965,1167.79
24-03-1965,1157.05
25-03-1965,1157.07
26-03-1965,1162.77
29-03-1965,1118.79
30-03-1965,1139.3
31-03-1965,1132.77
01-04-1965,1127.58
02-04-1965,1128.57
05-04-1965,1124.45
06-04-1965,1154.39
07-04-1965,1159.98
08-04-1965,1183.12
09-04-1965,1180.57
12-04-1965,1163
13-04-1965,1149.41
14-04-1965,1142.23
15-04-1965,1151.73
16-04-1965,1148.21
19-04-1965,1136.13
20-04-1965,1131.17
21-04-1965,1119.86
22-04-1965,1144.55
23-04-1965,1133.3
26-04-1965,1144.22
27-04-1965,1150.08
28-04-1965,1171.06
30-04-1965,1176.64
04-05-1965,1173.48
06-05-1965,1163.51
07-05-1965,1162.63
10-05-1965,1162.5
11-05-1965,1163.87
12-05-1965,1157.17
13-05-1965,1159.86
14-05-1965,1150.47
17-05-1965,1149.03
18-05-1965,1147.25
19-05-1965,1140.79
20-05-1965,1141.23
21-05-1965,1142.69
24-05-1965,1133.63
25-05-1965,1124.83
26-05-1965,1117.66
27-05-1965,1101
28-05-1965,1081.51
31-05-1965,1096.62
01-06-1965,1092.85
02-06-1965,1119.26
03-06-1965,1131.32
04-06-1965,1120.53
07-06-1965,1114.52
08-06-1965,1109.42
09-06-1965,1101.35
10-06-1965,1090.38
11-06-1965,1093.14
14-06-1965,1080.29
15-06-1965,1069.07
16-06-1965,1062.68
17-06-1965,1055.6
18-06-1965,1080.21
21-06-1965,1075.6
22-06-1965,1104.03
23-06-1965,1091.17
24-06-1965,1090.56
25-06-1965,1096.56
28-06-1965,1072.41
29-06-1965,1067.72
30-06-1965,1060.11
01-07-1965,1064.59
02-07-1965,1065.89
05-07-1965,1049.07
06-07-1965,1046.98
07-07-1965,1037.52
08-07-1965,1038.45
09-07-1965,1032.95
12-07-1965,1020.49
13-07-1965,1026.77
14-07-1965,1033.14
15-07-1965,1024.68
16-07-1965,1037.97
19-07-1965,1037.52
20-07-1965,1045.38
21-07-1965,1045.69
22-07-1965,1036.07
23-07-1965,1027.85
26-07-1965,1034.34
27-07-1965,1052.06
28-07-1965,1066.19
29-07-1965,1085.41
30-07-1965,1097.2
02-08-1965,1120.59
03-08-1965,1111.69
04-08-1965,1135.31
05-08-1965,1153.71
06-08-1965,1145.87
09-08-1965,1150.57
10-08-1965,1133
11-08-1965,1122.09
12-08-1965,1130.33
13-08-1965,1146.66
16-08-1965,1158.35
17-08-1965,1151.77
18-08-1965,1157.02
19-08-1965,1168.62
20-08-1965,1165.81
23-08-1965,1170.92
24-08-1965,1183.34
25-08-1965,1198.91
26-08-1965,1198.38
27-08-1965,1214.95
30-08-1965,1245.49
31-08-1965,1255.58
01-09-1965,1249.72
02-09-1965,1240.07
03-09-1965,1256.22
06-09-1965,1235.78
07-09-1965,1239.98
08-09-1965,1260.02
09-09-1965,1277.15
10-09-1965,1273.23
13-09-1965,1250.29
14-09-1965,1250.1
15-09-1965,1241.93
16-09-1965,1242.95
17-09-1965,1266.4
20-09-1965,1271.76
21-09-1965,1253.25
22-09-1965,1252.16
24-09-1965,1243.4
27-09-1965,1233.41
28-09-1965,1251.88
29-09-1965,1235.81
30-09-1965,1223.74
01-10-1965,1210.11
04-10-1965,1204.48
05-10-1965,1191.89
06-10-1965,1201.9
07-10-1965,1207.46
08-10-1965,1198.11
11-10-1965,1219.12
12-10-1965,1233.77
13-10-1965,1258.34
14-10-1965,1243.55
15-10-1965,1253.87
18-10-1965,1248.84
19-10-1965,1253.34
20-10-1965,1242.77
21-10-1965,1242.24
22-10-1965,1240.86
25-10-1965,1222.83
26-10-1965,1234.74
27-10-1965,1247.42
28-10-1965,1250.37
29-10-1965,1250.68
01-11-1965,1268
02-11-1965,1264.6
04-11-1965,1268.64
05-11-1965,1262.8
08-11-1965,1284.31
09-11-1965,1295.42
10-11-1965,1300.97
11-11-1965,1304.9
12-11-1965,1323.11
15-11-1965,1304.22
16-11-1965,1319.87
17-11-1965,1313.81
18-11-1965,1340.47
19-11-1965,1329.28
22-11-1965,1343.67
24-11-1965,1354.42
25-11-1965,1325.56
26-11-1965,1335.93
29-11-1965,1359.81
30-11-1965,1373.16
01-12-1965,1377.67
02-12-1965,1409.07
03-12-1965,1376.56
06-12-1965,1315.26
07-12-1965,1349.3
08-12-1965,1357.78
09-12-1965,1330.08
10-12-1965,1334.94
13-12-1965,1340.05
14-12-1965,1347.83
15-12-1965,1362.81
16-12-1965,1373.62
17-12-1965,1369.84
20-12-1965,1367.42
21-12-1965,1364.97
22-12-1965,1373.19
23-12-1965,1380.41
24-12-1965,1389.29
27-12-1965,1412.77
28-12-1965,1417.83
04-01-1966,1430.13
05-01-1966,1414.87
06-01-1966,1434.94
07-01-1966,1428.53
10-01-1966,1421.5
11-01-1966,1410.43
12-01-1966,1418.46
13-01-1966,1416.25
14-01-1966,1416.12
17-01-1966,1421.1
18-01-1966,1414.01
19-01-1966,1414.55
20-01-1966,1421.55
21-01-1966,1435.34
24-01-1966,1451.68
25-01-1966,1445.34
26-01-1966,1457.19
27-01-1966,1454.76
28-01-1966,1465.83
31-01-1966,1470.38
01-02-1966,1485.24
02-02-1966,1492.42
03-02-1966,1482.7
04-02-1966,1487.09
07-02-1966,1498.89
08-02-1966,1503.91
09-02-1966,1505.7
10-02-1966,1489.11
11-02-1966,1497.45
14-02-1966,1464.27
15-02-1966,1453.1
16-02-1966,1464.67
17-02-1966,1442.02
18-02-1966,1459.63
21-02-1966,1465.79
22-02-1966,1465.42
23-02-1966,1480.47
24-02-1966,1490.78
25-02-1966,1491.76
28-02-1966,1507.41
01-03-1966,1520.71
02-03-1966,1514.62
03-03-1966,1517.84
04-03-1966,1524.99
07-03-1966,1533.75
08-03-1966,1545.78
09-03-1966,1542.72
10-03-1966,1529.93
11-03-1966,1512.19
14-03-1966,1535.04
15-03-1966,1540.59
16-03-1966,1560.09
17-03-1966,1551.25
18-03-1966,1558.77
22-03-1966,1568.28
23-03-1966,1562.65
24-03-1966,1571.83
25-03-1966,1550.21
28-03-1966,1566.6
29-03-1966,1579.57
30-03-1966,1577.13
31-03-1966,1584.28
01-04-1966,1588.73
04-04-1966,1573.87
05-04-1966,1573.07
06-04-1966,1564.66
07-04-1966,1540.46
08-04-1966,1548
11-04-1966,1536.88
12-04-1966,1551.51
13-04-1966,1555.71
14-04-1966,1537.9
15-04-1966,1535.2
18-04-1966,1531.53
19-04-1966,1508.04
20-04-1966,1486.93
21-04-1966,1502.8
22-04-1966,1503.09
25-04-1966,1530.16
26-04-1966,1523
27-04-1966,1557.07
28-04-1966,1553.68
02-05-1966,1565.55
04-05-1966,1582.15
06-05-1966,1581.58
09-05-1966,1572.94
10-05-1966,1568.37
11-05-1966,1575.29
12-05-1966,1582.73
13-05-1966,1571.1
16-05-1966,1558.15
17-05-1966,1559.67
18-05-1966,1564.94
19-05-1966,1556.84
20-05-1966,1552.76
23-05-1966,1561.14
24-05-1966,1574.06
25-05-1966,1568.93
26-05-1966,1572.97
27-05-1966,1550.06
30-05-1966,1512.63
31-05-1966,1514.15
01-06-1966,1490.85
02-06-1966,1502.67
03-06-1966,1517.81
06-06-1966,1524.5
07-06-1966,1516.9
08-06-1966,1511.8
09-06-1966,1507.03
10-06-1966,1515.01
13-06-1966,1526.5
14-06-1966,1543.1
15-06-1966,1545.77
16-06-1966,1530.35
17-06-1966,1519.42
20-06-1966,1514.94
21-06-1966,1522.71
22-06-1966,1513.95
23-06-1966,1504.14
24-06-1966,1513.38
27-06-1966,1521
28-06-1966,1510.14
29-06-1966,1514.52
30-06-1966,1494.9
01-07-1966,1509.16
04-07-1966,1532.66
05-07-1966,1525.56
06-07-1966,1512.78
07-07-1966,1524.95
08-07-1966,1507.11
11-07-1966,1480.5
12-07-1966,1451.92
13-07-1966,1443.83
14-07-1966,1445.85
15-07-1966,1465.21
18-07-1966,1434.68
19-07-1966,1460.55
20-07-1966,1464.36
21-07-1966,1472.33
22-07-1966,1475.39
25-07-1966,1470.98
26-07-1966,1468.23
27-07-1966,1486.01
28-07-1966,1486.02
29-07-1966,1499
01-08-1966,1495.88
02-08-1966,1494.04
03-08-1966,1490.79
04-08-1966,1479.08
05-08-1966,1479.85
08-08-1966,1475.05
09-08-1966,1487.62
10-08-1966,1486.61
11-08-1966,1483.58
12-08-1966,1486.38
15-08-1966,1496.94
16-08-1966,1497.35
17-08-1966,1494.13
18-08-1966,1486.21
19-08-1966,1466.43
22-08-1966,1463.69
23-08-1966,1469.55
24-08-1966,1450.61
25-08-1966,1456.24
26-08-1966,1459
29-08-1966,1456.63
30-08-1966,1468.29
31-08-1966,1463.04
01-09-1966,1472.86
02-09-1966,1470.95
05-09-1966,1456.77
06-09-1966,1453.32
07-09-1966,1441.24
08-09-1966,1449.88
09-09-1966,1436.15
12-09-1966,1442.37
13-09-1966,1440.62
14-09-1966,1431.24
16-09-1966,1422.17
19-09-1966,1435.89
20-09-1966,1454.36
21-09-1966,1451.48
22-09-1966,1461.44
26-09-1966,1467.69
27-09-1966,1471.15
28-09-1966,1466.76
29-09-1966,1464.59
30-09-1966,1465.43
03-10-1966,1469.24
04-10-1966,1459.33
05-10-1966,1461.6
06-10-1966,1450.34
07-10-1966,1444.89
11-10-1966,1442.22
12-10-1966,1436.71
13-10-1966,1445.03
14-10-1966,1448.17
17-10-1966,1432.92
18-10-1966,1441.43
19-10-1966,1433.46
20-10-1966,1426.99
21-10-1966,1420.26
24-10-1966,1413.78
25-10-1966,1418.56
26-10-1966,1412.2
27-10-1966,1408.08
28-10-1966,1430.04
31-10-1966,1441.02
01-11-1966,1431.92
02-11-1966,1438.29
04-11-1966,1438.58
07-11-1966,1445.08
08-11-1966,1443.6
09-11-1966,1428.77
10-11-1966,1425.39
11-11-1966,1418.5
14-11-1966,1415.02
15-11-1966,1418.06
16-11-1966,1414.6
17-11-1966,1426.58
18-11-1966,1427.23
21-11-1966,1431.27
22-11-1966,1424.98
24-11-1966,1416.22
25-11-1966,1405.58
28-11-1966,1391.77
29-11-1966,1392.24
30-11-1966,1390.21
01-12-1966,1392.07
02-12-1966,1378.34
05-12-1966,1364.34
06-12-1966,1366.31
07-12-1966,1375.43
08-12-1966,1380.36
09-12-1966,1393.64
12-12-1966,1391.49
13-12-1966,1387.1
14-12-1966,1386.25
15-12-1966,1379.35
16-12-1966,1376.49
19-12-1966,1394.23
20-12-1966,1404.3
21-12-1966,1402.03
22-12-1966,1417.98
23-12-1966,1434.13
26-12-1966,1449.6
27-12-1966,1444.91
28-12-1966,1452.1
04-01-1967,1441.35
05-01-1967,1419.97
06-01-1967,1413.93
09-01-1967,1424.02
10-01-1967,1416.93
11-01-1967,1410.31
12-01-1967,1416.01
13-01-1967,1418.23
16-01-1967,1441.83
17-01-1967,1447.14
18-01-1967,1440.48
19-01-1967,1444.01
20-01-1967,1441.97
23-01-1967,1443.27
24-01-1967,1446.48
25-01-1967,1444.09
26-01-1967,1428.95
27-01-1967,1429.14
30-01-1967,1457.5
31-01-1967,1463.11
01-02-1967,1463.64
02-02-1967,1472.24
03-02-1967,1480.51
06-02-1967,1481.81
07-02-1967,1483.48
08-02-1967,1488.78
09-02-1967,1446.66
10-02-1967,1472.85
13-02-1967,1460.38
14-02-1967,1454.86
15-02-1967,1467.51
16-02-1967,1476.21
17-02-1967,1468.15
20-02-1967,1476.01
21-02-1967,1472.21
22-02-1967,1478.24
23-02-1967,1482.23
24-02-1967,1484.95
27-02-1967,1499.09
28-02-1967,1494.82
01-03-1967,1506.27
02-03-1967,1502.64
03-03-1967,1485.07
06-03-1967,1487.41
07-03-1967,1480.44
08-03-1967,1468.5
09-03-1967,1473.18
10-03-1967,1468.4
13-03-1967,1460.62
14-03-1967,1465.32
15-03-1967,1466.94
16-03-1967,1459.36
17-03-1967,1467.12
20-03-1967,1467.74
22-03-1967,1462.99
23-03-1967,1455.45
24-03-1967,1456.61
27-03-1967,1450.31
28-03-1967,1438
29-03-1967,1456.47
30-03-1967,1446.57
31-03-1967,1455.58
03-04-1967,1439.12
04-04-1967,1426.47
05-04-1967,1434.47
06-04-1967,1428.16
07-04-1967,1425.71
10-04-1967,1432.63
11-04-1967,1428.78
12-04-1967,1418.02
13-04-1967,1420.72
14-04-1967,1432.42
17-04-1967,1431.85
18-04-1967,1436.22
19-04-1967,1438.22
20-04-1967,1438.59
21-04-1967,1445.46
24-04-1967,1436.68
25-04-1967,1438.97
26-04-1967,1443.43
27-04-1967,1438.23
28-04-1967,1437.24
01-05-1967,1441.12
02-05-1967,1448.74
04-05-1967,1456.03
08-05-1967,1457.49
09-05-1967,1451.64
10-05-1967,1461.62
11-05-1967,1476.52
12-05-1967,1476.58
15-05-1967,1480.81
16-05-1967,1477.44
17-05-1967,1480.53
18-05-1967,1477.72
19-05-1967,1480.74
22-05-1967,1474.77
23-05-1967,1485.62
24-05-1967,1479.59
25-05-1967,1481.58
26-05-1967,1474.75
29-05-1967,1490.82
30-05-1967,1495.57
31-05-1967,1505.94
01-06-1967,1502.78
02-06-1967,1498.25
05-06-1967,1488.69
06-06-1967,1483.04
07-06-1967,1476.9
08-06-1967,1490.58
09-06-1967,1487.79
12-06-1967,1487.8
13-06-1967,1479.04
14-06-1967,1480.36
15-06-1967,1475.25
16-06-1967,1478.48
19-06-1967,1468.5
20-06-1967,1470.71
21-06-1967,1477.45
22-06-1967,1474.29
23-06-1967,1474.03
26-06-1967,1489.45
27-06-1967,1490.63
28-06-1967,1486.16
29-06-1967,1494.42
30-06-1967,1494.18
03-07-1967,1494.44
04-07-1967,1486.59
05-07-1967,1489.28
06-07-1967,1486.74
07-07-1967,1477.16
10-07-1967,1481.99
11-07-1967,1475.66
12-07-1967,1477.75
13-07-1967,1482.65
14-07-1967,1480.82
17-07-1967,1481.55
18-07-1967,1481.24
19-07-1967,1483.27
20-07-1967,1492.11
21-07-1967,1494.07
24-07-1967,1494.21
25-07-1967,1489.34
26-07-1967,1488.11
27-07-1967,1486.48
28-07-1967,1483.63
31-07-1967,1476.33
01-08-1967,1461.73
02-08-1967,1446.02
03-08-1967,1446.28
04-08-1967,1446.74
07-08-1967,1429.36
08-08-1967,1435.39
09-08-1967,1430.87
10-08-1967,1429.48
11-08-1967,1414.48
14-08-1967,1369.45
15-08-1967,1383.73
16-08-1967,1354.21
17-08-1967,1360.9
18-08-1967,1356.96
21-08-1967,1321.54
22-08-1967,1340.31
23-08-1967,1337.03
24-08-1967,1350.9
25-08-1967,1342.17
28-08-1967,1335.15
29-08-1967,1336.84
30-08-1967,1324.83
31-08-1967,1342.68
01-09-1967,1352.54
04-09-1967,1373.83
05-09-1967,1371.37
06-09-1967,1364.23
07-09-1967,1353.91
08-09-1967,1337.49
11-09-1967,1331.67
12-09-1967,1329.72
13-09-1967,1333.83
14-09-1967,1334.66
18-09-1967,1344.12
19-09-1967,1342.52
20-09-1967,1340.35
21-09-1967,1339.19
22-09-1967,1350.27
25-09-1967,1340.38
26-09-1967,1336.18
27-09-1967,1317.81
28-09-1967,1320
29-09-1967,1323.91
02-10-1967,1312.28
03-10-1967,1330.4
04-10-1967,1348.58
05-10-1967,1343.01
06-10-1967,1363.01
09-10-1967,1380.43
11-10-1967,1367.36
12-10-1967,1365.18
13-10-1967,1362.66
16-10-1967,1372.99
17-10-1967,1366
18-10-1967,1372.19
19-10-1967,1375.14
20-10-1967,1378.7
23-10-1967,1382.53
24-10-1967,1385.43
25-10-1967,1382.36
26-10-1967,1384.17
27-10-1967,1376.09
30-10-1967,1385.61
31-10-1967,1376.05
01-11-1967,1378.07
02-11-1967,1364.61
06-11-1967,1368.92
07-11-1967,1360.74
08-11-1967,1364.89
09-11-1967,1361.25
10-11-1967,1344.69
13-11-1967,1342.04
14-11-1967,1351.96
15-11-1967,1344.42
16-11-1967,1349.3
17-11-1967,1343.79
20-11-1967,1273.33
21-11-1967,1265.24
22-11-1967,1282.4
24-11-1967,1271.58
27-11-1967,1269.05
28-11-1967,1275.77
29-11-1967,1285.68
30-11-1967,1277.27
01-12-1967,1284.88
04-12-1967,1294.93
05-12-1967,1279.34
06-12-1967,1274.61
07-12-1967,1277.03
08-12-1967,1260.63
11-12-1967,1250.14
12-12-1967,1263.25
13-12-1967,1264.2
14-12-1967,1258.24
15-12-1967,1258.37
18-12-1967,1259.57
19-12-1967,1274.39
20-12-1967,1279.59
21-12-1967,1279.86
22-12-1967,1291.08
25-12-1967,1290.29
26-12-1967,1278.96
27-12-1967,1279.29
28-12-1967,1283.47
04-01-1968,1266.27
05-01-1968,1282.38
08-01-1968,1283.53
09-01-1968,1305.94
10-01-1968,1303.11
11-01-1968,1316.89
12-01-1968,1314.47
16-01-1968,1314.98
17-01-1968,1319.98
18-01-1968,1322.99
19-01-1968,1312.74
22-01-1968,1306.49
23-01-1968,1307.55
24-01-1968,1304.45
25-01-1968,1305.23
26-01-1968,1313.18
29-01-1968,1306.61
30-01-1968,1306.67
31-01-1968,1312.2
01-02-1968,1311.71
02-02-1968,1318.11
05-02-1968,1320.58
06-02-1968,1329.36
07-02-1968,1331.77
08-02-1968,1329.02
09-02-1968,1330.73
12-02-1968,1329.18
13-02-1968,1337.59
14-02-1968,1340.08
15-02-1968,1334.22
16-02-1968,1344.92
19-02-1968,1345.01
20-02-1968,1341.64
21-02-1968,1342.67
22-02-1968,1352.03
23-02-1968,1348.65
26-02-1968,1341.03
27-02-1968,1351.13
28-02-1968,1344.66
29-02-1968,1349.77
01-03-1968,1355.49
04-03-1968,1337.6
05-03-1968,1331.86
06-03-1968,1322.01
07-03-1968,1327
08-03-1968,1321.41
11-03-1968,1326.68
12-03-1968,1328.09
13-03-1968,1335.07
14-03-1968,1318.01
15-03-1968,1340.54
18-03-1968,1373
19-03-1968,1371.03
21-03-1968,1355.17
22-03-1968,1350.64
25-03-1968,1356.72
26-03-1968,1364.69
27-03-1968,1354.69
28-03-1968,1369.72
29-03-1968,1361.15
01-04-1968,1367.36
02-04-1968,1380.77
03-04-1968,1378.69
04-04-1968,1391.27
05-04-1968,1393.32
08-04-1968,1406.32
09-04-1968,1404.07
10-04-1968,1402.19
11-04-1968,1403.55
12-04-1968,1415
15-04-1968,1443.65
16-04-1968,1433.94
17-04-1968,1435.08
18-04-1968,1437.3
19-04-1968,1438.62
22-04-1968,1440.48
23-04-1968,1444.81
24-04-1968,1450.32
25-04-1968,1449.67
26-04-1968,1438.24
30-04-1968,1456.07
01-05-1968,1464.76
02-05-1968,1464.82
06-05-1968,1482.69
07-05-1968,1480.16
08-05-1968,1470.39
09-05-1968,1478.17
10-05-1968,1473.5
13-05-1968,1469.5
14-05-1968,1466.37
15-05-1968,1469.91
16-05-1968,1476.35
17-05-1968,1485.86
20-05-1968,1500.41
21-05-1968,1476.67
22-05-1968,1466.09
23-05-1968,1471.02
24-05-1968,1460.1
27-05-1968,1460.02
28-05-1968,1465.6
29-05-1968,1452.32
30-05-1968,1454.93
31-05-1968,1462.34
03-06-1968,1496.56
04-06-1968,1509.49
05-06-1968,1518.66
06-06-1968,1510.51
07-06-1968,1522.37
10-06-1968,1522.59
11-06-1968,1531.46
12-06-1968,1519.06
13-06-1968,1523.2
14-06-1968,1524.03
17-06-1968,1532
18-06-1968,1515.19
19-06-1968,1481.24
20-06-1968,1484.7
21-06-1968,1482.54
24-06-1968,1506.94
25-06-1968,1501.71
26-06-1968,1518.18
27-06-1968,1527.78
28-06-1968,1531.13
01-07-1968,1548.9
02-07-1968,1542.96
03-07-1968,1548.69
04-07-1968,1540.42
05-07-1968,1547.09
08-07-1968,1552.76
09-07-1968,1544.68
10-07-1968,1549.87
11-07-1968,1554.96
12-07-1968,1564.48
15-07-1968,1581.56
16-07-1968,1564.24
17-07-1968,1561.66
18-07-1968,1561.94
19-07-1968,1565.87
22-07-1968,1573.8
23-07-1968,1577.8
24-07-1968,1569.13
25-07-1968,1570.07
26-07-1968,1582.83
29-07-1968,1592.11
30-07-1968,1583
31-07-1968,1602.97
01-08-1968,1601.58
02-08-1968,1601.84
05-08-1968,1604.57
06-08-1968,1598.44
07-08-1968,1617.9
08-08-1968,1622.18
09-08-1968,1622.86
12-08-1968,1627.82
13-08-1968,1631.24
14-08-1968,1630.03
15-08-1968,1617.96
16-08-1968,1612.26
19-08-1968,1623.19
20-08-1968,1636.73
21-08-1968,1641.03
22-08-1968,1648.17
23-08-1968,1647.42
26-08-1968,1655.68
27-08-1968,1666.34
28-08-1968,1672.72
29-08-1968,1691.63
30-08-1968,1691.91
02-09-1968,1717.6
03-09-1968,1723.47
04-09-1968,1705.15
05-09-1968,1727.92
06-09-1968,1736.94
09-09-1968,1748.56
10-09-1968,1753.71
11-09-1968,1766.12
12-09-1968,1766.22
13-09-1968,1764.41
16-09-1968,1777.05
17-09-1968,1792.1
18-09-1968,1796.49
19-09-1968,1793.83
20-09-1968,1801.62
24-09-1968,1802.98
25-09-1968,1806.12
26-09-1968,1805.61
27-09-1968,1820.23
30-09-1968,1839.81
01-10-1968,1835.12
02-10-1968,1851.49
03-10-1968,1809.61
04-10-1968,1803.24
07-10-1968,1830.64
08-10-1968,1827.67
09-10-1968,1770.93
11-10-1968,1715.47
14-10-1968,1747.06
15-10-1968,1707.72
16-10-1968,1700.48
17-10-1968,1724.73
18-10-1968,1741.93
21-10-1968,1746.83
22-10-1968,1726.62
23-10-1968,1739.65
24-10-1968,1749.33
25-10-1968,1758.74
28-10-1968,1755.51
29-10-1968,1768.94
30-10-1968,1762.53
31-10-1968,1745.29
01-11-1968,1741.92
04-11-1968,1710.07
05-11-1968,1709.81
06-11-1968,1705.71
07-11-1968,1679.59
08-11-1968,1668.09
11-11-1968,1658.45
12-11-1968,1659.18
13-11-1968,1678.55
14-11-1968,1695.05
15-11-1968,1697.08
18-11-1968,1705.01
19-11-1968,1712.29
20-11-1968,1710.15
21-11-1968,1696.2
22-11-1968,1693.04
25-11-1968,1668.55
26-11-1968,1684.52
27-11-1968,1688.68
28-11-1968,1695.91
29-11-1968,1716.61
02-12-1968,1743.21
03-12-1968,1736.21
04-12-1968,1725.79
05-12-1968,1718.42
06-12-1968,1718.09
09-12-1968,1690.98
10-12-1968,1710.97
11-12-1968,1718.13
12-12-1968,1725.43
13-12-1968,1712
16-12-1968,1722.33
17-12-1968,1711.57
18-12-1968,1692.93
19-12-1968,1696.14
20-12-1968,1702.45
23-12-1968,1686.64
24-12-1968,1701.67
25-12-1968,1701.38
26-12-1968,1705.75
27-12-1968,1699.08
06-01-1969,1755.15
07-01-1969,1761.93
08-01-1969,1759.26
09-01-1969,1753.31
10-01-1969,1756.89
13-01-1969,1767.35
14-01-1969,1771.24
16-01-1969,1782.05
17-01-1969,1779.63
20-01-1969,1798.9
21-01-1969,1803.9
22-01-1969,1820.25
23-01-1969,1830.87
24-01-1969,1825.8
27-01-1969,1833.29
28-01-1969,1820.62
29-01-1969,1831.77
30-01-1969,1826.12
31-01-1969,1830.26
03-02-1969,1828.04
04-02-1969,1815.07
05-02-1969,1833.75
06-02-1969,1840.7
07-02-1969,1845.95
10-02-1969,1851.08
12-02-1969,1852.38
13-02-1969,1843.07
14-02-1969,1826.14
17-02-1969,1824.27
18-02-1969,1828.85
19-02-1969,1819.42
20-02-1969,1791.97
21-02-1969,1775.43
24-02-1969,1765.9
25-02-1969,1771.85
26-02-1969,1777.97
27-02-1969,1762.97
28-02-1969,1758.54
03-03-1969,1769.55
04-03-1969,1748.88
05-03-1969,1764.25
06-03-1969,1766.89
07-03-1969,1792.89
10-03-1969,1789.32
11-03-1969,1778.99
12-03-1969,1785.25
13-03-1969,1803.11
14-03-1969,1795.58
17-03-1969,1806.64
18-03-1969,1798.21
19-03-1969,1791.82
20-03-1969,1783.2
24-03-1969,1815.74
25-03-1969,1824.75
26-03-1969,1832.86
27-03-1969,1819.84
28-03-1969,1824.07
31-03-1969,1841.02
01-04-1969,1827.44
02-04-1969,1859.13
03-04-1969,1844.97
04-04-1969,1868.12
07-04-1969,1872.1
08-04-1969,1870.97
09-04-1969,1865.89
10-04-1969,1893.02
11-04-1969,1893.5
14-04-1969,1900.26
15-04-1969,1889.21
16-04-1969,1871.84
17-04-1969,1899.79
18-04-1969,1880.83
21-04-1969,1878.45
22-04-1969,1890.13
23-04-1969,1877.25
24-04-1969,1891.73
25-04-1969,1896.09
28-04-1969,1901.03
30-04-1969,1904.94
01-05-1969,1911.54
02-05-1969,1906.44
06-05-1969,1925.14
07-05-1969,1924.29
08-05-1969,1917.44
09-05-1969,1919.07
12-05-1969,1938.98
13-05-1969,1947.71
14-05-1969,1938.61
15-05-1969,1937.23
16-05-1969,1937.05
19-05-1969,1939.83
20-05-1969,1928.29
21-05-1969,1930.34
22-05-1969,1929.58
23-05-1969,1932.2
26-05-1969,1939.37
27-05-1969,1955.94
28-05-1969,1959.57
29-05-1969,1971
30-05-1969,1990.53
02-06-1969,2007.61
03-06-1969,2000.47
04-06-1969,2001.77
05-06-1969,2000.96
06-06-1969,2009.18
09-06-1969,2029.1
10-06-1969,2029.59
11-06-1969,2014.64
12-06-1969,1926.01
13-06-1969,1913.32
16-06-1969,1955.69
17-06-1969,1938.72
18-06-1969,1884.82
19-06-1969,1907.41
20-06-1969,1883.5
23-06-1969,1867.31
24-06-1969,1925.88
25-06-1969,1915.31
26-06-1969,1938.06
27-06-1969,1953.52
30-06-1969,1984.61
01-07-1969,1969.67
02-07-1969,1990.35
03-07-1969,1998
04-07-1969,1992.81
07-07-1969,1983.14
08-07-1969,1987.6
09-07-1969,1979.13
10-07-1969,1930.56
11-07-1969,1948.64
14-07-1969,1911.12
15-07-1969,1938.08
16-07-1969,1919.46
17-07-1969,1898.88
18-07-1969,1906
21-07-1969,1922.52
22-07-1969,1921.53
23-07-1969,1888.04
24-07-1969,1900.19
25-07-1969,1888.42
28-07-1969,1875
29-07-1969,1845.4
30-07-1969,1842.57
31-07-1969,1865.59
01-08-1969,1879.41
04-08-1969,1878.14
05-08-1969,1878.7
06-08-1969,1867.79
07-08-1969,1860.41
08-08-1969,1844.03
11-08-1969,1877.2
12-08-1969,1900.89
13-08-1969,1910.87
14-08-1969,1900.63
15-08-1969,1896.09
18-08-1969,1896.83
19-08-1969,1897.75
20-08-1969,1890.38
21-08-1969,1891.29
22-08-1969,1871.79
25-08-1969,1880.43
26-08-1969,1890.67
27-08-1969,1890.24
28-08-1969,1909.26
29-08-1969,1923.19
01-09-1969,1951.54
02-09-1969,1964.81
03-09-1969,1972.68
04-09-1969,1971.47
05-09-1969,1984.69
08-09-1969,1983.95
09-09-1969,1964.46
10-09-1969,1988.5
11-09-1969,1987.91
12-09-1969,1987.62
16-09-1969,2014.16
17-09-1969,2016.71
18-09-1969,1995.26
19-09-1969,2000.43
22-09-1969,2016.85
24-09-1969,2012.27
25-09-1969,2012.96
26-09-1969,1988.92
29-09-1969,1995.96
30-09-1969,2016.15
01-10-1969,2036.8
02-10-1969,2023.89
03-10-1969,2027.94
06-10-1969,2038.72
07-10-1969,2033.81
08-10-1969,2022.7
09-10-1969,2033.52
13-10-1969,2068.32
14-10-1969,2062.85
15-10-1969,2074.11
16-10-1969,2098.65
17-10-1969,2097.49
20-10-1969,2079.75
21-10-1969,2099.39
22-10-1969,2110.27
23-10-1969,2092.9
24-10-1969,2120.94
27-10-1969,2117.12
28-10-1969,2136.8
29-10-1969,2150.1
30-10-1969,2145.16
31-10-1969,2130.3
04-11-1969,2133.97
05-11-1969,2135.44
06-11-1969,2121.99
07-11-1969,2102.58
10-11-1969,2121.31
11-11-1969,2118.26
12-11-1969,2104.52
13-11-1969,2118.15
14-11-1969,2147.52
17-11-1969,2155.14
18-11-1969,2168.21
19-11-1969,2181.97
20-11-1969,2210.6
21-11-1969,2201.52
24-11-1969,2199.11
25-11-1969,2213.14
26-11-1969,2211.97
27-11-1969,2230.58
28-11-1969,2201.41
01-12-1969,2251.37
02-12-1969,2252.61
03-12-1969,2195.43
04-12-1969,2171.79
05-12-1969,2170.15
08-12-1969,2198.98
09-12-1969,2193.04
10-12-1969,2219.19
11-12-1969,2225.05
12-12-1969,2253.59
15-12-1969,2261.9
16-12-1969,2261.43
17-12-1969,2268.55
18-12-1969,2275.37
19-12-1969,2278.83
22-12-1969,2258.26
23-12-1969,2270.71
24-12-1969,2287.07
25-12-1969,2324.06
26-12-1969,2348.03
05-01-1970,2402.85
06-01-1970,2406.22
07-01-1970,2394.96
08-01-1970,2283.68
09-01-1970,2359
12-01-1970,2324.24
13-01-1970,2297.69
14-01-1970,2288.14
16-01-1970,2286.45
19-01-1970,2309.38
20-01-1970,2309.94
21-01-1970,2325.36
22-01-1970,2322.58
23-01-1970,2312
26-01-1970,2316.71
27-01-1970,2321.83
28-01-1970,2324.77
29-01-1970,2328.6
30-01-1970,2296.43
02-02-1970,2310.45
03-02-1970,2296.68
04-02-1970,2313.31
05-02-1970,2306.78
06-02-1970,2302.93
09-02-1970,2306.4
10-02-1970,2306.25
12-02-1970,2311.78
13-02-1970,2298.65
16-02-1970,2293.93
17-02-1970,2294.71
18-02-1970,2313.23
19-02-1970,2324.4
20-02-1970,2322.98
23-02-1970,2361.47
24-02-1970,2375.46
25-02-1970,2383.18
26-02-1970,2385.07
27-02-1970,2380.29
02-03-1970,2399.76
03-03-1970,2396.64
04-03-1970,2422.73
05-03-1970,2423.37
06-03-1970,2452.26
09-03-1970,2455.17
10-03-1970,2470.22
11-03-1970,2458.13
12-03-1970,2433.12
13-03-1970,2446.36
16-03-1970,2459.63
17-03-1970,2468.84
18-03-1970,2484.62
19-03-1970,2490.47
20-03-1970,2491.18
23-03-1970,2495.18
24-03-1970,2484.15
25-03-1970,2481.01
26-03-1970,2504.84
27-03-1970,2485.36
30-03-1970,2510.24
31-03-1970,2523.75
01-04-1970,2521.42
02-04-1970,2522.84
03-04-1970,2500.09
06-04-1970,2534.45
07-04-1970,2524.13
08-04-1970,2529.65
09-04-1970,2515.05
10-04-1970,2513.91
13-04-1970,2508.16
14-04-1970,2502.03
15-04-1970,2497.75
16-04-1970,2502.65
17-04-1970,2471.21
20-04-1970,2470.67
21-04-1970,2469.64
22-04-1970,2436.4
23-04-1970,2416.67
24-04-1970,2422.86
27-04-1970,2386.06
28-04-1970,2315.43
30-04-1970,2114.32
01-05-1970,2125.61
04-05-1970,2200.74
06-05-1970,2191.39
07-05-1970,2209.61
08-05-1970,2190.54
11-05-1970,2139.07
12-05-1970,2149.43
13-05-1970,2096.75
14-05-1970,2048.72
15-05-1970,2018.71
18-05-1970,2047.9
19-05-1970,1963.1
20-05-1970,1983.78
21-05-1970,1982.33
22-05-1970,1989.34
25-05-1970,1933.33
26-05-1970,1946.48
27-05-1970,1929.64
28-05-1970,2009.1
29-05-1970,2026.14
01-06-1970,2082.37
02-06-1970,2087.47
03-06-1970,2109.23
04-06-1970,2133.85
05-06-1970,2123.82
08-06-1970,2109.58
09-06-1970,2091.83
10-06-1970,2109.47
11-06-1970,2029.41
12-06-1970,2048.94
15-06-1970,2072.8
16-06-1970,2054.37
17-06-1970,2066.02
18-06-1970,2082.02
19-06-1970,2113.22
22-06-1970,2149.28
23-06-1970,2131.89
24-06-1970,2140.47
25-06-1970,2143.45
26-06-1970,2135.88
29-06-1970,2131.74
30-06-1970,2138.11
01-07-1970,2148.79
02-07-1970,2146.89
03-07-1970,2135.25
06-07-1970,2117.65
07-07-1970,2116.86
08-07-1970,2121.51
09-07-1970,2111.1
10-07-1970,2102.22
13-07-1970,2110.01
14-07-1970,2110.87
15-07-1970,2087.99
16-07-1970,2067.76
17-07-1970,2110.49
20-07-1970,2133.89
21-07-1970,2148.94
22-07-1970,2132.19
23-07-1970,2125.62
24-07-1970,2128.35
27-07-1970,2130.05
28-07-1970,2138.56
29-07-1970,2132.43
30-07-1970,2140.5
31-07-1970,2159.16
03-08-1970,2164.77
04-08-1970,2164.21
05-08-1970,2169.78
06-08-1970,2147.73
07-08-1970,2143.09
10-08-1970,2141.38
11-08-1970,2123.52
12-08-1970,2122.83
13-08-1970,2142.85
14-08-1970,2136.15
17-08-1970,2140.64
18-08-1970,2152.18
19-08-1970,2155.99
20-08-1970,2161.43
21-08-1970,2164.28
24-08-1970,2168.15
25-08-1970,2153.18
26-08-1970,2153.36
27-08-1970,2163.5
28-08-1970,2157.84
31-08-1970,2132.21
01-09-1970,2130.54
02-09-1970,2118.06
03-09-1970,2139.05
04-09-1970,2144.96
07-09-1970,2150.54
08-09-1970,2165.18
09-09-1970,2176.99
10-09-1970,2165.47
11-09-1970,2157.26
14-09-1970,2168.4
16-09-1970,2139.9
17-09-1970,2136.8
18-09-1970,2079.87
21-09-1970,2076.99
22-09-1970,2089.36
24-09-1970,2085.01
25-09-1970,2094
28-09-1970,2042.95
29-09-1970,2020.88
30-09-1970,2065.44
01-10-1970,2061.65
02-10-1970,2065.59
05-10-1970,2087.32
06-10-1970,2094.36
07-10-1970,2083.16
08-10-1970,2079.93
09-10-1970,2081.32
12-10-1970,2092.46
13-10-1970,2094.48
14-10-1970,2096.12
15-10-1970,2118.4
16-10-1970,2114.21
19-10-1970,2133.03
20-10-1970,2124.32
21-10-1970,2106.84
22-10-1970,2107.16
23-10-1970,2101.68
26-10-1970,2094.9
27-10-1970,2095.19
28-10-1970,2104.47
29-10-1970,2117.26
30-10-1970,2114.2
02-11-1970,2139.32
04-11-1970,2143.72
05-11-1970,2134.16
06-11-1970,2136.59
09-11-1970,2147.98
10-11-1970,2142.73
11-11-1970,2122.5
12-11-1970,2109.99
13-11-1970,2111.09
16-11-1970,2098.45
17-11-1970,2075.66
18-11-1970,2087.88
19-11-1970,2075.16
20-11-1970,2064.05
24-11-1970,2060.03
25-11-1970,2056.93
26-11-1970,2041.15
27-11-1970,2012.13
30-11-1970,1990.47
01-12-1970,2027.37
02-12-1970,2017.12
03-12-1970,1992.72
04-12-1970,1989.68
07-12-1970,1969.57
08-12-1970,1963.4
09-12-1970,1965.78
10-12-1970,1973.16
11-12-1970,2018.17
14-12-1970,2015.91
15-12-1970,1997.11
16-12-1970,1973.41
17-12-1970,1972.78
18-12-1970,1977.56
21-12-1970,1988.96
22-12-1970,1979.71
23-12-1970,1979.97
24-12-1970,1987.96
25-12-1970,1982.61
28-12-1970,1987.14
04-01-1971,2001.34
05-01-1971,1989.44
06-01-1971,1981.74
07-01-1971,2000.96
08-01-1971,2040.93
11-01-1971,2085.32
12-01-1971,2092.33
13-01-1971,2089.22
14-01-1971,2093.9
18-01-1971,2097.4
19-01-1971,2115.25
20-01-1971,2102.37
21-01-1971,2112.5
22-01-1971,2113.73
25-01-1971,2105.01
26-01-1971,2109.2
27-01-1971,2099.08
28-01-1971,2102.36
29-01-1971,2100.9
01-02-1971,2104.88
02-02-1971,2113.55
03-02-1971,2129.73
04-02-1971,2133.34
05-02-1971,2125.16
08-02-1971,2128.25
09-02-1971,2122.66
10-02-1971,2139.29
12-02-1971,2149.88
15-02-1971,2166.64
16-02-1971,2173.28
17-02-1971,2166.69
18-02-1971,2202.89
19-02-1971,2213.39
22-02-1971,2230.09
23-02-1971,2204.33
24-02-1971,2184.5
25-02-1971,2216.65
26-02-1971,2232.42
01-03-1971,2256.05
02-03-1971,2246.61
03-03-1971,2268.59
04-03-1971,2275.28
05-03-1971,2256.43
08-03-1971,2273.38
09-03-1971,2271.16
10-03-1971,2305.59
11-03-1971,2309.1
12-03-1971,2316.21
15-03-1971,2301.4
16-03-1971,2320.01
17-03-1971,2317.36
18-03-1971,2319.54
19-03-1971,2341.9
22-03-1971,2365.43
23-03-1971,2345.27
24-03-1971,2364.06
25-03-1971,2372.24
26-03-1971,2390.02
29-03-1971,2404.65
30-03-1971,2401.33
31-03-1971,2403.3
01-04-1971,2414.04
02-04-1971,2415.73
05-04-1971,2373.42
06-04-1971,2404.66
07-04-1971,2416.92
08-04-1971,2413.93
09-04-1971,2401.44
12-04-1971,2435.32
13-04-1971,2428.48
14-04-1971,2437.53
15-04-1971,2457.36
16-04-1971,2464.1
19-04-1971,2439.95
20-04-1971,2374.67
21-04-1971,2431.73
22-04-1971,2416.99
23-04-1971,2433.33
26-04-1971,2436.93
27-04-1971,2445.93
28-04-1971,2450.74
30-04-1971,2468.18
04-05-1971,2489.35
06-05-1971,2481.67
07-05-1971,2444.81
10-05-1971,2390.22
11-05-1971,2402.37
12-05-1971,2431.28
13-05-1971,2428.01
14-05-1971,2415.2
17-05-1971,2417.62
18-05-1971,2391.22
19-05-1971,2365.92
20-05-1971,2388.51
21-05-1971,2385.21
24-05-1971,2398.48
25-05-1971,2404.77
26-05-1971,2408.8
27-05-1971,2420.18
28-05-1971,2432.72
31-05-1971,2456.33
01-06-1971,2455.95
02-06-1971,2475.93
03-06-1971,2473.91
04-06-1971,2490.39
07-06-1971,2506.06
08-06-1971,2504.31
09-06-1971,2508.94
10-06-1971,2523.84
11-06-1971,2528.79
14-06-1971,2531.49
15-06-1971,2542.13
16-06-1971,2555.05
17-06-1971,2581.03
18-06-1971,2584.49
21-06-1971,2587.58
22-06-1971,2586.58
23-06-1971,2600.49
24-06-1971,2584.51
25-06-1971,2600.32
28-06-1971,2628.46
29-06-1971,2625.14
30-06-1971,2637.35
01-07-1971,2651.06
02-07-1971,2647.2
05-07-1971,2630.44
06-07-1971,2571.37
07-07-1971,2637.15
08-07-1971,2638.74
09-07-1971,2659.57
12-07-1971,2686.42
13-07-1971,2675.85
14-07-1971,2685.35
15-07-1971,2664.2
16-07-1971,2670.88
19-07-1971,2692.63
20-07-1971,2677.47
21-07-1971,2643.14
22-07-1971,2669.03
23-07-1971,2671.37
26-07-1971,2673.84
27-07-1971,2678
28-07-1971,2681.25
29-07-1971,2683.24
30-07-1971,2661.59
02-08-1971,2640.68
03-08-1971,2640.45
04-08-1971,2630.09
05-08-1971,2634.18
06-08-1971,2648.53
09-08-1971,2698.27
10-08-1971,2690.14
11-08-1971,2699.42
12-08-1971,2704.9
13-08-1971,2727.8
16-08-1971,2530.48
17-08-1971,2440.82
18-08-1971,2328.28
19-08-1971,2190.16
20-08-1971,2283.88
23-08-1971,2163.79
24-08-1971,2162.82
25-08-1971,2233.9
26-08-1971,2282.34
27-08-1971,2267.19
30-08-1971,2303.91
31-08-1971,2297.06
01-09-1971,2348.01
02-09-1971,2352.27
03-09-1971,2346.77
06-09-1971,2365.58
07-09-1971,2341.73
08-09-1971,2325.52
09-09-1971,2341.19
10-09-1971,2321.79
13-09-1971,2351.15
14-09-1971,2364.65
16-09-1971,2347.35
17-09-1971,2352.31
20-09-1971,2377.05
21-09-1971,2372.99
22-09-1971,2360.86
23-09-1971,2363.97
27-09-1971,2351.96
28-09-1971,2393.56
29-09-1971,2420.36
30-09-1971,2428.25
01-10-1971,2429.31
04-10-1971,2412.65
05-10-1971,2407.84
06-10-1971,2401.97
07-10-1971,2401.68
08-10-1971,2372.48
11-10-1971,2360.38
12-10-1971,2352.6
13-10-1971,2312.69
14-10-1971,2305.86
15-10-1971,2254.94
18-10-1971,2255.18
19-10-1971,2228.33
20-10-1971,2227.25
21-10-1971,2240.45
22-10-1971,2259.52
25-10-1971,2253.69
26-10-1971,2236.89
27-10-1971,2229.35
28-10-1971,2253.28
29-10-1971,2278.46
01-11-1971,2279.04
02-11-1971,2254.93
04-11-1971,2228.78
05-11-1971,2234.11
08-11-1971,2236.24
09-11-1971,2252.18
10-11-1971,2282.2
11-11-1971,2298.26
12-11-1971,2307.82
15-11-1971,2329.14
16-11-1971,2326.54
17-11-1971,2371.74
18-11-1971,2391.9
19-11-1971,2378.79
22-11-1971,2408.11
24-11-1971,2404.68
25-11-1971,2418.68
26-11-1971,2413.75
29-11-1971,2450.74
30-11-1971,2442.71
01-12-1971,2455.79
02-12-1971,2480.56
03-12-1971,2441.58
06-12-1971,2475.71
07-12-1971,2481.69
08-12-1971,2453.36
09-12-1971,2477.93
10-12-1971,2482.47
13-12-1971,2496.72
14-12-1971,2490.79
15-12-1971,2491
16-12-1971,2468.11
17-12-1971,2480.25
20-12-1971,2487.59
21-12-1971,2554.02
22-12-1971,2586.33
23-12-1971,2621.77
24-12-1971,2658.71
27-12-1971,2693.49
28-12-1971,2713.74
04-01-1972,2712.31
05-01-1972,2727.87
06-01-1972,2754.89
07-01-1972,2762.49
10-01-1972,2773.9
11-01-1972,2769.62
12-01-1972,2799.48
13-01-1972,2812.86
14-01-1972,2823.53
17-01-1972,2799.74
18-01-1972,2805.43
19-01-1972,2820.98
20-01-1972,2840.86
21-01-1972,2822.54
24-01-1972,2800.06
25-01-1972,2814.38
26-01-1972,2832.89
27-01-1972,2839.04
28-01-1972,2862.4
31-01-1972,2856.5
01-02-1972,2852.32
02-02-1972,2863.57
03-02-1972,2879.67
04-02-1972,2857.29
07-02-1972,2883.47
08-02-1972,2889.84
09-02-1972,2870.77
10-02-1972,2871.78
14-02-1972,2890.66
15-02-1972,2876.42
16-02-1972,2888.66
17-02-1972,2913.81
18-02-1972,2932.22
21-02-1972,2959.29
22-02-1972,2966.65
23-02-1972,2960.92
24-02-1972,2975.16
25-02-1972,2995.55
28-02-1972,3027.49
29-02-1972,3021.98
01-03-1972,3011.3
02-03-1972,3023.65
03-03-1972,3015.14
06-03-1972,3028.99
07-03-1972,3038.62
08-03-1972,3040.22
09-03-1972,3030.02
10-03-1972,3027.42
13-03-1972,2976.15
14-03-1972,2996.37
15-03-1972,2981.18
16-03-1972,3012.6
17-03-1972,3022.93
21-03-1972,3036.43
22-03-1972,3050.84
23-03-1972,3067.3
24-03-1972,3073.23
27-03-1972,3102.48
28-03-1972,3107.41
29-03-1972,3144.26
30-03-1972,3146.18
31-03-1972,3187.62
03-04-1972,3194.24
04-04-1972,3192.49
05-04-1972,3165.32
06-04-1972,3213.1
07-04-1972,3239.1
10-04-1972,3275.03
11-04-1972,3286.65
12-04-1972,3304.71
13-04-1972,3322.01
14-04-1972,3302.51
17-04-1972,3218
18-04-1972,3269.09
19-04-1972,3258.24
20-04-1972,3258.85
21-04-1972,3240.14
24-04-1972,3257.66
25-04-1972,3267.18
26-04-1972,3271.15
27-04-1972,3299.81
28-04-1972,3339.08
01-05-1972,3353.38
02-05-1972,3359.41
04-05-1972,3371.24
08-05-1972,3362.8
09-05-1972,3342.92
10-05-1972,3358.42
11-05-1972,3398.51
12-05-1972,3408.09
15-05-1972,3424.94
16-05-1972,3416.43
17-05-1972,3436.74
18-05-1972,3438.19
19-05-1972,3420.56
22-05-1972,3446.66
23-05-1972,3468.11
24-05-1972,3477.12
25-05-1972,3506.48
26-05-1972,3535.88
29-05-1972,3572.62
30-05-1972,3594.95
31-05-1972,3636.79
01-06-1972,3626.92
02-06-1972,3667.17
05-06-1972,3678.91
06-06-1972,3650.03
07-06-1972,3656.83
08-06-1972,3667.25
09-06-1972,3615.8
12-06-1972,3651.35
13-06-1972,3647.77
14-06-1972,3640.37
15-06-1972,3669.59
16-06-1972,3680.78
19-06-1972,3722.63
20-06-1972,3718.46
21-06-1972,3716.41
22-06-1972,3687.31
23-06-1972,3663.16
26-06-1972,3369.64
27-06-1972,3548.95
28-06-1972,3611.31
29-06-1972,3670.81
30-06-1972,3710.7
03-07-1972,3751.32
04-07-1972,3722.77
05-07-1972,3645.38
06-07-1972,3682.72
07-07-1972,3695.31
10-07-1972,3710.53
11-07-1972,3719.09
12-07-1972,3707.37
13-07-1972,3712.32
14-07-1972,3727.5
17-07-1972,3693.84
18-07-1972,3722.06
19-07-1972,3760.73
20-07-1972,3783.01
21-07-1972,3807.15
24-07-1972,3815.31
25-07-1972,3837.43
26-07-1972,3850.25
27-07-1972,3867.85
28-07-1972,3913.81
31-07-1972,3938.4
01-08-1972,3951.65
02-08-1972,3870.3
03-08-1972,3954.12
04-08-1972,3954.39
07-08-1972,3946.33
08-08-1972,3940.81
09-08-1972,3922.28
10-08-1972,3908.01
11-08-1972,3929.8
14-08-1972,3957.69
15-08-1972,3974.71
16-08-1972,4007.66
17-08-1972,4006.41
18-08-1972,4014.35
21-08-1972,4013.96
22-08-1972,4010.61
23-08-1972,4029.06
24-08-1972,4041.78
25-08-1972,4010.46
28-08-1972,3996.9
29-08-1972,4016.28
30-08-1972,4026.25
31-08-1972,4066.78
01-09-1972,4090.39
04-09-1972,4137.76
05-09-1972,4137.48
06-09-1972,4143.02
07-09-1972,4168.64
08-09-1972,4181.89
11-09-1972,4203.22
12-09-1972,4160.31
13-09-1972,4190.97
14-09-1972,4174.8
18-09-1972,4178.84
19-09-1972,4157.5
20-09-1972,4178.28
21-09-1972,4204.22
22-09-1972,4231.21
25-09-1972,4254.61
26-09-1972,4273.2
27-09-1972,4251.29
28-09-1972,4291.81
29-09-1972,4320.63
02-10-1972,4393.67
03-10-1972,4363.38
04-10-1972,4424.3
05-10-1972,4425.49
06-10-1972,4355.28
09-10-1972,4422.08
11-10-1972,4443.09
12-10-1972,4480.06
13-10-1972,4472.73
16-10-1972,4433.63
17-10-1972,4401.08
18-10-1972,4444.32
19-10-1972,4452.17
20-10-1972,4324.8
23-10-1972,4415.06
24-10-1972,4424.34
25-10-1972,4442.42
26-10-1972,4439.2
27-10-1972,4455.06
30-10-1972,4522.18
31-10-1972,4537.99
01-11-1972,4541.77
02-11-1972,4547.92
06-11-1972,4543.88
07-11-1972,4538.83
08-11-1972,4555.95
09-11-1972,4564.46
10-11-1972,4540.1
13-11-1972,4553.77
14-11-1972,4555.01
15-11-1972,4602.78
16-11-1972,4589.25
17-11-1972,4585.91
20-11-1972,4591.07
21-11-1972,4618.27
22-11-1972,4667.71
24-11-1972,4731.4
27-11-1972,4742.16
28-11-1972,4816.72
29-11-1972,4879.18
30-11-1972,4868.96
01-12-1972,4781.48
04-12-1972,4872.46
05-12-1972,4881.37
06-12-1972,4902.82
07-12-1972,4838.76
08-12-1972,4862.4
11-12-1972,4859.4
12-12-1972,4866.7
13-12-1972,4869.77
14-12-1972,4892.02
15-12-1972,4909.24
18-12-1972,4923.39
19-12-1972,4920.84
20-12-1972,4959.21
21-12-1972,4965.05
22-12-1972,5025.54
25-12-1972,5031.23
26-12-1972,5106.71
27-12-1972,5194.42
28-12-1972,5207.94
04-01-1973,5232.86
05-01-1973,5253.18
08-01-1973,5307.19
09-01-1973,5278.1
10-01-1973,5243.12
11-01-1973,5244.29
12-01-1973,5251.67
16-01-1973,5188.4
17-01-1973,5215.42
18-01-1973,5188.91
19-01-1973,5230.87
22-01-1973,5270.54
23-01-1973,5267.68
24-01-1973,5359.74
25-01-1973,5329.23
26-01-1973,5256.82
29-01-1973,5349.51
30-01-1973,5232
31-01-1973,5165.24
01-02-1973,5066.17
02-02-1973,4820.52
05-02-1973,4949.76
06-02-1973,4891.34
07-02-1973,4832.47
08-02-1973,4903.14
09-02-1973,4843.54
12-02-1973,4985.47
13-02-1973,4993.73
14-02-1973,4984.88
15-02-1973,5113.53
16-02-1973,5187.3
19-02-1973,5277.74
20-02-1973,5334.69
21-02-1973,5298.98
22-02-1973,5278.25
23-02-1973,5215.03
26-02-1973,5129.31
27-02-1973,5194.88
28-02-1973,5121.32
01-03-1973,5139.95
02-03-1973,5024.1
05-03-1973,4771.63
06-03-1973,4888.88
07-03-1973,4950.76
08-03-1973,4964.51
09-03-1973,4987.43
12-03-1973,5003.55
13-03-1973,5050.64
14-03-1973,5096.26
15-03-1973,5133.45
16-03-1973,5095.3
19-03-1973,5123.54
20-03-1973,5131.01
22-03-1973,5101.36
23-03-1973,5060.18
26-03-1973,5066.02
27-03-1973,5081.99
28-03-1973,5116.79
29-03-1973,5177.5
30-03-1973,5233.79
02-04-1973,5181.68
03-04-1973,5162.69
04-04-1973,5090.17
05-04-1973,5013.01
06-04-1973,5023.1
09-04-1973,4988.63
10-04-1973,4915.96
11-04-1973,4906.54
12-04-1973,4793.64
13-04-1973,4735.59
16-04-1973,4539.4
17-04-1973,4599.91
18-04-1973,4735.55
19-04-1973,4727.51
20-04-1973,4654.85
23-04-1973,4495.18
24-04-1973,4435.83
25-04-1973,4374.77
26-04-1973,4499.39
27-04-1973,4570.33
01-05-1973,4594.65
02-05-1973,4601.89
04-05-1973,4655.47
07-05-1973,4671.07
08-05-1973,4669.57
09-05-1973,4637.06
10-05-1973,4663.33
11-05-1973,4694.19
14-05-1973,4767.85
15-05-1973,4701.14
16-05-1973,4772.97
17-05-1973,4740.17
18-05-1973,4774.95
21-05-1973,4667.54
22-05-1973,4675.27
23-05-1973,4646.39
24-05-1973,4593.57
25-05-1973,4627.41
28-05-1973,4627.58
29-05-1973,4626.22
30-05-1973,4613.44
31-05-1973,4557.36
01-06-1973,4546.74
04-06-1973,4500.55
05-06-1973,4542.58
06-06-1973,4599.87
07-06-1973,4623.72
08-06-1973,4625.79
11-06-1973,4606.1
12-06-1973,4571.45
13-06-1973,4611.16
14-06-1973,4587.87
15-06-1973,4581.95
18-06-1973,4542.99
19-06-1973,4553.71
20-06-1973,4582.85
21-06-1973,4597.03
22-06-1973,4668.86
25-06-1973,4687.24
26-06-1973,4637.77
27-06-1973,4677.01
28-06-1973,4681.37
29-06-1973,4675.12
02-07-1973,4688.77
03-07-1973,4722.96
04-07-1973,4774.58
05-07-1973,4748.45
06-07-1973,4754.2
09-07-1973,4778.02
10-07-1973,4792.47
11-07-1973,4863.36
12-07-1973,4912.33
13-07-1973,4943.5
16-07-1973,4965.34
17-07-1973,4972.96
18-07-1973,4962.56
19-07-1973,4989.79
20-07-1973,5015.85
23-07-1973,5000.2
24-07-1973,5007.14
25-07-1973,5035.91
26-07-1973,5089.62
27-07-1973,5123.25
30-07-1973,5108.46
31-07-1973,5041.18
01-08-1973,4972.81
02-08-1973,5021.06
03-08-1973,4983.96
06-08-1973,4946.07
07-08-1973,4956.44
08-08-1973,4972.14
09-08-1973,4972.95
10-08-1973,4926.08
13-08-1973,4908.28
14-08-1973,4915.41
15-08-1973,4912.24
16-08-1973,4857.03
17-08-1973,4834.45
20-08-1973,4828.73
21-08-1973,4874.32
22-08-1973,4893.91
23-08-1973,4865.3
24-08-1973,4828.07
27-08-1973,4829.71
28-08-1973,4832.41
29-08-1973,4870.9
30-08-1973,4889.19
31-08-1973,4882.09
03-09-1973,4838.25
04-09-1973,4785.85
05-09-1973,4678.66
06-09-1973,4657.71
07-09-1973,4677.64
10-09-1973,4696.49
11-09-1973,4587.4
12-09-1973,4646.37
13-09-1973,4620.91
14-09-1973,4644.12
17-09-1973,4623.79
18-09-1973,4557.92
19-09-1973,4516.18
20-09-1973,4444.78
21-09-1973,4393.42
25-09-1973,4472.78
26-09-1973,4515.38
27-09-1973,4622.56
28-09-1973,4617.33
01-10-1973,4582.77
02-10-1973,4606.53
03-10-1973,4643.69
04-10-1973,4619.02
05-10-1973,4562.13
08-10-1973,4509.29
09-10-1973,4493.03
11-10-1973,4487.93
12-10-1973,4452.6
15-10-1973,4468.41
16-10-1973,4477.58
17-10-1973,4482.83
18-10-1973,4516.02
19-10-1973,4552.22
22-10-1973,4549.5
23-10-1973,4595.54
24-10-1973,4661.59
25-10-1973,4667.11
26-10-1973,4628.58
29-10-1973,4630.38
30-10-1973,4702.92
31-10-1973,4699.73
01-11-1973,4634.83
02-11-1973,4665.98
05-11-1973,4676.96
06-11-1973,4616.62
07-11-1973,4632.43
08-11-1973,4660.66
09-11-1973,4649
12-11-1973,4510.32
13-11-1973,4428.39
14-11-1973,4473.75
15-11-1973,4444.87
16-11-1973,4388.1
19-11-1973,4450.89
20-11-1973,4441.89
21-11-1973,4371.55
22-11-1973,4293.5
26-11-1973,4371.71
27-11-1973,4288.75
28-11-1973,4352.68
29-11-1973,4411.44
30-11-1973,4461.84
03-12-1973,4510.52
04-12-1973,4447.9
05-12-1973,4434.15
06-12-1973,4335.29
07-12-1973,4283.56
10-12-1973,4165.13
11-12-1973,4135.95
12-12-1973,4097.1
13-12-1973,4033.09
14-12-1973,4037.92
17-12-1973,4041.47
18-12-1973,3958.57
19-12-1973,3988.94
20-12-1973,4165.23
21-12-1973,4157.08
24-12-1973,4028.45
25-12-1973,4038.21
26-12-1973,4194.79
27-12-1973,4289.41
28-12-1973,4306.8
04-01-1974,4259.2
07-01-1974,4180.7
08-01-1974,4194.18
09-01-1974,4195.22
10-01-1974,4151
11-01-1974,4171.11
14-01-1974,4274.75
16-01-1974,4314.13
17-01-1974,4311.86
18-01-1974,4369.67
21-01-1974,4352.65
22-01-1974,4371.16
23-01-1974,4453.98
24-01-1974,4487.98
25-01-1974,4473.99
28-01-1974,4536.85
29-01-1974,4516.17
30-01-1974,4510.62
31-01-1974,4449.9
01-02-1974,4489.94
04-02-1974,4551.88
05-02-1974,4555.05
06-02-1974,4586.72
07-02-1974,4561.55
08-02-1974,4576.6
12-02-1974,4601.2
13-02-1974,4556.56
14-02-1974,4525.28
15-02-1974,4552.22
18-02-1974,4546.87
19-02-1974,4523.36
20-02-1974,4520.25
21-02-1974,4481.9
22-02-1974,4460.47
25-02-1974,4453.07
26-02-1974,4474.23
27-02-1974,4468.46
28-02-1974,4486.58
01-03-1974,4538.69
04-03-1974,4610.69
05-03-1974,4597.16
06-03-1974,4580.59
07-03-1974,4550.87
08-03-1974,4527.04
11-03-1974,4514.69
12-03-1974,4484.05
13-03-1974,4456.94
14-03-1974,4465.39
15-03-1974,4486.59
18-03-1974,4446.11
19-03-1974,4420.07
20-03-1974,4405.74
22-03-1974,4403.15
25-03-1974,4389.89
26-03-1974,4427.97
27-03-1974,4460.15
28-03-1974,4470.34
29-03-1974,4466.14
01-04-1974,4466.32
02-04-1974,4454.47
03-04-1974,4443.96
04-04-1974,4403.65
05-04-1974,4424.14
08-04-1974,4448.46
09-04-1974,4427.9
10-04-1974,4444.86
11-04-1974,4461.88
12-04-1974,4539.19
15-04-1974,4573.57
16-04-1974,4533.72
17-04-1974,4583
18-04-1974,4600.41
19-04-1974,4613.59
22-04-1974,4608.32
23-04-1974,4585.22
24-04-1974,4571.26
25-04-1974,4554.3
26-04-1974,4576.44
30-04-1974,4622.35
01-05-1974,4644.26
02-05-1974,4684.68
07-05-1974,4690.78
08-05-1974,4706.47
09-05-1974,4694.31
10-05-1974,4693.54
13-05-1974,4704.42
14-05-1974,4684.91
15-05-1974,4666.06
16-05-1974,4677.32
17-05-1974,4703.91
20-05-1974,4680.58
21-05-1974,4717.86
22-05-1974,4752.29
23-05-1974,4754.19
24-05-1974,4709.61
27-05-1974,4743.33
28-05-1974,4748.98
29-05-1974,4778.36
30-05-1974,4750.44
31-05-1974,4772.66
03-06-1974,4771.86
04-06-1974,4747.01
05-06-1974,4781.49
06-06-1974,4782.27
07-06-1974,4729.16
10-06-1974,4640.45
11-06-1974,4698.49
12-06-1974,4720.6
13-06-1974,4692.47
14-06-1974,4685.12
17-06-1974,4686.04
18-06-1974,4688.53
19-06-1974,4709.48
20-06-1974,4705.24
21-06-1974,4666.74
24-06-1974,4659.9
25-06-1974,4650.46
26-06-1974,4671.82
27-06-1974,4643.2
28-06-1974,4602.87
01-07-1974,4622.15
02-07-1974,4599.51
03-07-1974,4573.77
04-07-1974,4573.62
05-07-1974,4626.7
08-07-1974,4562.46
09-07-1974,4506.98
10-07-1974,4580.52
11-07-1974,4576.41
12-07-1974,4527.63
15-07-1974,4479.88
16-07-1974,4524.98
17-07-1974,4522.09
18-07-1974,4492.86
19-07-1974,4516.79
22-07-1974,4529.16
23-07-1974,4518.23
24-07-1974,4536.54
25-07-1974,4552.43
26-07-1974,4545.03
29-07-1974,4498.22
30-07-1974,4465.06
31-07-1974,4492.42
01-08-1974,4491.52
02-08-1974,4396.1
05-08-1974,4262.92
06-08-1974,4196.07
07-08-1974,4288.96
08-08-1974,4297.4
09-08-1974,4285.13
12-08-1974,4290.53
13-08-1974,4228.53
14-08-1974,4179.82
15-08-1974,4189.46
16-08-1974,4250.52
19-08-1974,4237.62
20-08-1974,4211.25
21-08-1974,4116.24
22-08-1974,4041.28
23-08-1974,4100.63
26-08-1974,3994.99
27-08-1974,4017.11
28-08-1974,3973.14
29-08-1974,3987.62
30-08-1974,4069.68
02-09-1974,4134.35
03-09-1974,4094.27
04-09-1974,4052.68
05-09-1974,4134.03
06-09-1974,4080.81
09-09-1974,4091.82
10-09-1974,4070.61
11-09-1974,4088.46
12-09-1974,4080
13-09-1974,4035.5
17-09-1974,3965.62
18-09-1974,3991.98
19-09-1974,4017.3
20-09-1974,4048.47
24-09-1974,4036.62
25-09-1974,4037.64
26-09-1974,4018.42
27-09-1974,3961.4
30-09-1974,3950
01-10-1974,3854.11
02-10-1974,3803.94
03-10-1974,3755.13
04-10-1974,3668.19
07-10-1974,3605.87
08-10-1974,3546.91
09-10-1974,3355.13
11-10-1974,3513.23
14-10-1974,3601.89
15-10-1974,3670.66
16-10-1974,3715.25
17-10-1974,3699.52
18-10-1974,3748.72
21-10-1974,3696.57
22-10-1974,3657.13
23-10-1974,3678.53
24-10-1974,3627.49
25-10-1974,3580.33
28-10-1974,3403.61
29-10-1974,3513.69
30-10-1974,3478.43
31-10-1974,3594.55
01-11-1974,3547.58
05-11-1974,3558.31
06-11-1974,3578.08
07-11-1974,3612.52
08-11-1974,3648.82
11-11-1974,3732.23
12-11-1974,3773.1
13-11-1974,3775.91
14-11-1974,3795.13
15-11-1974,3765.78
18-11-1974,3738.56
19-11-1974,3707.23
20-11-1974,3694.99
21-11-1974,3665.1
22-11-1974,3759.86
25-11-1974,3823.07
26-11-1974,3860.58
27-11-1974,3929.37
28-11-1974,3918.55
29-11-1974,3927.49
02-12-1974,3974.72
03-12-1974,3953.71
04-12-1974,3908.25
05-12-1974,3904.94
06-12-1974,3850.17
09-12-1974,3970.66
10-12-1974,3943.43
11-12-1974,3931.38
12-12-1974,3920.35
13-12-1974,3886.18
16-12-1974,3902.2
17-12-1974,3903.08
18-12-1974,3916.62
19-12-1974,3903.59
20-12-1974,3886.54
23-12-1974,3867.76
24-12-1974,3834.21
25-12-1974,3896.01
26-12-1974,3889.89
27-12-1974,3836.93
06-01-1975,3717.58
07-01-1975,3742.58
08-01-1975,3676.02
09-01-1975,3652.53
10-01-1975,3627.04
13-01-1975,3657.82
14-01-1975,3721.75
16-01-1975,3741.2
17-01-1975,3829.37
20-01-1975,3823.32
21-01-1975,3791.62
22-01-1975,3765.96
23-01-1975,3752.16
24-01-1975,3747.01
27-01-1975,3781.09
28-01-1975,3841.98
29-01-1975,3886.09
30-01-1975,3949.11
31-01-1975,3957.53
03-02-1975,3998.59
04-02-1975,4003.75
05-02-1975,4037.78
06-02-1975,4038.35
07-02-1975,4036.41
10-02-1975,4092.3
12-02-1975,4094.31
13-02-1975,4120.89
14-02-1975,4107.63
17-02-1975,4139.51
18-02-1975,4084.93
19-02-1975,4053.53
20-02-1975,4095.39
21-02-1975,4105.05
24-02-1975,4182.86
25-02-1975,4185.5
26-02-1975,4206.32
27-02-1975,4246.59
28-02-1975,4273.39
03-03-1975,4302.04
04-03-1975,4265.79
05-03-1975,4257.42
06-03-1975,4260.3
07-03-1975,4281.04
10-03-1975,4330.14
11-03-1975,4320.95
12-03-1975,4348.07
13-03-1975,4301.32
14-03-1975,4260.56
17-03-1975,4273.3
18-03-1975,4293.46
19-03-1975,4274.38
20-03-1975,4246.98
24-03-1975,4226.87
25-03-1975,4247.49
26-03-1975,4260.52
27-03-1975,4320.57
28-03-1975,4392.62
31-03-1975,4484.97
01-04-1975,4478.97
02-04-1975,4492.29
03-04-1975,4494.03
04-04-1975,4442.91
07-04-1975,4394.68
08-04-1975,4405.12
09-04-1975,4450.96
10-04-1975,4461.86
11-04-1975,4461.16
14-04-1975,4473.18
15-04-1975,4443.57
16-04-1975,4421.65
17-04-1975,4422.71
18-04-1975,4421.44
21-04-1975,4398.62
22-04-1975,4355.11
23-04-1975,4371.97
24-04-1975,4365.34
25-04-1975,4391.99
28-04-1975,4474.5
30-04-1975,4484.84
01-05-1975,4504.31
02-05-1975,4548.04
06-05-1975,4548.4
07-05-1975,4546.46
08-05-1975,4552.61
09-05-1975,4534.87
12-05-1975,4564.52
13-05-1975,4515.16
14-05-1975,4522.63
15-05-1975,4551.6
16-05-1975,4544.98
19-05-1975,4511.36
20-05-1975,4518.77
21-05-1975,4504.68
22-05-1975,4521.48
23-05-1975,4473.65
26-05-1975,4457.38
27-05-1975,4469.59
28-05-1975,4459.16
29-05-1975,4423.4
30-05-1975,4407.73
02-06-1975,4378.51
03-06-1975,4399.94
04-06-1975,4466.64
05-06-1975,4486.78
06-06-1975,4534.66
09-06-1975,4489.02
10-06-1975,4476
11-06-1975,4490.46
12-06-1975,4473.92
13-06-1975,4468.82
16-06-1975,4506.2
17-06-1975,4510.23
18-06-1975,4498.19
19-06-1975,4496.99
20-06-1975,4488.55
23-06-1975,4500.25
24-06-1975,4523.69
25-06-1975,4515.61
26-06-1975,4485
27-06-1975,4498.11
30-06-1975,4532.54
01-07-1975,4541.25
02-07-1975,4531.44
03-07-1975,4491.47
04-07-1975,4445.72
07-07-1975,4410.6
08-07-1975,4389.93
09-07-1975,4413.17
10-07-1975,4408.37
11-07-1975,4427.32
14-07-1975,4427.54
15-07-1975,4432.02
16-07-1975,4435.25
17-07-1975,4395.73
18-07-1975,4377.37
21-07-1975,4303.38
22-07-1975,4302.29
23-07-1975,4321.48
24-07-1975,4306.8
25-07-1975,4322.94
28-07-1975,4290.96
29-07-1975,4329.95
30-07-1975,4311.31
31-07-1975,4333.04
01-08-1975,4292.55
04-08-1975,4305.01
05-08-1975,4259.23
06-08-1975,4238.96
07-08-1975,4215.88
08-08-1975,4244.81
11-08-1975,4240.62
12-08-1975,4217.49
13-08-1975,4194.49
14-08-1975,4205.73
15-08-1975,4229.67
18-08-1975,4238.6
19-08-1975,4224.86
20-08-1975,4183.97
21-08-1975,4159.79
22-08-1975,4134.99
25-08-1975,4098.59
26-08-1975,4051.04
27-08-1975,4036.34
28-08-1975,4007.14
29-08-1975,4060.57
01-09-1975,4045.98
02-09-1975,4047.82
03-09-1975,4011.35
04-09-1975,3949.53
05-09-1975,3887.89
08-09-1975,3972.8
09-09-1975,3947.12
10-09-1975,3963.02
11-09-1975,4002.89
12-09-1975,4027.83
16-09-1975,4031.75
17-09-1975,4024.94
18-09-1975,3992.91
19-09-1975,3973.71
22-09-1975,3934.18
23-09-1975,3942.3
25-09-1975,3933.32
26-09-1975,3895.05
29-09-1975,3814.02
30-09-1975,3886.39
01-10-1975,3870.11
02-10-1975,3891.09
03-10-1975,3981.53
06-10-1975,4101.68
07-10-1975,4100.82
08-10-1975,4149.5
09-10-1975,4201.62
13-10-1975,4180.64
14-10-1975,4213.81
15-10-1975,4234.97
16-10-1975,4233.15
17-10-1975,4257.86
20-10-1975,4289.2
21-10-1975,4260.59
22-10-1975,4294.16
23-10-1975,4296.66
24-10-1975,4311.12
27-10-1975,4332.79
28-10-1975,4320.1
29-10-1975,4360.42
30-10-1975,4322.33
31-10-1975,4352.05
04-11-1975,4339.48
05-11-1975,4306.9
06-11-1975,4282.26
07-11-1975,4322.85
10-11-1975,4354.96
11-11-1975,4335.39
12-11-1975,4337.65
13-11-1975,4309.88
14-11-1975,4313.77
17-11-1975,4312.07
18-11-1975,4318.36
19-11-1975,4282.39
20-11-1975,4307.77
21-11-1975,4287.93
25-11-1975,4245.39
26-11-1975,4301.72
27-11-1975,4323.22
28-11-1975,4329.77
01-12-1975,4306.75
02-12-1975,4305.2
03-12-1975,4331.88
04-12-1975,4307.17
05-12-1975,4310
08-12-1975,4267.49
09-12-1975,4233.02
10-12-1975,4249.12
11-12-1975,4249.55
12-12-1975,4230.21
15-12-1975,4225.05
16-12-1975,4212.16
17-12-1975,4177.12
18-12-1975,4181.54
19-12-1975,4220.25
22-12-1975,4235.01
23-12-1975,4222.4
24-12-1975,4258.3
25-12-1975,4310.25
26-12-1975,4342.06
05-01-1976,4403.06
06-01-1976,4449.7
07-01-1976,4469.1
08-01-1976,4485.77
09-01-1976,4484.05
12-01-1976,4580.77
13-01-1976,4588.46
14-01-1976,4605.19
16-01-1976,4629.56
19-01-1976,4609.26
20-01-1976,4627.02
21-01-1976,4617.4
22-01-1976,4568.16
23-01-1976,4582.59
26-01-1976,4639.62
27-01-1976,4660.46
28-01-1976,4637.41
29-01-1976,4626.85
30-01-1976,4656.86
02-02-1976,4670.29
03-02-1976,4631.42
04-02-1976,4649.69
05-02-1976,4633.95
06-02-1976,4587.77
09-02-1976,4519.02
10-02-1976,4520.5
12-02-1976,4537.79
13-02-1976,4568.13
16-02-1976,4539.5
17-02-1976,4540.55
18-02-1976,4506.66
19-02-1976,4461.63
20-02-1976,4489.23
23-02-1976,4496.37
24-02-1976,4500.53
25-02-1976,4554.33
26-02-1976,4599.4
27-02-1976,4628.76
01-03-1976,4630.53
02-03-1976,4622.71
03-03-1976,4618.48
04-03-1976,4610.28
05-03-1976,4612.59
08-03-1976,4592.5
09-03-1976,4587.44
10-03-1976,4607.5
11-03-1976,4611.22
12-03-1976,4598.79
15-03-1976,4607.3
16-03-1976,4590.91
17-03-1976,4582.94
18-03-1976,4601.87
19-03-1976,4610.69
22-03-1976,4625.74
23-03-1976,4626.47
24-03-1976,4635.45
25-03-1976,4622.7
26-03-1976,4607.78
29-03-1976,4566.7
30-03-1976,4552.53
31-03-1976,4596.48
01-04-1976,4581.82
02-04-1976,4574.36
05-04-1976,4511.88
06-04-1976,4479.97
07-04-1976,4522.53
08-04-1976,4500.51
09-04-1976,4464.25
12-04-1976,4423.1
13-04-1976,4408.21
14-04-1976,4413.19
15-04-1976,4457.73
16-04-1976,4475.1
19-04-1976,4477.42
20-04-1976,4508.8
21-04-1976,4535.82
22-04-1976,4553.08
23-04-1976,4573.31
26-04-1976,4566.07
27-04-1976,4614.94
28-04-1976,4641.76
30-04-1976,4656.96
04-05-1976,4638.13
06-05-1976,4581.71
07-05-1976,4614.83
10-05-1976,4631.18
11-05-1976,4625.98
12-05-1976,4615.11
13-05-1976,4648.06
14-05-1976,4633.19
17-05-1976,4630.63
18-05-1976,4573.29
19-05-1976,4587.8
20-05-1976,4602.62
21-05-1976,4581.7
24-05-1976,4589.9
25-05-1976,4569.08
26-05-1976,4588.15
27-05-1976,4570.72
28-05-1976,4608.95
31-05-1976,4659.46
01-06-1976,4686
02-06-1976,4706.5
03-06-1976,4727.71
04-06-1976,4717.34
07-06-1976,4733.95
08-06-1976,4699.96
09-06-1976,4705.88
10-06-1976,4689.35
11-06-1976,4688.52
14-06-1976,4707.05
15-06-1976,4737.7
16-06-1976,4753.44
17-06-1976,4737.33
18-06-1976,4696.3
21-06-1976,4739.26
22-06-1976,4700.85
23-06-1976,4703.17
24-06-1976,4708.53
25-06-1976,4725.45
28-06-1976,4794.68
29-06-1976,4823.92
30-06-1976,4852.13
01-07-1976,4865.55
02-07-1976,4853.68
05-07-1976,4846.5
06-07-1976,4843.28
07-07-1976,4854.54
08-07-1976,4814.17
09-07-1976,4839
12-07-1976,4808.03
13-07-1976,4775.4
14-07-1976,4746.39
15-07-1976,4695.68
16-07-1976,4708.48
19-07-1976,4688.49
20-07-1976,4706.81
21-07-1976,4697.09
22-07-1976,4705.24
23-07-1976,4721.48
26-07-1976,4667.1
27-07-1976,4679.51
28-07-1976,4678.22
29-07-1976,4646.6
30-07-1976,4641.83
02-08-1976,4640.89
03-08-1976,4651.58
04-08-1976,4693.97
05-08-1976,4707.9
06-08-1976,4717.87
09-08-1976,4711.89
10-08-1976,4725.98
11-08-1976,4743.93
12-08-1976,4730.78
13-08-1976,4736.93
16-08-1976,4722.83
17-08-1976,4729.9
18-08-1976,4732.63
19-08-1976,4734.06
20-08-1976,4716.87
23-08-1976,4696.64
24-08-1976,4697.31
25-08-1976,4695.03
26-08-1976,4682.3
27-08-1976,4689.61
30-08-1976,4696.84
31-08-1976,4738.14
01-09-1976,4786.15
02-09-1976,4781.81
03-09-1976,4764.84
06-09-1976,4739.34
07-09-1976,4700.81
08-09-1976,4699.45
09-09-1976,4676.57
10-09-1976,4707.7
13-09-1976,4729.7
14-09-1976,4702.84
16-09-1976,4710.97
17-09-1976,4722.89
20-09-1976,4726.55
21-09-1976,4738.6
22-09-1976,4744.5
24-09-1976,4730.66
27-09-1976,4722.06
28-09-1976,4781.79
29-09-1976,4834.09
30-09-1976,4830.4
01-10-1976,4815.54
04-10-1976,4835.27
05-10-1976,4829.94
06-10-1976,4825.31
07-10-1976,4804.61
08-10-1976,4778.78
12-10-1976,4693.24
13-10-1976,4704.5
14-10-1976,4703.37
15-10-1976,4697.09
18-10-1976,4684.37
19-10-1976,4645.32
20-10-1976,4626.99
21-10-1976,4637.91
22-10-1976,4618.81
25-10-1976,4615.5
26-10-1976,4618.53
27-10-1976,4633.2
28-10-1976,4641.03
29-10-1976,4646.27
01-11-1976,4645.54
02-11-1976,4619.04
04-11-1976,4575.74
05-11-1976,4522.15
08-11-1976,4528.61
09-11-1976,4558.9
10-11-1976,4598.94
11-11-1976,4586.92
12-11-1976,4565.39
15-11-1976,4553.16
16-11-1976,4518.71
17-11-1976,4514.19
18-11-1976,4459.91
19-11-1976,4451.62
22-11-1976,4478.14
24-11-1976,4534.17
25-11-1976,4561.67
26-11-1976,4571.28
29-11-1976,4541.61
30-11-1976,4506.6
01-12-1976,4504.78
02-12-1976,4496.5
03-12-1976,4542.92
06-12-1976,4585.94
07-12-1976,4650.62
08-12-1976,4717.58
09-12-1976,4765.62
10-12-1976,4765.3
13-12-1976,4751.49
14-12-1976,4731.05
15-12-1976,4764.03
16-12-1976,4765.07
17-12-1976,4793.85
20-12-1976,4820.11
21-12-1976,4863.53
22-12-1976,4911.83
23-12-1976,4909.48
24-12-1976,4900.19
27-12-1976,4973.69
28-12-1976,4990.85
04-01-1977,4998.85
05-01-1977,4983.57
06-01-1977,4950.77
07-01-1977,4960.22
10-01-1977,5008.27
11-01-1977,4937.07
12-01-1977,4928.09
13-01-1977,4958.01
14-01-1977,4994.82
17-01-1977,4983.01
18-01-1977,4942.81
19-01-1977,4989.51
20-01-1977,4992.26
21-01-1977,5011.93
24-01-1977,5054.11
25-01-1977,5044.55
26-01-1977,5073
27-01-1977,5046
28-01-1977,5041.01
31-01-1977,4962.47
01-02-1977,5008.32
02-02-1977,5071.97
03-02-1977,5046.6
04-02-1977,5065.28
07-02-1977,5078.75
08-02-1977,5086.7
09-02-1977,5068.11
10-02-1977,5053.92
14-02-1977,4979.03
15-02-1977,4987.8
16-02-1977,5014.17
17-02-1977,5056.5
18-02-1977,5037.93
21-02-1977,5023.52
22-02-1977,5024.58
23-02-1977,5037.91
24-02-1977,5041.71
25-02-1977,5050.87
28-02-1977,5079.11
01-03-1977,5073.65
02-03-1977,5057.65
03-03-1977,5056.89
04-03-1977,5059.84
07-03-1977,5034.52
08-03-1977,5009.54
09-03-1977,5011.14
10-03-1977,5011.52
11-03-1977,5010.65
14-03-1977,4962.6
15-03-1977,4997.06
16-03-1977,4998.61
17-03-1977,4988.85
18-03-1977,5013.7
22-03-1977,4989.09
23-03-1977,4978.34
24-03-1977,4961.8
25-03-1977,4975.62
28-03-1977,4978.25
29-03-1977,4987.99
30-03-1977,5011.75
31-03-1977,5036.46
01-04-1977,5001.21
04-04-1977,4970.68
05-04-1977,4879.53
06-04-1977,4893.32
07-04-1977,4870.24
08-04-1977,4890.21
11-04-1977,4926.56
12-04-1977,4969
13-04-1977,5011.6
14-04-1977,5021.13
15-04-1977,5037.73
18-04-1977,5034.77
19-04-1977,5075.43
20-04-1977,5118.44
21-04-1977,5157.07
22-04-1977,5143.32
25-04-1977,5102.9
26-04-1977,5092.9
27-04-1977,5091.96
28-04-1977,5099.05
02-05-1977,5132.89
04-05-1977,5141.86
06-05-1977,5140.34
09-05-1977,5124.21
10-05-1977,5088.57
11-05-1977,5079.61
12-05-1977,5048.99
13-05-1977,5049.25
16-05-1977,5044.51
17-05-1977,5036.81
18-05-1977,5032.86
19-05-1977,5024.38
20-05-1977,5027.66
23-05-1977,5027.61
24-05-1977,5023.88
25-05-1977,5022.04
26-05-1977,4989.27
27-05-1977,4994.71
30-05-1977,4986.3
31-05-1977,5026.14
01-06-1977,5014.5
02-06-1977,4992.16
03-06-1977,4991.66
06-06-1977,5012.06
07-06-1977,4965.43
08-06-1977,4954.83
09-06-1977,4955.3
10-06-1977,4927.54
13-06-1977,4926.49
14-06-1977,4913.68
15-06-1977,4918.57
16-06-1977,4970.19
17-06-1977,4992.04
20-06-1977,4973.92
21-06-1977,4956.64
22-06-1977,4935.25
23-06-1977,4950.55
24-06-1977,4977.23
27-06-1977,4999.53
28-06-1977,5006.79
29-06-1977,4989.09
30-06-1977,4975.93
01-07-1977,4978.42
04-07-1977,4977.98
05-07-1977,4942.51
06-07-1977,4972.49
07-07-1977,4985.46
08-07-1977,5038.64
11-07-1977,5079.27
12-07-1977,5057.95
13-07-1977,5054.54
14-07-1977,5028.78
15-07-1977,5025.15
18-07-1977,5001.02
19-07-1977,4954.07
20-07-1977,4963.45
21-07-1977,4970.58
22-07-1977,4950.34
25-07-1977,4936.39
26-07-1977,4916.57
27-07-1977,4903.94
28-07-1977,4849.35
29-07-1977,4898.14
01-08-1977,4970.71
02-08-1977,5011.74
03-08-1977,5059.13
04-08-1977,5061.34
05-08-1977,5074.79
08-08-1977,5076.09
09-08-1977,5066.64
10-08-1977,5092.79
11-08-1977,5133.99
12-08-1977,5160.26
15-08-1977,5202.01
16-08-1977,5231.58
17-08-1977,5216.02
18-08-1977,5220.26
19-08-1977,5220.11
22-08-1977,5165.04
23-08-1977,5183.6
24-08-1977,5150.24
25-08-1977,5180.36
26-08-1977,5190.88
29-08-1977,5234.18
30-08-1977,5242.93
31-08-1977,5243.46
01-09-1977,5238.6
02-09-1977,5246.55
05-09-1977,5287.65
06-09-1977,5270.77
07-09-1977,5280.31
08-09-1977,5251.33
09-09-1977,5199.72
12-09-1977,5203.16
13-09-1977,5201.93
14-09-1977,5206.17
16-09-1977,5207.49
19-09-1977,5177.71
20-09-1977,5196.09
21-09-1977,5188.49
22-09-1977,5157.3
26-09-1977,5159.77
27-09-1977,5185
28-09-1977,5222.45
29-09-1977,5264.74
30-09-1977,5264.38
03-10-1977,5262.26
04-10-1977,5223.09
05-10-1977,5246.49
06-10-1977,5237.43
07-10-1977,5231.61
11-10-1977,5138.06
12-10-1977,5188.39
13-10-1977,5152.86
14-10-1977,5125.22
17-10-1977,5108.28
18-10-1977,5110.8
19-10-1977,5142.58
20-10-1977,5150.05
21-10-1977,5137.38
24-10-1977,5134.15
25-10-1977,5127.56
26-10-1977,5121.54
27-10-1977,5120.52
28-10-1977,5069.38
31-10-1977,5079.61
01-11-1977,5021.08
02-11-1977,5024.82
04-11-1977,5020.1
07-11-1977,5024.28
08-11-1977,4976.43
09-11-1977,4974.65
10-11-1977,4941.21
11-11-1977,4950.81
14-11-1977,4996.35
15-11-1977,4951.79
16-11-1977,4903.5
17-11-1977,4836.52
18-11-1977,4853.42
21-11-1977,4829.23
22-11-1977,4723.74
24-11-1977,4597.26
25-11-1977,4647.78
28-11-1977,4822.5
29-11-1977,4849.56
30-11-1977,4936.89
01-12-1977,4913.12
02-12-1977,4945.7
05-12-1977,4904.4
06-12-1977,4886.68
07-12-1977,4815.92
08-12-1977,4843.33
09-12-1977,4833.36
12-12-1977,4808.97
13-12-1977,4778.53
14-12-1977,4808.97
15-12-1977,4797.04
16-12-1977,4880.45
19-12-1977,4910.54
20-12-1977,4901.19
21-12-1977,4896.56
22-12-1977,4878.94
23-12-1977,4871.82
26-12-1977,4884.76
27-12-1977,4863.01
28-12-1977,4865.6
04-01-1978,4867.91
05-01-1978,4941.18
06-01-1978,4974.65
09-01-1978,4994.73
10-01-1978,4968.49
11-01-1978,5007.23
12-01-1978,4995.98
13-01-1978,5030.98
17-01-1978,5038.92
18-01-1978,5063.11
19-01-1978,5066.15
20-01-1978,5064.1
23-01-1978,5046.24
24-01-1978,5025.89
25-01-1978,5007.23
26-01-1978,5021.51
27-01-1978,5028.41
30-01-1978,5077.54
31-01-1978,5111.67
01-02-1978,5138.47
02-02-1978,5135.34
03-02-1978,5129
06-02-1978,5133.02
07-02-1978,5131.32
08-02-1978,5144.63
09-02-1978,5148.12
10-02-1978,5144.54
13-02-1978,5158.3
14-02-1978,5136.23
15-02-1978,5124.62
16-02-1978,5131.95
17-02-1978,5086.3
20-02-1978,5086.3
21-02-1978,5061.82
22-02-1978,5085.4
23-02-1978,5104.25
24-02-1978,5121.8
27-02-1978,5222.12
28-02-1978,5222.66
01-03-1978,5210.58
02-03-1978,5213.89
03-03-1978,5237.96
06-03-1978,5197.87
07-03-1978,5209.24
08-03-1978,5190.62
09-03-1978,5177.47
10-03-1978,5211.74
13-03-1978,5275.55
14-03-1978,5269.2
15-03-1978,5278.95
16-03-1978,5297.66
17-03-1978,5290.67
20-03-1978,5269.73
22-03-1978,5273.67
23-03-1978,5266.78
24-03-1978,5262.48
27-03-1978,5317.08
28-03-1978,5360.34
29-03-1978,5400.77
30-03-1978,5411.28
31-03-1978,5447.76
03-04-1978,5430.33
04-04-1978,5479.74
05-04-1978,5527.9
06-04-1978,5498.25
07-04-1978,5485.22
10-04-1978,5464.83
11-04-1978,5449.82
12-04-1978,5464.65
13-04-1978,5466.18
14-04-1978,5503.55
17-04-1978,5544.61
18-04-1978,5534.72
19-04-1978,5555.84
20-04-1978,5548.56
21-04-1978,5502.29
24-04-1978,5514.78
25-04-1978,5521.7
26-04-1978,5540.56
27-04-1978,5516.84
28-04-1978,5534.18
01-05-1978,5532.93
02-05-1978,5541.1
04-05-1978,5542.09
08-05-1978,5526.64
09-05-1978,5490.25
10-05-1978,5486.12
11-05-1978,5489.26
12-05-1978,5497.98
15-05-1978,5499.51
16-05-1978,5418.83
17-05-1978,5440.12
18-05-1978,5406.88
19-05-1978,5404.19
22-05-1978,5408.23
23-05-1978,5417.48
24-05-1978,5455.31
25-05-1978,5455.93
26-05-1978,5439.4
29-05-1978,5439.94
30-05-1978,5438.51
31-05-1978,5469.77
01-06-1978,5476.24
02-06-1978,5480.55
05-06-1978,5495.28
06-06-1978,5489.8
07-06-1978,5490.43
08-06-1978,5504.72
09-06-1978,5500.67
12-06-1978,5511.99
13-06-1978,5493.67
14-06-1978,5502.11
15-06-1978,5495.91
16-06-1978,5491.51
19-06-1978,5477.32
20-06-1978,5474.8
21-06-1978,5478.84
22-06-1978,5483.87
23-06-1978,5481.36
26-06-1978,5481.27
27-06-1978,5472.1
28-06-1978,5501.04
29-06-1978,5533.31
30-06-1978,5543.14
03-07-1978,5562.97
04-07-1978,5562.01
05-07-1978,5576.34
06-07-1978,5588.13
07-07-1978,5616.89
10-07-1978,5631.4
11-07-1978,5628.32
12-07-1978,5627.26
13-07-1978,5624.19
14-07-1978,5629.2
17-07-1978,5636.85
18-07-1978,5636.15
19-07-1978,5640.63
20-07-1978,5635.44
21-07-1978,5614.25
24-07-1978,5578.01
25-07-1978,5562.45
26-07-1978,5575.29
27-07-1978,5575.11
28-07-1978,5578.02
31-07-1978,5601.34
01-08-1978,5585.41
02-08-1978,5550.82
03-08-1978,5556.72
04-08-1978,5576.61
07-08-1978,5557.95
08-08-1978,5492.21
09-08-1978,5480.77
10-08-1978,5496.79
11-08-1978,5502.6
14-08-1978,5508.14
15-08-1978,5493.97
16-08-1978,5497.93
17-08-1978,5489.66
18-08-1978,5495.56
21-08-1978,5513.33
22-08-1978,5518.88
23-08-1978,5520.73
24-08-1978,5503.74
25-08-1978,5510.43
28-08-1978,5506.12
29-08-1978,5527.77
30-08-1978,5557.42
31-08-1978,5585.41
01-09-1978,5599.58
04-09-1978,5637.68
05-09-1978,5641.38
06-09-1978,5637.24
07-09-1978,5651.24
08-09-1978,5610.31
11-09-1978,5640.24
12-09-1978,5662.06
13-09-1978,5661.89
14-09-1978,5660.3
18-09-1978,5672.36
19-09-1978,5652.91
20-09-1978,5622.11
21-09-1978,5623.51
22-09-1978,5637.16
25-09-1978,5662.06
26-09-1978,5693.92
27-09-1978,5738.27
28-09-1978,5754.21
29-09-1978,5772.36
02-10-1978,5780.86
03-10-1978,5779.53
04-10-1978,5787.85
05-10-1978,5790.77
06-10-1978,5792.54
09-10-1978,5758.9
11-10-1978,5757.57
12-10-1978,5731.89
13-10-1978,5727.91
16-10-1978,5797.06
17-10-1978,5837.63
18-10-1978,5857.91
19-10-1978,5872.53
20-10-1978,5873.42
23-10-1978,5860.22
24-10-1978,5811.32
25-10-1978,5834.86
26-10-1978,5836.98
27-10-1978,5887.32
30-10-1978,5926.82
31-10-1978,5902.93
01-11-1978,5872.42
02-11-1978,5895.87
06-11-1978,5936.17
07-11-1978,5943.93
08-11-1978,5957.94
09-11-1978,5948.25
10-11-1978,5968.26
13-11-1978,5973.37
14-11-1978,5942.87
15-11-1978,5900.18
16-11-1978,5919.68
17-11-1978,5933.89
20-11-1978,5945.98
21-11-1978,5955.34
22-11-1978,5978.82
24-11-1978,5985.44
27-11-1978,5979.44
28-11-1978,5945.28
29-11-1978,5946.78
30-11-1978,5967.43
01-12-1978,6002.74
04-12-1978,6056.58
05-12-1978,6052.69
06-12-1978,6050.93
07-12-1978,6060.37
08-12-1978,6074.93
11-12-1978,6097
12-12-1978,6079.26
13-12-1978,6097.26
14-12-1978,6083.94
15-12-1978,6030.36
18-12-1978,5978.46
19-12-1978,5983.32
20-12-1978,5974.67
21-12-1978,5873.17
22-12-1978,5884.29
25-12-1978,5888.35
26-12-1978,5925.6
27-12-1978,5979.08
28-12-1978,6001.85
04-01-1979,6041.57
05-01-1979,6072.29
08-01-1979,6076.88
09-01-1979,6081.09
10-01-1979,6100.35
11-01-1979,6116.37
12-01-1979,6113.49
16-01-1979,6118.04
17-01-1979,6111.82
18-01-1979,6106.57
19-01-1979,6106.13
22-01-1979,6107.62
23-01-1979,6126.01
24-01-1979,6150.96
25-01-1979,6157.71
26-01-1979,6160.07
29-01-1979,6192.29
30-01-1979,6186.08
31-01-1979,6212.78
01-02-1979,6200
02-02-1979,6187.3
05-02-1979,6148.86
06-02-1979,6095.18
07-02-1979,6106.04
08-02-1979,6100.7
09-02-1979,6036.6
13-02-1979,6023.64
14-02-1979,6061.03
15-02-1979,6101.93
16-02-1979,6128.9
19-02-1979,6124.96
20-02-1979,6116.11
21-02-1979,6097.37
22-02-1979,6105.83
23-02-1979,6080.94
26-02-1979,6089.12
27-02-1979,6065.29
28-02-1979,6072.88
01-03-1979,5975.56
02-03-1979,5972.94
05-03-1979,6014.23
06-03-1979,5992.84
07-03-1979,6017.28
08-03-1979,6026.01
09-03-1979,6042.94
12-03-1979,6062.58
13-03-1979,6058.3
14-03-1979,6048.01
15-03-1979,6024.53
16-03-1979,6025.75
19-03-1979,6029.85
20-03-1979,6053.77
22-03-1979,6074.71
23-03-1979,6079.86
26-03-1979,6101.6
27-03-1979,6109.02
28-03-1979,6108.3
29-03-1979,6136.02
30-03-1979,6133.97
02-04-1979,6088.99
03-04-1979,6035.07
04-04-1979,6039.18
05-04-1979,6049
06-04-1979,6049.99
09-04-1979,6010.98
10-04-1979,5925.87
11-04-1979,6043.03
12-04-1979,6071.01
13-04-1979,6115.67
16-04-1979,6110.02
17-04-1979,6078.62
18-04-1979,6058.63
19-04-1979,6064.87
20-04-1979,6102.97
23-04-1979,6120.52
24-04-1979,6139.17
25-04-1979,6178.78
26-04-1979,6193.96
27-04-1979,6223.14
01-05-1979,6236.92
02-05-1979,6277.6
04-05-1979,6286.1
07-05-1979,6253.56
08-05-1979,6236.82
09-05-1979,6248.88
10-05-1979,6264.04
11-05-1979,6274.12
14-05-1979,6296.92
15-05-1979,6308.88
16-05-1979,6341.26
17-05-1979,6287
18-05-1979,6315.48
21-05-1979,6306.72
22-05-1979,6263.58
23-05-1979,6233.53
24-05-1979,6300.45
25-05-1979,6313.82
28-05-1979,6332.88
29-05-1979,6293.04
30-05-1979,6307.45
31-05-1979,6252.59
01-06-1979,6176.93
04-06-1979,6198.71
05-06-1979,6123.96
06-06-1979,6175.65
07-06-1979,6186.26
08-06-1979,6176.56
11-06-1979,6065.19
12-06-1979,6097.16
13-06-1979,6120.31
14-06-1979,6100.54
15-06-1979,6143.94
18-06-1979,6188.21
19-06-1979,6186.45
20-06-1979,6200.75
21-06-1979,6248.47
22-06-1979,6247.54
25-06-1979,6239.84
26-06-1979,6240.59
27-06-1979,6258.04
28-06-1979,6250.04
29-06-1979,6247.26
02-07-1979,6283.14
03-07-1979,6303.08
04-07-1979,6310.03
05-07-1979,6292.42
06-07-1979,6280.11
09-07-1979,6258.71
10-07-1979,6177.21
11-07-1979,6207.57
12-07-1979,6154.81
13-07-1979,6109.3
16-07-1979,6188.73
17-07-1979,6181.66
18-07-1979,6181.3
19-07-1979,6180.3
20-07-1979,6179.9
23-07-1979,6180.41
24-07-1979,6210.91
25-07-1979,6250.31
26-07-1979,6243.94
27-07-1979,6264.66
30-07-1979,6275.31
31-07-1979,6313.77
01-08-1979,6322.68
02-08-1979,6329.59
03-08-1979,6355.72
06-08-1979,6392.18
07-08-1979,6364.73
08-08-1979,6402.67
09-08-1979,6392.16
10-08-1979,6394.99
13-08-1979,6394.63
14-08-1979,6395.22
15-08-1979,6424.15
16-08-1979,6443.56
17-08-1979,6452.56
20-08-1979,6448.72
21-08-1979,6403.29
22-08-1979,6415.8
23-08-1979,6396.84
24-08-1979,6384.49
27-08-1979,6408.11
28-08-1979,6435.63
29-08-1979,6445.42
30-08-1979,6437.25
31-08-1979,6436.13
03-09-1979,6405.79
04-09-1979,6401.68
05-09-1979,6411.64
06-09-1979,6425.5
07-09-1979,6410.96
10-09-1979,6410.41
11-09-1979,6426.61
12-09-1979,6451.72
13-09-1979,6447.87
14-09-1979,6455
17-09-1979,6438.12
18-09-1979,6459.83
19-09-1979,6482.56
20-09-1979,6465.66
21-09-1979,6490.34
25-09-1979,6491
26-09-1979,6477.86
27-09-1979,6539.71
28-09-1979,6568.61
01-10-1979,6577.89
02-10-1979,6545.12
03-10-1979,6542.7
04-10-1979,6532.94
05-10-1979,6568.83
08-10-1979,6495.7
09-10-1979,6512.84
11-10-1979,6395.95
12-10-1979,6439.75
15-10-1979,6526.83
16-10-1979,6516.62
17-10-1979,6496.09
18-10-1979,6427.57
19-10-1979,6416.84
22-10-1979,6341.73
23-10-1979,6371.13
24-10-1979,6225.71
25-10-1979,6235.32
26-10-1979,6207.89
29-10-1979,6319.35
30-10-1979,6406.58
31-10-1979,6444.13
01-11-1979,6415.35
02-11-1979,6424.97
05-11-1979,6423.2
06-11-1979,6451.83
07-11-1979,6368.11
08-11-1979,6390.62
09-11-1979,6403.47
12-11-1979,6414.82
13-11-1979,6401.75
14-11-1979,6414.11
15-11-1979,6372.57
16-11-1979,6387.11
19-11-1979,6374.97
20-11-1979,6363.71
21-11-1979,6303.6
22-11-1979,6328.56
26-11-1979,6387.5
27-11-1979,6407.8
28-11-1979,6420.25
29-11-1979,6440.84
30-11-1979,6450.19
03-12-1979,6475.55
04-12-1979,6487.65
05-12-1979,6507.65
06-12-1979,6502.96
07-12-1979,6461.34
10-12-1979,6452.14
11-12-1979,6443.98
12-12-1979,6501.24
13-12-1979,6493.63
14-12-1979,6509.77
17-12-1979,6491.25
18-12-1979,6478.38
19-12-1979,6477.11
20-12-1979,6526.13
21-12-1979,6535.94
24-12-1979,6522.87
25-12-1979,6546.44
26-12-1979,6531.23
27-12-1979,6528.83
28-12-1979,6569.47
04-01-1980,6560.16
07-01-1980,6552.65
08-01-1980,6563.28
09-01-1980,6591.83
10-01-1980,6594.01
11-01-1980,6615.51
14-01-1980,6659.55
16-01-1980,6653.26
17-01-1980,6656.3
18-01-1980,6649.3
21-01-1980,6666.27
22-01-1980,6684.59
23-01-1980,6694.19
24-01-1980,6746.93
25-01-1980,6767.71
28-01-1980,6763.61
29-01-1980,6770.83
30-01-1980,6776.6
31-01-1980,6768.16
01-02-1980,6777.64
04-02-1980,6794.21
05-02-1980,6765.12
06-02-1980,6800.33
07-02-1980,6795.62
08-02-1980,6816.03
12-02-1980,6828.05
13-02-1980,6835.99
14-02-1980,6839.86
15-02-1980,6827.71
18-02-1980,6756.6
19-02-1980,6763.09
20-02-1980,6806.01
21-02-1980,6776.51
22-02-1980,6783.22
25-02-1980,6751.29
26-02-1980,6739.43
27-02-1980,6777.34
28-02-1980,6743.99
29-02-1980,6764.89
03-03-1980,6793.56
04-03-1980,6778.27
05-03-1980,6794.04
06-03-1980,6736.09
07-03-1980,6625.18
10-03-1980,6507.16
11-03-1980,6535.67
12-03-1980,6609.46
13-03-1980,6604.39
14-03-1980,6593.4
17-03-1980,6562.66
18-03-1980,6578.21
19-03-1980,6584.76
21-03-1980,6571.77
24-03-1980,6567.25
25-03-1980,6531.26
26-03-1980,6535.88
27-03-1980,6481.02
28-03-1980,6475.93
31-03-1980,6556.19
01-04-1980,6502.8
02-04-1980,6562.99
03-04-1980,6614.2
04-04-1980,6688.64
07-04-1980,6737.06
08-04-1980,6682.54
09-04-1980,6708.24
10-04-1980,6730.51
11-04-1980,6751.96
14-04-1980,6808.17
15-04-1980,6805.78
16-04-1980,6770.37
17-04-1980,6798.78
18-04-1980,6811.39
21-04-1980,6810.67
22-04-1980,6799.01
23-04-1980,6843.85
24-04-1980,6830.31
25-04-1980,6904.81
28-04-1980,6875.66
30-04-1980,6865.56
01-05-1980,6865.08
02-05-1980,6882.65
06-05-1980,6856.08
07-05-1980,6834.84
08-05-1980,6757.7
09-05-1980,6808.38
12-05-1980,6754.94
13-05-1980,6766.94
14-05-1980,6747.74
15-05-1980,6746.51
16-05-1980,6733
19-05-1980,6634.33
20-05-1980,6707.3
21-05-1980,6822.18
22-05-1980,6836.89
23-05-1980,6839.89
26-05-1980,6831.92
27-05-1980,6826.5
28-05-1980,6849.05
29-05-1980,6841.4
30-05-1980,6855.7
02-06-1980,6862.7
03-06-1980,6826.18
04-06-1980,6795.63
05-06-1980,6821.24
06-06-1980,6814.5
09-06-1980,6823.04
10-06-1980,6783.24
11-06-1980,6826.01
12-06-1980,6814.72
13-06-1980,6821.81
16-06-1980,6852.61
17-06-1980,6798.5
18-06-1980,6824.95
19-06-1980,6791.88
20-06-1980,6813.85
23-06-1980,6860.89
24-06-1980,6806.37
25-06-1980,6761.25
26-06-1980,6800.53
27-06-1980,6825.03
30-06-1980,6870.7
01-07-1980,6824.35
02-07-1980,6819.45
03-07-1980,6863.84
04-07-1980,6846.09
07-07-1980,6708.49
08-07-1980,6755.54
09-07-1980,6789.71
10-07-1980,6794.24
11-07-1980,6787.96
14-07-1980,6779.36
15-07-1980,6793.37
16-07-1980,6816.15
17-07-1980,6810.41
18-07-1980,6819.78
21-07-1980,6842.49
22-07-1980,6836.1
23-07-1980,6837.47
24-07-1980,6795.98
25-07-1980,6810.49
28-07-1980,6816.71
29-07-1980,6811.38
30-07-1980,6821.1
31-07-1980,6819.63
01-08-1980,6788.3
04-08-1980,6753.4
05-08-1980,6760.85
06-08-1980,6739.97
07-08-1980,6739.89
08-08-1980,6771.52
11-08-1980,6778.54
12-08-1980,6801.68
13-08-1980,6834.32
14-08-1980,6824
15-08-1980,6836.82
18-08-1980,6835.78
19-08-1980,6864.55
20-08-1980,6878.76
21-08-1980,6853.69
22-08-1980,6886.16
25-08-1980,6922.99
26-08-1980,6906.05
27-08-1980,6930.66
28-08-1980,6879.83
29-08-1980,6914.08
01-09-1980,6889.54
02-09-1980,6915.4
03-09-1980,6927.27
04-09-1980,6917.56
05-09-1980,6943.69
08-09-1980,6938.42
09-09-1980,6937.98
10-09-1980,6956.21
11-09-1980,6978.89
12-09-1980,7000.04
16-09-1980,7020.16
17-09-1980,7031.51
18-09-1980,7035.84
19-09-1980,7041.66
22-09-1980,7046.51
24-09-1980,6972.62
25-09-1980,6989.84
26-09-1980,6998.52
29-09-1980,7060.75
30-09-1980,7076.46
01-10-1980,7123.08
02-10-1980,7119.4
03-10-1980,7142.24
06-10-1980,7155.98
07-10-1980,7149.91
08-10-1980,7115.33
09-10-1980,7130.3
13-10-1980,7160.26
14-10-1980,7157.8
15-10-1980,7174.27
16-10-1980,7151.78
17-10-1980,7169.26
20-10-1980,7175.33
21-10-1980,7165.36
22-10-1980,7143.86
23-10-1980,7130.89
24-10-1980,7117.07
27-10-1980,7089.19
28-10-1980,7088.44
29-10-1980,7113.53
30-10-1980,7124.78
31-10-1980,7150.75
04-11-1980,7149.37
05-11-1980,7176.39
06-11-1980,7188.28
07-11-1980,7150.33
10-11-1980,7166.77
11-11-1980,7134.5
12-11-1980,7149.85
13-11-1980,7154.41
14-11-1980,7159.56
17-11-1980,7126.16
18-11-1980,7102.48
19-11-1980,7135.94
20-11-1980,7126.73
21-11-1980,7117.9
25-11-1980,7145.43
26-11-1980,7186.3
27-11-1980,7172.17
28-11-1980,7123.62
01-12-1980,7160.29
02-12-1980,7143.06
03-12-1980,7141.2
04-12-1980,7149.47
05-12-1980,7136.6
08-12-1980,7125.13
09-12-1980,7115.1
10-12-1980,7098.85
11-12-1980,7042.41
12-12-1980,7033.7
15-12-1980,7042.67
16-12-1980,7036.76
17-12-1980,7038.1
18-12-1980,7063.54
19-12-1980,7060.52
22-12-1980,7050.79
23-12-1980,7023.57
24-12-1980,7042
25-12-1980,7031.87
26-12-1980,7063.13
05-01-1981,7150.95
06-01-1981,7137.59
07-01-1981,7200.77
08-01-1981,7222.14
09-01-1981,7248.13
12-01-1981,7251.88
13-01-1981,7246.8
14-01-1981,7244.78
15-01-1981,7244.78
16-01-1981,7255.85
19-01-1981,7296.08
20-01-1981,7289.98
21-01-1981,7315.33
22-01-1981,7293.28
23-01-1981,7267.52
26-01-1981,7249.42
27-01-1981,7285.03
28-01-1981,7279.41
29-01-1981,7215.12
30-01-1981,7254.01
02-02-1981,7322.06
03-02-1981,7291.31
04-02-1981,7288.41
05-02-1981,7278.44
06-02-1981,7264.11
09-02-1981,7239.9
10-02-1981,7261.53
11-02-1981,7261.53
12-02-1981,7261.49
13-02-1981,7207.22
16-02-1981,7165.52
17-02-1981,7135.91
18-02-1981,7157
19-02-1981,7121.65
20-02-1981,7100.81
23-02-1981,7095.08
24-02-1981,7111.23
25-02-1981,7121.66
26-02-1981,7120.24
27-02-1981,7146.53
02-03-1981,7155.58
03-03-1981,7137.12
04-03-1981,7134.39
05-03-1981,7094.03
06-03-1981,7081.19
09-03-1981,7068.73
10-03-1981,7059.41
11-03-1981,7044.87
12-03-1981,6986.39
13-03-1981,6956.52
16-03-1981,7124.33
17-03-1981,7120.39
18-03-1981,7176.67
19-03-1981,7196.8
20-03-1981,7220.94
23-03-1981,7293.57
24-03-1981,7318.19
25-03-1981,7325.96
26-03-1981,7307.27
27-03-1981,7303.04
30-03-1981,7304.69
31-03-1981,7334.31
01-04-1981,7389.99
02-04-1981,7416.97
03-04-1981,7421.19
06-04-1981,7447.74
07-04-1981,7458.36
08-04-1981,7508.52
09-04-1981,7491.82
10-04-1981,7517.31
13-04-1981,7536.96
14-04-1981,7514.88
15-04-1981,7461.2
16-04-1981,7418.7
17-04-1981,7438.8
20-04-1981,7484.71
21-04-1981,7497.36
22-04-1981,7533.22
23-04-1981,7523.72
24-04-1981,7534.41
27-04-1981,7588.03
28-04-1981,7623.81
29-04-1981,7623.81
30-04-1981,7674.19
01-05-1981,7575.6
04-05-1981,7575.6
05-05-1981,7575.6
06-05-1981,7465.3
07-05-1981,7440.52
08-05-1981,7495.25
11-05-1981,7551.19
12-05-1981,7480.24
13-05-1981,7390.64
14-05-1981,7467.45
15-05-1981,7486.88
18-05-1981,7451.89
19-05-1981,7264.01
20-05-1981,7371.27
21-05-1981,7487.46
22-05-1981,7541.02
25-05-1981,7560.77
26-05-1981,7576.18
27-05-1981,7529.2
28-05-1981,7502.03
29-05-1981,7539.69
01-06-1981,7589.95
02-06-1981,7504.49
03-06-1981,7480.58
04-06-1981,7413.24
05-06-1981,7430.37
08-06-1981,7334.97
09-06-1981,7375.27
10-06-1981,7484.52
11-06-1981,7569.3
12-06-1981,7634.98
15-06-1981,7711.73
16-06-1981,7696.52
17-06-1981,7705.3
18-06-1981,7712.01
19-06-1981,7714.57
22-06-1981,7668.86
23-06-1981,7705.41
24-06-1981,7706.61
25-06-1981,7692.84
26-06-1981,7726
29-06-1981,7851.73
30-06-1981,7867.42
01-07-1981,7894.93
02-07-1981,7904.5
03-07-1981,7925.34
06-07-1981,7927.36
07-07-1981,7826.47
08-07-1981,7916.38
09-07-1981,7895.16
10-07-1981,7912.98
13-07-1981,7923.86
14-07-1981,7878.96
15-07-1981,7853.95
16-07-1981,7887.37
17-07-1981,7876.89
20-07-1981,7840.16
21-07-1981,7756.76
22-07-1981,7760.84
23-07-1981,7717.07
24-07-1981,7743.08
27-07-1981,7816.76
28-07-1981,7784.84
29-07-1981,7823.56
30-07-1981,7831.35
31-07-1981,7828.26
03-08-1981,7815.97
04-08-1981,7820.06
05-08-1981,7888.53
06-08-1981,7906.1
07-08-1981,7968.9
10-08-1981,7978.47
11-08-1981,7985.64
12-08-1981,7938.89
13-08-1981,7953.57
14-08-1981,7976.4
17-08-1981,8019.14
18-08-1981,7949.38
19-08-1981,7961.52
20-08-1981,7972.96
21-08-1981,7995.23
24-08-1981,7917.53
25-08-1981,7817.22
26-08-1981,7852.29
27-08-1981,7796.39
28-08-1981,7726.59
31-08-1981,7815.78
01-09-1981,7735.71
02-09-1981,7678.17
03-09-1981,7678.46
04-09-1981,7662.5
07-09-1981,7604.17
08-09-1981,7594.81
09-09-1981,7629.17
10-09-1981,7583.27
11-09-1981,7543.4
14-09-1981,7542.82
15-09-1981,7542.82
16-09-1981,7506.33
17-09-1981,7539.27
18-09-1981,7548.5
21-09-1981,7522.6
22-09-1981,7492.96
23-09-1981,7492.96
24-09-1981,7364.03
25-09-1981,7363.06
28-09-1981,7037.12
29-09-1981,7357.68
30-09-1981,7455.5
01-10-1981,7365.91
02-10-1981,7377.13
05-10-1981,7499.75
06-10-1981,7506.01
07-10-1981,7545.88
08-10-1981,7522.51
09-10-1981,7516.2
12-10-1981,7587.8
13-10-1981,7583.17
14-10-1981,7494.13
15-10-1981,7352.49
16-10-1981,7231.42
19-10-1981,7076.65
20-10-1981,7109.92
21-10-1981,7253.99
22-10-1981,7216.29
23-10-1981,7262.19
26-10-1981,7261.8
27-10-1981,7280.58
28-10-1981,7321.98
29-10-1981,7428.25
30-10-1981,7449.46
02-11-1981,7539.63
03-11-1981,7939.63
04-11-1981,7572.15
05-11-1981,7546.5
06-11-1981,7536.53
09-11-1981,7516.35
10-11-1981,7528.21
11-11-1981,7528.21
12-11-1981,7505.02
13-11-1981,7569.51
16-11-1981,7674.92
17-11-1981,7648.6
18-11-1981,7667.31
19-11-1981,7655.26
20-11-1981,7647.43
23-11-1981,7647
24-11-1981,7602.7
25-11-1981,7650.79
26-11-1981,7664.69
27-11-1981,7555.23
30-11-1981,7549.33
01-12-1981,7521.73
02-12-1981,7566.17
03-12-1981,7624.98
04-12-1981,7716.13
07-12-1981,7789.16
08-12-1981,7752.43
09-12-1981,7743.12
10-12-1981,7746.91
11-12-1981,7730.88
14-12-1981,7654.17
15-12-1981,7680.89
16-12-1981,7674.65
17-12-1981,7682.53
18-12-1981,7669.93
21-12-1981,7668.99
22-12-1981,7644.57
23-12-1981,7681.99
24-12-1981,7662.48
25-12-1981,7662.48
28-12-1981,7681.84
29-12-1981,7681.84
30-12-1981,7681.84
31-12-1981,7681.84
01-01-1982,7681.84
04-01-1982,7718.84
05-01-1982,7719.34
06-01-1982,7697.6
07-01-1982,7691.22
08-01-1982,7662.22
11-01-1982,7675.26
12-01-1982,7631.77
13-01-1982,7635.66
14-01-1982,7667.02
15-01-1982,7667.02
18-01-1982,7659.34
19-01-1982,7677.07
20-01-1982,7717.23
21-01-1982,7737.51
22-01-1982,7823.36
25-01-1982,7906.26
26-01-1982,7863.4
27-01-1982,7926.55
28-01-1982,7903.85
29-01-1982,7918.82
01-02-1982,7909.79
02-02-1982,7828
03-02-1982,7860.94
04-02-1982,7834.7
05-02-1982,7801.88
08-02-1982,7784.89
09-02-1982,7794.19
10-02-1982,7761.11
11-02-1982,7761.11
12-02-1982,7690.29
15-02-1982,7694.18
16-02-1982,7693.92
17-02-1982,7644.39
18-02-1982,7683.76
19-02-1982,7713.31
22-02-1982,7758.36
23-02-1982,7714.56
24-02-1982,7664.02
25-02-1982,7580.45
26-02-1982,7548.51
01-03-1982,7327.44
02-03-1982,7309.41
03-03-1982,7474.42
04-03-1982,7354.82
05-03-1982,7285.54
08-03-1982,7248.47
09-03-1982,7195.8
10-03-1982,7292.91
11-03-1982,7257.34
12-03-1982,7102.61
15-03-1982,7078.68
16-03-1982,6916.99
17-03-1982,6889.53
18-03-1982,7052.8
19-03-1982,7065.38
22-03-1982,7065.38
23-03-1982,7097.8
24-03-1982,7194.31
25-03-1982,7175.16
26-03-1982,7203.82
29-03-1982,7199.16
30-03-1982,7193.83
31-03-1982,7260.48
01-04-1982,7293.67
02-04-1982,7332.96
05-04-1982,7344.35
06-04-1982,7293.59
07-04-1982,7230.53
08-04-1982,7204.65
09-04-1982,7209.21
12-04-1982,7280.82
13-04-1982,7252.93
14-04-1982,7181.53
15-04-1982,7120.86
16-04-1982,7129.69
19-04-1982,7135.21
20-04-1982,7258.15
21-04-1982,7260.58
22-04-1982,7295.87
23-04-1982,7333.94
26-04-1982,7404.21
27-04-1982,7417.16
28-04-1982,7405.28
29-04-1982,7405.28
30-04-1982,7390.8
03-05-1982,7390.8
04-05-1982,7457.11
05-05-1982,7457.11
06-05-1982,7517.78
07-05-1982,7518.78
10-05-1982,7564.59
11-05-1982,7538.12
12-05-1982,7539.78
13-05-1982,7603.21
14-05-1982,7575.81
17-05-1982,7619.39
18-05-1982,7567.06
19-05-1982,7572.15
20-05-1982,7531.54
21-05-1982,7497.05
24-05-1982,7468.28
25-05-1982,7428.4
26-05-1982,7449.92
27-05-1982,7404.36
28-05-1982,7325.09
31-05-1982,7325.65
01-06-1982,7368.66
02-06-1982,7344.9
03-06-1982,7301.94
04-06-1982,7300.54
07-06-1982,7242.39
08-06-1982,7240.03
09-06-1982,7233.03
10-06-1982,7152.28
11-06-1982,7195.46
14-06-1982,7242.58
15-06-1982,7191.02
16-06-1982,7142.39
17-06-1982,7130.25
18-06-1982,7127.7
21-06-1982,7091.11
22-06-1982,7127.96
23-06-1982,7154.63
24-06-1982,7152.58
25-06-1982,7202.45
28-06-1982,7204.19
29-06-1982,7180.7
30-06-1982,7213.87
01-07-1982,7179.38
02-07-1982,7084.87
05-07-1982,7081.1
06-07-1982,7019.56
07-07-1982,7035.11
08-07-1982,6961.91
09-07-1982,6991.56
12-07-1982,7146.69
13-07-1982,7189.01
14-07-1982,7155
15-07-1982,7197.77
16-07-1982,7175.89
19-07-1982,7237.8
20-07-1982,7212.5
21-07-1982,7210.56
22-07-1982,7227.37
23-07-1982,7220.51
26-07-1982,7203.94
27-07-1982,7198.04
28-07-1982,7192.59
29-07-1982,7145.87
30-07-1982,7122.08
02-08-1982,7208.29
03-08-1982,7213.41
04-08-1982,7166.28
05-08-1982,7092.67
06-08-1982,7068.28
09-08-1982,6976.17
10-08-1982,6928.3
11-08-1982,6885.21
12-08-1982,6880.23
13-08-1982,6927.69
16-08-1982,6939.43
17-08-1982,6864.56
18-08-1982,6990.81
19-08-1982,6967.78
20-08-1982,6968.46
23-08-1982,7053.49
24-08-1982,7088.99
25-08-1982,7126.6
26-08-1982,7153.38
27-08-1982,7185.1
30-08-1982,7118.85
31-08-1982,7123.38
01-09-1982,7152.55
02-09-1982,7125.91
03-09-1982,7175.59
06-09-1982,7219.33
07-09-1982,7209.45
08-09-1982,7189.42
09-09-1982,7124.01
10-09-1982,7105.03
13-09-1982,7073.93
14-09-1982,7096.3
15-09-1982,7096.3
16-09-1982,7087.9
17-09-1982,7062.51
20-09-1982,7042.63
21-09-1982,7040.28
22-09-1982,7071.1
23-09-1982,7071.1
24-09-1982,7066.04
27-09-1982,6975.5
28-09-1982,6940.51
29-09-1982,6979.09
30-09-1982,6910.73
01-10-1982,6849.78
04-10-1982,6942.22
05-10-1982,6932.12
06-10-1982,6974.35
07-10-1982,7114.64
08-10-1982,7361.57
11-10-1982,7361.57
12-10-1982,7413.25
13-10-1982,7411.58
14-10-1982,7414.8
15-10-1982,7373.5
18-10-1982,7370.2
19-10-1982,7371.65
20-10-1982,7378.04
21-10-1982,7319.95
22-10-1982,7324.04
25-10-1982,7304.92
26-10-1982,7199.61
27-10-1982,7269.96
28-10-1982,7291.47
29-10-1982,7259.15
01-11-1982,7334.64
02-11-1982,7395.62
03-11-1982,7395.62
04-11-1982,7515.9
05-11-1982,7528.96
08-11-1982,7551.66
09-11-1982,7576.4
10-11-1982,7688.18
11-11-1982,7708.32
12-11-1982,7689.41
15-11-1982,7762.23
16-11-1982,7698.3
17-11-1982,7740.1
18-11-1982,7785.43
19-11-1982,7854.92
22-11-1982,7901.56
23-11-1982,7901.56
24-11-1982,7846.77
25-11-1982,7837.26
26-11-1982,7890.38
29-11-1982,7936.19
30-11-1982,7895.62
01-12-1982,7966.77
02-12-1982,8001.07
03-12-1982,7991.65
06-12-1982,8020.53
07-12-1982,8026.99
08-12-1982,8004.11
09-12-1982,7945.25
10-12-1982,7870.85
13-12-1982,7885.57
14-12-1982,7913.62
15-12-1982,7882.95
16-12-1982,7828.92
17-12-1982,7865.8
20-12-1982,7858.04
21-12-1982,7810.15
22-12-1982,7772.32
23-12-1982,7830.88
24-12-1982,7904.98
27-12-1982,8015.07
28-12-1982,8016.67
29-12-1982,8016.67
30-12-1982,8016.67
31-12-1982,8016.67
03-01-1983,8016.67
04-01-1983,8021.4
05-01-1983,8066.15
06-01-1983,8120.51
07-01-1983,8169.19
10-01-1983,8172.66
11-01-1983,8079.63
12-01-1983,8039.85
13-01-1983,8099.06
14-01-1983,8088.53
17-01-1983,8082.73
18-01-1983,8028.28
19-01-1983,7968.68
20-01-1983,7923.31
21-01-1983,7989.41
24-01-1983,7833.99
25-01-1983,7803.18
26-01-1983,7962.51
27-01-1983,7942.32
28-01-1983,8014.61
31-01-1983,8103.47
01-02-1983,8105.52
02-02-1983,8108.05
03-02-1983,7991.29
04-02-1983,8012.64
07-02-1983,8010.91
08-02-1983,8027.2
09-02-1983,7995.93
10-02-1983,8017.56
11-02-1983,8017.56
14-02-1983,8132.02
15-02-1983,8135.42
16-02-1983,8145.41
17-02-1983,8106.27
18-02-1983,8048.31
21-02-1983,7987.27
22-02-1983,7918.16
23-02-1983,7931.65
24-02-1983,7984.25
25-02-1983,8056.04
28-02-1983,8085.57
01-03-1983,7988.85
02-03-1983,8013.3
03-03-1983,8005.02
04-03-1983,8014.7
07-03-1983,8041.16
08-03-1983,8026.99
09-03-1983,8008.25
10-03-1983,8027.64
11-03-1983,8081.44
14-03-1983,8089.03
15-03-1983,8111.83
16-03-1983,8170.13
17-03-1983,8195.14
18-03-1983,8234.9
21-03-1983,8234.9
22-03-1983,8281.5
23-03-1983,8311.1
24-03-1983,8340.1
25-03-1983,8302.77
28-03-1983,8387.91
29-03-1983,8424.13
30-03-1983,8446.61
31-03-1983,8478.7
01-04-1983,8469
04-04-1983,8485.82
05-04-1983,8420.34
06-04-1983,8479.4
07-04-1983,8442.45
08-04-1983,8435.37
11-04-1983,8475.19
12-04-1983,8468.63
13-04-1983,8480.44
14-04-1983,8554.21
15-04-1983,8552.16
18-04-1983,8582.53
19-04-1983,8541.86
20-04-1983,8564.48
21-04-1983,8543.06
22-04-1983,8563.12
25-04-1983,8596.09
26-04-1983,8607.47
27-04-1983,8634.79
28-04-1983,8636.56
29-04-1983,8636.56
02-05-1983,8704.39
03-05-1983,8704.39
04-05-1983,8663.04
05-05-1983,8663.04
06-05-1983,8670.64
09-05-1983,8719.88
10-05-1983,8667.99
11-05-1983,8691.58
12-05-1983,8653.9
13-05-1983,8629.51
16-05-1983,8591.79
17-05-1983,8572.23
18-05-1983,8598.84
19-05-1983,8584.42
20-05-1983,8561.45
23-05-1983,8528.64
24-05-1983,8563.51
25-05-1983,8582.34
26-05-1983,8626
27-05-1983,8617.92
30-05-1983,8622.35
31-05-1983,8617.57
01-06-1983,8549.7
02-06-1983,8517.88
03-06-1983,8510.98
06-06-1983,8505.92
07-06-1983,8475.3
08-06-1983,8445.45
09-06-1983,8468.12
10-06-1983,8500.48
13-06-1983,8598.65
14-06-1983,8618.3
15-06-1983,8698.33
16-06-1983,8645.33
17-06-1983,8702.68
20-06-1983,8711.73
21-06-1983,8798.62
22-06-1983,8826.88
23-06-1983,8813.48
24-06-1983,8845.38
27-06-1983,8900.04
28-06-1983,8838.24
29-06-1983,8844.19
30-06-1983,8870.95
01-07-1983,8935.66
04-07-1983,8971.58
05-07-1983,8928.13
06-07-1983,8984.88
07-07-1983,9015.76
08-07-1983,9012.41
11-07-1983,8968.77
12-07-1983,8937.21
13-07-1983,8883.6
14-07-1983,8884.98
15-07-1983,8900.02
18-07-1983,8885.07
19-07-1983,8866.66
20-07-1983,8927.32
21-07-1983,9019.69
22-07-1983,8993.4
25-07-1983,8991.93
26-07-1983,9005.48
27-07-1983,9062.37
28-07-1983,9112.07
29-07-1983,9078.75
01-08-1983,9015.58
02-08-1983,9040.43
03-08-1983,9016.2
04-08-1983,9038.61
05-08-1983,8946.66
08-08-1983,8960
09-08-1983,8874.22
10-08-1983,8878.48
11-08-1983,8908.61
12-08-1983,8920.82
15-08-1983,9020.3
16-08-1983,9019.07
17-08-1983,9010.08
18-08-1983,9089.58
19-08-1983,9139.73
22-08-1983,9203.75
23-08-1983,9169.18
24-08-1983,9147.34
25-08-1983,9143.07
26-08-1983,9145.54
29-08-1983,9172.54
30-08-1983,9195.92
31-08-1983,9189.43
01-09-1983,9228.35
02-09-1983,9183.11
05-09-1983,9252.21
06-09-1983,9255.11
07-09-1983,9355.66
08-09-1983,9332.47
09-09-1983,9304.01
12-09-1983,9355.13
13-09-1983,9299.33
14-09-1983,9274.11
15-09-1983,9274.11
16-09-1983,9195.66
19-09-1983,9141.25
20-09-1983,9254.15
21-09-1983,9272.56
22-09-1983,9280.3
23-09-1983,9280.3
26-09-1983,9345.78
27-09-1983,9414.15
28-09-1983,9445.32
29-09-1983,9432.61
30-09-1983,9402.59
03-10-1983,9450.1
04-10-1983,9424.34
05-10-1983,9491.93
06-10-1983,9529.97
07-10-1983,9562.48
10-10-1983,9562.48
11-10-1983,9493.09
12-10-1983,9563.25
13-10-1983,9472.35
14-10-1983,9323.63
17-10-1983,9420.9
18-10-1983,9349.06
19-10-1983,9280.8
20-10-1983,9319.55
21-10-1983,9370.21
24-10-1983,9260.16
25-10-1983,9232.77
26-10-1983,9246.55
27-10-1983,9323.09
28-10-1983,9321.37
31-10-1983,9356.79
01-11-1983,9350.91
02-11-1983,9344.12
03-11-1983,9344.12
04-11-1983,9341.68
07-11-1983,9316.21
08-11-1983,9319.26
09-11-1983,9297.1
10-11-1983,9244.24
11-11-1983,9305.63
14-11-1983,9348.52
15-11-1983,9379.29
16-11-1983,9430.81
17-11-1983,9416.95
18-11-1983,9386.68
21-11-1983,9409.78
22-11-1983,9416.56
23-11-1983,9416.56
24-11-1983,9373.54
25-11-1983,9340.85
28-11-1983,9294.71
29-11-1983,9256.35
30-11-1983,9320.24
01-12-1983,9336.6
02-12-1983,9379.85
05-12-1983,9445.13
06-12-1983,9438.79
07-12-1983,9404.99
08-12-1983,9461.03
09-12-1983,9448.9
12-12-1983,9442
13-12-1983,9385.56
14-12-1983,9401.17
15-12-1983,9462.43
16-12-1983,9530.61
19-12-1983,9484.17
20-12-1983,9627.93
21-12-1983,9717.65
22-12-1983,9709.42
23-12-1983,9684.17
26-12-1983,9846.57
27-12-1983,9883.94
28-12-1983,9893.82
29-12-1983,9893.82
30-12-1983,9893.82
02-01-1984,9893.82
03-01-1984,9893.82
04-01-1984,9927.11
05-01-1984,9946.86
06-01-1984,9961.25
09-01-1984,10053.8
10-01-1984,10016.2
11-01-1984,10072.5
12-01-1984,10104.1
13-01-1984,10150.9
16-01-1984,10150.9
17-01-1984,10155.57
18-01-1984,10100.23
19-01-1984,10098.4
20-01-1984,10104
23-01-1984,10071
24-01-1984,10022.9
25-01-1984,10115.1
26-01-1984,10179.6
27-01-1984,10180.95
30-01-1984,10235.7
31-01-1984,10196.1
01-02-1984,10200.58
02-02-1984,10156.3
03-02-1984,10134.1
06-02-1984,10121.08
07-02-1984,10060.9
08-02-1984,10099.6
09-02-1984,10001.5
10-02-1984,9959.9
13-02-1984,9963.16
14-02-1984,9830.47
15-02-1984,9892.16
16-02-1984,9897.15
17-02-1984,9925.07
20-02-1984,9937.83
21-02-1984,9970.64
22-02-1984,9947.71
23-02-1984,9939.5
24-02-1984,9962.87
27-02-1984,10071.5
28-02-1984,10073.8
29-02-1984,10030.7
01-03-1984,9920.27
02-03-1984,9948.48
05-03-1984,10088.9
06-03-1984,10058.7
07-03-1984,10021.2
08-03-1984,9959.32
09-03-1984,9997.22
12-03-1984,10086.5
13-03-1984,10194.7
14-03-1984,10324
15-03-1984,10347
16-03-1984,10458.31
19-03-1984,10479.8
20-03-1984,10479.8
21-03-1984,10413.89
22-03-1984,10455.8
23-03-1984,10506.19
26-03-1984,10483.69
27-03-1984,10528.39
28-03-1984,10700.89
29-03-1984,10801.6
30-03-1984,10929.1
02-04-1984,11050.19
03-04-1984,10933.81
04-04-1984,11002.02
05-04-1984,10992.89
06-04-1984,10914.73
09-04-1984,10890.69
10-04-1984,10915.1
11-04-1984,10939.39
12-04-1984,10967.1
13-04-1984,11015.2
16-04-1984,11019.6
17-04-1984,10906.39
18-04-1984,10932.8
19-04-1984,10783
20-04-1984,10803.89
23-04-1984,10800.8
24-04-1984,10761.8
25-04-1984,10866.3
26-04-1984,10901.5
27-04-1984,10981.6
30-04-1984,10981.6
01-05-1984,11019.1
02-05-1984,11105.5
03-05-1984,11105.5
04-05-1984,11190.2
07-05-1984,11159
08-05-1984,11052.4
09-05-1984,11060.3
10-05-1984,10879.71
11-05-1984,10833.8
14-05-1984,10563.3
15-05-1984,10604.5
16-05-1984,10619.8
17-05-1984,10340.5
18-05-1984,10126.88
21-05-1984,10165
22-05-1984,10061.89
23-05-1984,10023.5
24-05-1984,10251.7
25-05-1984,10142.1
28-05-1984,10116
29-05-1984,10164
30-05-1984,10141
31-05-1984,9940.1
01-06-1984,9913.2
04-06-1984,10131.7
05-06-1984,10258.7
06-06-1984,10254.2
07-06-1984,10316
08-06-1984,10350.9
11-06-1984,10376.8
12-06-1984,10324.8
13-06-1984,10275.9
14-06-1984,10148.7
15-06-1984,10057
18-06-1984,10082.5
19-06-1984,10197.3
20-06-1984,10237.2
21-06-1984,10170.7
22-06-1984,10152.61
25-06-1984,10172.5
26-06-1984,10245.1
27-06-1984,10311
28-06-1984,10372
29-06-1984,10377.97
02-07-1984,10410.86
03-07-1984,10349.3
04-07-1984,10375.8
05-07-1984,10420.53
06-07-1984,10461.91
09-07-1984,10373.2
10-07-1984,10386.6
11-07-1984,10354.88
12-07-1984,10270.16
13-07-1984,10154
16-07-1984,10177.6
17-07-1984,10242
18-07-1984,10208.2
19-07-1984,10088.8
20-07-1984,9945.27
23-07-1984,9703.35
24-07-1984,9738.96
25-07-1984,9800.11
26-07-1984,9932.18
27-07-1984,10036.2
30-07-1984,10013.6
31-07-1984,9998.5
01-08-1984,9948.4
02-08-1984,10086.9
03-08-1984,10233.61
06-08-1984,10431.09
07-08-1984,10313.6
08-08-1984,10247.1
09-08-1984,10290.4
10-08-1984,10375.93
13-08-1984,10389.6
14-08-1984,10360.9
15-08-1984,10441.5
16-08-1984,10418.2
17-08-1984,10449.48
20-08-1984,10533.3
21-08-1984,10486
22-08-1984,10538.3
23-08-1984,10545.5
24-08-1984,10554.09
27-08-1984,10568.72
28-08-1984,10575.19
29-08-1984,10579.89
30-08-1984,10586.3
31-08-1984,10584.2
03-09-1984,10630.1
04-09-1984,10609.5
05-09-1984,10545.55
06-09-1984,10458.5
07-09-1984,10500.7
10-09-1984,10471.5
11-09-1984,10493.1
12-09-1984,10533.5
13-09-1984,10578.8
14-09-1984,10621.54
17-09-1984,10636.4
18-09-1984,10559.1
19-09-1984,10552.3
20-09-1984,10521.3
21-09-1984,10505.11
24-09-1984,10505.11
25-09-1984,10604.8
26-09-1984,10620.1
27-09-1984,10643.9
28-09-1984,10649.2
01-10-1984,10653.79
02-10-1984,10540.05
03-10-1984,10587.38
04-10-1984,10642.07
05-10-1984,10737.58
08-10-1984,10676.9
09-10-1984,10668.7
10-10-1984,10668.7
11-10-1984,10696.9
12-10-1984,10684.5
15-10-1984,10780.2
16-10-1984,10757.9
17-10-1984,10742.9
18-10-1984,10759.89
19-10-1984,10845.17
22-10-1984,11077.8
23-10-1984,11029.89
24-10-1984,11178.6
25-10-1984,11151.5
26-10-1984,11155.02
29-10-1984,11176.9
30-10-1984,11171.5
31-10-1984,11253
01-11-1984,11169.6
02-11-1984,11249.95
05-11-1984,11374.1
06-11-1984,11297.7
07-11-1984,11178.5
08-11-1984,11166.9
09-11-1984,11239.28
12-11-1984,11235.1
13-11-1984,11265.2
14-11-1984,11320.89
15-11-1984,11301.6
16-11-1984,11271.39
19-11-1984,11284.2
20-11-1984,11256.98
21-11-1984,11249.69
22-11-1984,11207.7
23-11-1984,11207.7
26-11-1984,11163
27-11-1984,11184.1
28-11-1984,11248.1
29-11-1984,11366.6
30-11-1984,11428.9
03-12-1984,11513.6
04-12-1984,11577.4
05-12-1984,11543.19
06-12-1984,11559.8
07-12-1984,11466.93
10-12-1984,11316.9
11-12-1984,11250.8
12-12-1984,11382.3
13-12-1984,11340
14-12-1984,11419.1
17-12-1984,11455.7
18-12-1984,11460.2
19-12-1984,11558.4
20-12-1984,11514.1
21-12-1984,11474.3
24-12-1984,11439.87
25-12-1984,11492.29
26-12-1984,11494.59
27-12-1984,11513.5
28-12-1984,11542.6
31-12-1984,11542.6
02-01-1985,11542.6
03-01-1985,11542.6
04-01-1985,11558.06
07-01-1985,11575.5
08-01-1985,11679.8
09-01-1985,11763.57
10-01-1985,11824.4
11-01-1985,11812.24
14-01-1985,11823.9
15-01-1985,11823.9
16-01-1985,11933
17-01-1985,11887.2
18-01-1985,11910.06
21-01-1985,11964.5
22-01-1985,11868.1
23-01-1985,11859.01
24-01-1985,11856.36
25-01-1985,11785.1
28-01-1985,11798.9
29-01-1985,11843.1
30-01-1985,11960.6
31-01-1985,11992.3
01-02-1985,11946.96
04-02-1985,11891.1
05-02-1985,11823.4
06-02-1985,11867.2
07-02-1985,11940.8
08-02-1985,12009
11-02-1985,12009
12-02-1985,12027.89
13-02-1985,12025.7
14-02-1985,12081.7
15-02-1985,12148.3
18-02-1985,12149.1
19-02-1985,12156.6
20-02-1985,12152.4
21-02-1985,12128.5
22-02-1985,12147.06
25-02-1985,12201
26-02-1985,12195
27-02-1985,12287.39
28-02-1985,12321.89
01-03-1985,12412.14
04-03-1985,12509
05-03-1985,12476.39
06-03-1985,12498.7
07-03-1985,12414.8
08-03-1985,12347.5
11-03-1985,12263.8
12-03-1985,12296.89
13-03-1985,12419.3
14-03-1985,12405
15-03-1985,12468.03
18-03-1985,12506.6
19-03-1985,12478
20-03-1985,12541.4
21-03-1985,12541.4
22-03-1985,12542.6
25-03-1985,12493.3
26-03-1985,12486.1
27-03-1985,12550.8
28-03-1985,12604
29-03-1985,12580.76
01-04-1985,12677.1
02-04-1985,12629.89
03-04-1985,12683.3
04-04-1985,12627.1
05-04-1985,12544.24
08-04-1985,12635.96
09-04-1985,12630.4
10-04-1985,12601.9
11-04-1985,12573.8
12-04-1985,12588.01
15-04-1985,12552.73
16-04-1985,12207.3
17-04-1985,12302.1
18-04-1985,12052.8
19-04-1985,12114.8
22-04-1985,12179.89
23-04-1985,12124.1
24-04-1985,12217.8
25-04-1985,12333.9
26-04-1985,12405.1
29-04-1985,12405.1
30-04-1985,12426.29
01-05-1985,12456.65
02-05-1985,12451.79
03-05-1985,12451.79
06-05-1985,12451.79
07-05-1985,12506.3
08-05-1985,12521.2
09-05-1985,12474.5
10-05-1985,12527.3
13-05-1985,12541.5
14-05-1985,12504.2
15-05-1985,12358
16-05-1985,12369.3
17-05-1985,12419.89
20-05-1985,12559.1
21-05-1985,12650.36
22-05-1985,12673.6
23-05-1985,12649.1
24-05-1985,12593.8
27-05-1985,12642.69
28-05-1985,12694.89
29-05-1985,12767.2
30-05-1985,12790.3
31-05-1985,12758.4
03-06-1985,12473.4
04-06-1985,12583.3
05-06-1985,12693.2
06-06-1985,12716.1
07-06-1985,12716.5
10-06-1985,12683.3
11-06-1985,12758.89
12-06-1985,12748
13-06-1985,12717.16
14-06-1985,12685.19
17-06-1985,12769.3
18-06-1985,12741.1
19-06-1985,12773.6
20-06-1985,12678
21-06-1985,12634.7
24-06-1985,12765.9
25-06-1985,12837
26-06-1985,12910.3
27-06-1985,12841.6
28-06-1985,12882
01-07-1985,12919
02-07-1985,12913.7
03-07-1985,12924.3
04-07-1985,12969.6
05-07-1985,12963.3
08-07-1985,13029.6
09-07-1985,13021
10-07-1985,13012.1
11-07-1985,12858.1
12-07-1985,12839.49
15-07-1985,12598.77
16-07-1985,12698.26
17-07-1985,12846.49
18-07-1985,12852.54
19-07-1985,12788.54
22-07-1985,12771.65
23-07-1985,12762.82
24-07-1985,12777.02
25-07-1985,12647.02
26-07-1985,12648.09
29-07-1985,12591.39
30-07-1985,12269.89
31-07-1985,12232.3
01-08-1985,12538.3
02-08-1985,12525.95
05-08-1985,12450.6
06-08-1985,12437.3
07-08-1985,12421.1
08-08-1985,12386
09-08-1985,12401.19
12-08-1985,12372.89
13-08-1985,12326.7
14-08-1985,12419.6
15-08-1985,12484
16-08-1985,12583.07
19-08-1985,12640
20-08-1985,12634
21-08-1985,12704.8
22-08-1985,12734
23-08-1985,12691.39
26-08-1985,12651.8
27-08-1985,12691.39
28-08-1985,12685.39
29-08-1985,12728.8
30-08-1985,12713.1
02-09-1985,12726.6
03-09-1985,12631
04-09-1985,12529.5
05-09-1985,12491.8
06-09-1985,12453.85
09-09-1985,12455.72
10-09-1985,12519.5
11-09-1985,12625.19
12-09-1985,12603
13-09-1985,12585.7
16-09-1985,12585.7
17-09-1985,12591.5
18-09-1985,12529.69
19-09-1985,12565
20-09-1985,12666.89
23-09-1985,12666.89
24-09-1985,12755.6
25-09-1985,12704.8
26-09-1985,12689.5
27-09-1985,12538.7
30-09-1985,12700.1
01-10-1985,12685.37
02-10-1985,12720.5
03-10-1985,12700.8
04-10-1985,12713.83
07-10-1985,12792
08-10-1985,12835.21
09-10-1985,12857.2
10-10-1985,12857.2
11-10-1985,12949.92
14-10-1985,13017.3
15-10-1985,13055.5
16-10-1985,13036.6
17-10-1985,13021.1
18-10-1985,12973.22
21-10-1985,13023.2
22-10-1985,13001.7
23-10-1985,12946.5
24-10-1985,12969.1
25-10-1985,12854.99
28-10-1985,12937.04
29-10-1985,12913.9
30-10-1985,12908.7
31-10-1985,12939.47
01-11-1985,12808.1
04-11-1985,12808.1
05-11-1985,12820.7
06-11-1985,12892.4
07-11-1985,12851.2
08-11-1985,12851.05
11-11-1985,12821.3
12-11-1985,12735.1
13-11-1985,12716.3
14-11-1985,12589.5
15-11-1985,12637.44
18-11-1985,12700.3
19-11-1985,12607.3
20-11-1985,12642.9
21-11-1985,12697
22-11-1985,12759.33
25-11-1985,12783.39
26-11-1985,12783.1
27-11-1985,12777.8
28-11-1985,12741.2
29-11-1985,12763.27
02-12-1985,12796.9
03-12-1985,12774.5
04-12-1985,12811.2
05-12-1985,12864.11
06-12-1985,12793.52
09-12-1985,12798.2
10-12-1985,12850.9
11-12-1985,12972
12-12-1985,13050.28
13-12-1985,13107.98
16-12-1985,13117.8
17-12-1985,13128.9
18-12-1985,13102.3
19-12-1985,13115
20-12-1985,13011.09
23-12-1985,13043
24-12-1985,13010.69
25-12-1985,13097.83
26-12-1985,13084.6
27-12-1985,13083.18
30-12-1985,13083.18
31-12-1985,13083.18
01-01-1986,13083.18
02-01-1986,13083.18
03-01-1986,13083.18
06-01-1986,13053.8
07-01-1986,12991.2
08-01-1986,13056.4
09-01-1986,13034.2
10-01-1986,12998.2
13-01-1986,12977.02
14-01-1986,12928.6
15-01-1986,12928.6
16-01-1986,13027.1
17-01-1986,13009.7
20-01-1986,12952
21-01-1986,12881.5
22-01-1986,12923.3
23-01-1986,12888.89
24-01-1986,12904.2
27-01-1986,12983.14
28-01-1986,12993.7
29-01-1986,12957.1
30-01-1986,12949
31-01-1986,13024.3
03-02-1986,13086.5
04-02-1986,13138.1
05-02-1986,13185.7
06-02-1986,13186.6
07-02-1986,13212.13
10-02-1986,13226.1
11-02-1986,13226.1
12-02-1986,13300.6
13-02-1986,13293.8
14-02-1986,13342.78
17-02-1986,13447.9
18-02-1986,13436.2
19-02-1986,13466.6
20-02-1986,13355.4
21-02-1986,13394.31
24-02-1986,13503.5
25-02-1986,13576.2
26-02-1986,13621.7
27-02-1986,13642.1
28-02-1986,13640.83
03-03-1986,13757.6
04-03-1986,13784.3
05-03-1986,13807.5
06-03-1986,13901.6
07-03-1986,13994.6
10-03-1986,14056.5
11-03-1986,14066.19
12-03-1986,14238.13
13-03-1986,14414.69
14-03-1986,14516.77
17-03-1986,14655.5
18-03-1986,14639.3
19-03-1986,14476.5
20-03-1986,14753.3
21-03-1986,14753.3
24-03-1986,14975.23
25-03-1986,14826.86
26-03-1986,15059.7
27-03-1986,15337.18
28-03-1986,15364.3
31-03-1986,15859.69
01-04-1986,15745.89
02-04-1986,15555.5
03-04-1986,15272.19
04-04-1986,15019.81
07-04-1986,15062
08-04-1986,15014.1
09-04-1986,15110.19
10-04-1986,15203.6
11-04-1986,15326.3
14-04-1986,15396.8
15-04-1986,15352.32
16-04-1986,15358.39
17-04-1986,15486.8
18-04-1986,15758.61
21-04-1986,15827.3
22-04-1986,15712.89
23-04-1986,15748
24-04-1986,15682
25-04-1986,15689.88
28-04-1986,15757.9
29-04-1986,15757.9
30-04-1986,15825.5
01-05-1986,15782.6
02-05-1986,15868.44
05-05-1986,15868.44
06-05-1986,15900.14
07-05-1986,15953.85
08-05-1986,16078.23
09-05-1986,16194.98
12-05-1986,16105.19
13-05-1986,15982.3
14-05-1986,15943.69
15-05-1986,15924.7
16-05-1986,15739.05
19-05-1986,15697.5
20-05-1986,15690
21-05-1986,15808.1
22-05-1986,15917.3
23-05-1986,16204.98
26-05-1986,16409.5
27-05-1986,16467.3
28-05-1986,16553.39
29-05-1986,16610.6
30-05-1986,16670.77
02-06-1986,16739.3
03-06-1986,16669.5
04-06-1986,16802.7
05-06-1986,16811
06-06-1986,16817.9
09-06-1986,17008.3
10-06-1986,16967.69
11-06-1986,17096.39
12-06-1986,17131.19
13-06-1986,17205.97
16-06-1986,17185.6
17-06-1986,17075.89
18-06-1986,17177.06
19-06-1986,17277.59
20-06-1986,17403.13
23-06-1986,17457.89
24-06-1986,17342.39
25-06-1986,17516.63
26-06-1986,17600.94
27-06-1986,17500.43
30-06-1986,17654.19
01-07-1986,17622.69
02-07-1986,17669.89
03-07-1986,17691.8
04-07-1986,17597.73
07-07-1986,17714.1
08-07-1986,17734.1
09-07-1986,17506.1
10-07-1986,17469.8
11-07-1986,17670.77
14-07-1986,17820.6
15-07-1986,17882.8
16-07-1986,17700.89
17-07-1986,17725.6
18-07-1986,17838.84
21-07-1986,17522.19
22-07-1986,17639.3
23-07-1986,17860.1
24-07-1986,18026.19
25-07-1986,18050.59
28-07-1986,18038.89
29-07-1986,17728.89
30-07-1986,17799
31-07-1986,17509.69
01-08-1986,17321.93
04-08-1986,17263.1
05-08-1986,17414.8
06-08-1986,17353.5
07-08-1986,17422.39
08-08-1986,17435.52
11-08-1986,17479.1
12-08-1986,17794.69
13-08-1986,18000.76
14-08-1986,18264.69
15-08-1986,18376.39
18-08-1986,18597.39
19-08-1986,18792.6
20-08-1986,18936.19
21-08-1986,18675.6
22-08-1986,18441.31
25-08-1986,18565.6
26-08-1986,18640.81
27-08-1986,18503.27
28-08-1986,18367.98
29-08-1986,18533.68
01-09-1986,18820.75
02-09-1986,18694.93
03-09-1986,18505.44
04-09-1986,18559.64
05-09-1986,18775.07
08-09-1986,18552.2
09-09-1986,18474.1
10-09-1986,18619.3
11-09-1986,18561.25
12-09-1986,18100.52
15-09-1986,18100.52
16-09-1986,17463.19
17-09-1986,17336.6
18-09-1986,17478.3
19-09-1986,17523.39
22-09-1986,17706.3
23-09-1986,17706.3
24-09-1986,17955.8
25-09-1986,17988.3
26-09-1986,17960.98
29-09-1986,18106.31
30-09-1986,17852.89
01-10-1986,17564.39
02-10-1986,17019.1
03-10-1986,17240.22
06-10-1986,17435.3
07-10-1986,17604.39
08-10-1986,17514.8
09-10-1986,17650.19
10-10-1986,17650.19
13-10-1986,17338.69
14-10-1986,17318
15-10-1986,16970.1
16-10-1986,16871.89
17-10-1986,16701.34
20-10-1986,16523.39
21-10-1986,16205.8
22-10-1986,15819.5
23-10-1986,16308.3
24-10-1986,16284
27-10-1986,16157.8
28-10-1986,16397.8
29-10-1986,16505.39
30-10-1986,17010.89
31-10-1986,16910.63
03-11-1986,16910.63
04-11-1986,16786.89
05-11-1986,16713.69
06-11-1986,16758.3
07-11-1986,16973.6
10-11-1986,17053.2
11-11-1986,17300.6
12-11-1986,17447.89
13-11-1986,17438.5
14-11-1986,17390.5
17-11-1986,17208.1
18-11-1986,17273.52
19-11-1986,17283.81
20-11-1986,17304.6
21-11-1986,17489.57
24-11-1986,17489.57
25-11-1986,17747.5
26-11-1986,17727.89
27-11-1986,17883.65
28-11-1986,18083
01-12-1986,18308
02-12-1986,18191
03-12-1986,18455.1
04-12-1986,18623.89
05-12-1986,18637.39
08-12-1986,18710.69
09-12-1986,18602.69
10-12-1986,18776.19
11-12-1986,18731.19
12-12-1986,18830.6
15-12-1986,18788.89
16-12-1986,18933.1
17-12-1986,18847.89
18-12-1986,18723.69
19-12-1986,18930
22-12-1986,18825.39
23-12-1986,18808.5
24-12-1986,18902.85
25-12-1986,18774.26
26-12-1986,18820.64
29-12-1986,18820.64
30-12-1986,18820.64
31-12-1986,18820.64
05-01-1987,18820.5
06-01-1987,18936.8
07-01-1987,18842.39
08-01-1987,18778.69
09-01-1987,18810.3
12-01-1987,18669
13-01-1987,18544
14-01-1987,18784.27
16-01-1987,19149.63
19-01-1987,19188.7
20-01-1987,19216.1
21-01-1987,19429.19
22-01-1987,19380.5
23-01-1987,19456.6
26-01-1987,19554.69
27-01-1987,19686.8
28-01-1987,19789.89
29-01-1987,19921
30-01-1987,20048.3
02-02-1987,20072.1
03-02-1987,19956.3
04-02-1987,19973.89
05-02-1987,19795.1
06-02-1987,19668.81
09-02-1987,19679.31
10-02-1987,19814
12-02-1987,19874.89
13-02-1987,19628.86
16-02-1987,19531.52
17-02-1987,19637.89
18-02-1987,19881.8
19-02-1987,20228.1
20-02-1987,20080.39
23-02-1987,19940.5
24-02-1987,20076.5
25-02-1987,20186.3
26-02-1987,20453.89
27-02-1987,20421.64
02-03-1987,20933.8
03-03-1987,20971.39
04-03-1987,21031.69
05-03-1987,21176.02
06-03-1987,21105.8
09-03-1987,21166.39
10-03-1987,21214.5
11-03-1987,21313
12-03-1987,21470.19
13-03-1987,21497.89
16-03-1987,21415.39
17-03-1987,21514.69
18-03-1987,21705.1
19-03-1987,21644.3
20-03-1987,21657.6
23-03-1987,21588.19
24-03-1987,21435.3
25-03-1987,21473
26-03-1987,21558.8
27-03-1987,22026.6
30-03-1987,21627.6
31-03-1987,21566.69
01-04-1987,22040.19
02-04-1987,22367.69
03-04-1987,22410.8
06-04-1987,22586.1
07-04-1987,22784.6
08-04-1987,22913
09-04-1987,22922.19
10-04-1987,23216.5
13-04-1987,22919.5
14-04-1987,23524.1
15-04-1987,23510.69
16-04-1987,23868.43
17-04-1987,23938.35
20-04-1987,23895.22
21-04-1987,23886.1
22-04-1987,24097.69
23-04-1987,24024.6
24-04-1987,24006.3
27-04-1987,23072.39
28-04-1987,22889.89
30-04-1987,23274.8
01-05-1987,23680.8
06-05-1987,23918.5
07-05-1987,24207.55
08-05-1987,24589.23
11-05-1987,24608.22
12-05-1987,24535.85
13-05-1987,24363.19
14-05-1987,24651.44
15-05-1987,24729.02
18-05-1987,24298.98
19-05-1987,24077.88
20-05-1987,23419.6
21-05-1987,23754.01
22-05-1987,24156.69
25-05-1987,24582.77
26-05-1987,24580.85
27-05-1987,24539.75
28-05-1987,24433.64
29-05-1987,24772.39
01-06-1987,24992.77
02-06-1987,24902.63
03-06-1987,25049.39
04-06-1987,25366.1
05-06-1987,25271.3
08-06-1987,25523.89
09-06-1987,25379.88
10-06-1987,25738.95
11-06-1987,25890.94
12-06-1987,25894.27
15-06-1987,25756.44
16-06-1987,25738.85
17-06-1987,25929.42
18-06-1987,25750.55
19-06-1987,25288.1
22-06-1987,24640.35
23-06-1987,24794.89
24-06-1987,24892.75
25-06-1987,25031.35
26-06-1987,25049.81
29-06-1987,24509.39
30-06-1987,24176.39
01-07-1987,24252.38
02-07-1987,24636.44
03-07-1987,24465.48
06-07-1987,23870.85
07-07-1987,23816.09
08-07-1987,23472.42
09-07-1987,23755.89
10-07-1987,24102.98
13-07-1987,24118.01
14-07-1987,23931.52
15-07-1987,23969.76
16-07-1987,24003.6
17-07-1987,23983.44
20-07-1987,23328.64
21-07-1987,23078.35
22-07-1987,22702.73
23-07-1987,23036.52
24-07-1987,23942.94
27-07-1987,24104.98
28-07-1987,24385.81
29-07-1987,24427.1
30-07-1987,24510.35
31-07-1987,24488.1
03-08-1987,24483.81
04-08-1987,24172.6
05-08-1987,24297.14
06-08-1987,24658.23
07-08-1987,24800.94
10-08-1987,25119.69
11-08-1987,25282.97
12-08-1987,25559.23
13-08-1987,25575.73
14-08-1987,25494.01
17-08-1987,25378.88
18-08-1987,25344.34
19-08-1987,25231.59
20-08-1987,25396.56
21-08-1987,25559.18
24-08-1987,25754.31
25-08-1987,25643.39
26-08-1987,25875.73
27-08-1987,25968.77
28-08-1987,25974.96
31-08-1987,26029.22
01-09-1987,26118.42
02-09-1987,25946.6
03-09-1987,25649.88
04-09-1987,25744.03
07-09-1987,25004.09
08-09-1987,25204.09
09-09-1987,24937.93
10-09-1987,24795.24
11-09-1987,24828.27
14-09-1987,24954.02
16-09-1987,24967.73
17-09-1987,24855.31
18-09-1987,24844.84
21-09-1987,24912.42
22-09-1987,24866.06
24-09-1987,24944.9
25-09-1987,25095.8
28-09-1987,25837.3
29-09-1987,25998
30-09-1987,26010.88
01-10-1987,25721.74
02-10-1987,25862.45
05-10-1987,26018.33
06-10-1987,26088.97
07-10-1987,25952.27
08-10-1987,26286.75
09-10-1987,26338.77
12-10-1987,26284.65
13-10-1987,26400.63
14-10-1987,26646.43
15-10-1987,26428.22
16-10-1987,26366.74
19-10-1987,25746.56
20-10-1987,21910.08
21-10-1987,23947.4
22-10-1987,24404.45
23-10-1987,23201.22
26-10-1987,22202.56
27-10-1987,22834.96
28-10-1987,22577.53
29-10-1987,22033.89
30-10-1987,22765.04
02-11-1987,23358.6
04-11-1987,23060.53
05-11-1987,22629.56
06-11-1987,22795.02
09-11-1987,22418.37
10-11-1987,21686.46
11-11-1987,21036.76
12-11-1987,21546.5
13-11-1987,22448.25
16-11-1987,22615.43
17-11-1987,22344.28
18-11-1987,22734.49
19-11-1987,22668.8
20-11-1987,22705.56
24-11-1987,22856.02
25-11-1987,23219.69
26-11-1987,23282.19
27-11-1987,23268.62
30-11-1987,22686.78
01-12-1987,22832.89
02-12-1987,22915.49
03-12-1987,22808.16
04-12-1987,22602.75
07-12-1987,22586.52
08-12-1987,22948.34
09-12-1987,22885.7
10-12-1987,23280.84
11-12-1987,23035.81
14-12-1987,22926.28
15-12-1987,22846.73
16-12-1987,22819.42
17-12-1987,22899.83
18-12-1987,22826.97
21-12-1987,22956.84
22-12-1987,22741.02
23-12-1987,22693.85
24-12-1987,22543.37
25-12-1987,22120.94
28-12-1987,21564
04-01-1988,21217.04
05-01-1988,21575.28
06-01-1988,22790.5
07-01-1988,22792.13
08-01-1988,22872.56
11-01-1988,22578.43
12-01-1988,22625.05
13-01-1988,22324.99
14-01-1988,22603.65
18-01-1988,22910.2
19-01-1988,22898.17
20-01-1988,22843.14
21-01-1988,22710.26
22-01-1988,22876.58
25-01-1988,23318.4
26-01-1988,23498.76
27-01-1988,23335.91
28-01-1988,23587.25
29-01-1988,23622.32
01-02-1988,23732.32
02-02-1988,23672.21
03-02-1988,23595.37
04-02-1988,23709.1
05-02-1988,23650.8
08-02-1988,23771.6
09-02-1988,23662.27
10-02-1988,23771.88
12-02-1988,23981.94
15-02-1988,24207.47
16-02-1988,24345.66
17-02-1988,24429.95
18-02-1988,24675.36
19-02-1988,24773.41
22-02-1988,24846.71
23-02-1988,24949.45
24-02-1988,24968.65
25-02-1988,25100.66
26-02-1988,25165.18
29-02-1988,25242.81
01-03-1988,25435.9
02-03-1988,25682.82
03-03-1988,25596.31
04-03-1988,25615.62
07-03-1988,25616.58
08-03-1988,25465.73
09-03-1988,25605.39
10-03-1988,25617.82
11-03-1988,25543.73
14-03-1988,25433.51
15-03-1988,25475.67
16-03-1988,25704.43
17-03-1988,25872.29
18-03-1988,25966.26
22-03-1988,25842.75
23-03-1988,25895.23
24-03-1988,25781.28
25-03-1988,25626.71
28-03-1988,25622.71
29-03-1988,25953.09
30-03-1988,26320.07
31-03-1988,26260.26
01-04-1988,26104.22
04-04-1988,26335.29
05-04-1988,26315.35
06-04-1988,26511.17
07-04-1988,26769.22
08-04-1988,26748.89
11-04-1988,26924.87
12-04-1988,26930.84
13-04-1988,26985.55
14-04-1988,27111.35
15-04-1988,26893.57
18-04-1988,26671.45
19-04-1988,26657
20-04-1988,26864.09
21-04-1988,26828.16
22-04-1988,26837.12
25-04-1988,27213.45
26-04-1988,27246.77
27-04-1988,27191.97
28-04-1988,27434.12
02-05-1988,27669.72
06-05-1988,27534.39
09-05-1988,27264.3
10-05-1988,27412.25
11-05-1988,27161.05
12-05-1988,27212.58
13-05-1988,27468.31
16-05-1988,27759.87
17-05-1988,27819.98
18-05-1988,27767.58
19-05-1988,27373.24
20-05-1988,27393.85
23-05-1988,27249.76
24-05-1988,27312.66
25-05-1988,27443.65
26-05-1988,27428.24
27-05-1988,27290.49
30-05-1988,27223.1
31-05-1988,27416.7
01-06-1988,27703.91
02-06-1988,27869.36
03-06-1988,27821.54
06-06-1988,27996.24
07-06-1988,27967.32
08-06-1988,27912.65
09-06-1988,28072.02
10-06-1988,27920.36
13-06-1988,28036.54
14-06-1988,28061.8
15-06-1988,28093.52
16-06-1988,28147.32
17-06-1988,28342.46
20-06-1988,28139.03
21-06-1988,27925.57
22-06-1988,27860.78
23-06-1988,27732.93
24-06-1988,27750.39
27-06-1988,27435.01
28-06-1988,27398.09
29-06-1988,27607.33
30-06-1988,27769.4
01-07-1988,27503.53
04-07-1988,27360.39
05-07-1988,27577.17
06-07-1988,27766.6
07-07-1988,27728.13
08-07-1988,27917.08
11-07-1988,27985.99
12-07-1988,28099.84
13-07-1988,28020.1
14-07-1988,28084.08
15-07-1988,27913.79
18-07-1988,27662.12
19-07-1988,27149.03
20-07-1988,27553.98
21-07-1988,27676.14
22-07-1988,27285.01
25-07-1988,27183.53
26-07-1988,27303.76
27-07-1988,27738.57
28-07-1988,27796.09
29-07-1988,27911.63
01-08-1988,28326.31
02-08-1988,28366.33
03-08-1988,28348.45
04-08-1988,28292.66
05-08-1988,28423.38
08-08-1988,28253.12
09-08-1988,28170.36
10-08-1988,27554.87
11-08-1988,27784.98
12-08-1988,27833.51
15-08-1988,27901.29
16-08-1988,27896.55
17-08-1988,28178.86
18-08-1988,28129.36
19-08-1988,28209.42
22-08-1988,28079.18
23-08-1988,27919.95
24-08-1988,27799.67
25-08-1988,27870.44
26-08-1988,27565.41
29-08-1988,27379.1
30-08-1988,27511.65
31-08-1988,27365.95
01-09-1988,26934.26
02-09-1988,27116.5
05-09-1988,27341.58
06-09-1988,27320.51
07-09-1988,27504.01
08-09-1988,27740.11
09-09-1988,27647.1
12-09-1988,27756.74
13-09-1988,27794.16
14-09-1988,27805.67
16-09-1988,27866.38
19-09-1988,27901
20-09-1988,27548.58
21-09-1988,27712.66
22-09-1988,27428.31
26-09-1988,27333.75
27-09-1988,27499.56
28-09-1988,27752.01
29-09-1988,27700.13
30-09-1988,27923.67
03-10-1988,27545.53
04-10-1988,27501.02
05-10-1988,27405.49
06-10-1988,27172.34
07-10-1988,27258.27
11-10-1988,27469.6
12-10-1988,27409.37
13-10-1988,27273.3
14-10-1988,27306.57
17-10-1988,27268.74
18-10-1988,27141.98
19-10-1988,27293.67
20-10-1988,27390.55
21-10-1988,27401.42
24-10-1988,27281.54
25-10-1988,27421.49
26-10-1988,27620.6
27-10-1988,27722.92
28-10-1988,27741.34
31-10-1988,27982.54
01-11-1988,28013.67
02-11-1988,27985.26
03-11-1988,27985.26
04-11-1988,27953.25
07-11-1988,27866.36
08-11-1988,28007.27
09-11-1988,28212.78
10-11-1988,28166.42
11-11-1988,28489.57
14-11-1988,28520.9
15-11-1988,28829.41
16-11-1988,28996.12
17-11-1988,29076.81
18-11-1988,29180.2
21-11-1988,29284.26
22-11-1988,29430.12
23-11-1988,29430.12
24-11-1988,29340.03
25-11-1988,29406.65
28-11-1988,28983.32
29-11-1988,29318.3
30-11-1988,29578.9
01-12-1988,29541.46
02-12-1988,29532.25
05-12-1988,29614.68
06-12-1988,29669.38
07-12-1988,30050.82
08-12-1988,29758.9
09-12-1988,29793.42
12-12-1988,29672.29
13-12-1988,29597.81
14-12-1988,29754.73
15-12-1988,29705.75
16-12-1988,29536.71
19-12-1988,29470.08
20-12-1988,29567.94
21-12-1988,29698.19
22-12-1988,29774.61
23-12-1988,29686.26
27-12-1988,30050.93
28-12-1988,30159
29-12-1988,30159
04-01-1989,30243.66
05-01-1989,30183.79
06-01-1989,30209.54
09-01-1989,30678.39
10-01-1989,31006.51
11-01-1989,31143.45
12-01-1989,31143.45
13-01-1989,31298.38
17-01-1989,31227.52
18-01-1989,31354.55
19-01-1989,31311.4
20-01-1989,31170.38
23-01-1989,31332.88
24-01-1989,31557.68
25-01-1989,31567.79
26-01-1989,31511.81
27-01-1989,31646.13
30-01-1989,31567.5
31-01-1989,31581.3
01-02-1989,31360.68
02-02-1989,31498.3
03-02-1989,31685.78
06-02-1989,31828.75
07-02-1989,31880.65
08-02-1989,32065.12
09-02-1989,32078.43
10-02-1989,32131.99
13-02-1989,31985.32
14-02-1989,31982.89
15-02-1989,32149.48
16-02-1989,32083.58
17-02-1989,32173.39
20-02-1989,32177.08
21-02-1989,31980.08
22-02-1989,32311.93
23-02-1989,32452.49
27-02-1989,32285.77
28-02-1989,31985.6
01-03-1989,31964.3
02-03-1989,32073.73
03-03-1989,32000.1
06-03-1989,31876.86
07-03-1989,31937.94
08-03-1989,31837.66
09-03-1989,31656.45
10-03-1989,31701.78
13-03-1989,31552.96
14-03-1989,31724.35
15-03-1989,32100.48
16-03-1989,32098.24
17-03-1989,32021.01
20-03-1989,31654.8
22-03-1989,31443.24
23-03-1989,31588.66
24-03-1989,31568.52
27-03-1989,31512.4
28-03-1989,32306.36
29-03-1989,32737.28
30-03-1989,32826.13
31-03-1989,32838.68
03-04-1989,33042.07
04-04-1989,33312.25
05-04-1989,33360.79
06-04-1989,32995.78
07-04-1989,33185.05
10-04-1989,32999.02
11-04-1989,33249.58
12-04-1989,33256.45
13-04-1989,33063.94
14-04-1989,33150.44
17-04-1989,33308.33
18-04-1989,33321.66
19-04-1989,33363.83
20-04-1989,33185.15
21-04-1989,33029.81
24-04-1989,32805.92
25-04-1989,33244.78
26-04-1989,33434.93
27-04-1989,33500.83
28-04-1989,33713.35
01-05-1989,33793.17
02-05-1989,33954.99
08-05-1989,34135.24
09-05-1989,34031.87
10-05-1989,33992.35
11-05-1989,34081.49
12-05-1989,33866.33
15-05-1989,33716.29
16-05-1989,33926.45
17-05-1989,33992.45
18-05-1989,33856.33
19-05-1989,34001.96
22-05-1989,34067.86
23-05-1989,33816.61
24-05-1989,33851.82
25-05-1989,34005.39
26-05-1989,34191.62
29-05-1989,34160.83
30-05-1989,34076.89
31-05-1989,34266.75
01-06-1989,33981.35
02-06-1989,33667.42
05-06-1989,33457.08
06-06-1989,33452.01
07-06-1989,33626.89
08-06-1989,33718.29
09-06-1989,33639.98
12-06-1989,33398.01
13-06-1989,33213.55
14-06-1989,33402.99
15-06-1989,32913.09
16-06-1989,33055.17
19-06-1989,33013.18
20-06-1989,33233.47
21-06-1989,33345.28
22-06-1989,33324.97
23-06-1989,33530.71
26-06-1989,33625.82
27-06-1989,33469.21
28-06-1989,33245.6
29-06-1989,32956.31
30-06-1989,32948.69
03-07-1989,33236.42
04-07-1989,33190.38
05-07-1989,33309.71
06-07-1989,33423.48
07-07-1989,33703.97
10-07-1989,33676.02
11-07-1989,33746.77
12-07-1989,33701.52
13-07-1989,33631.16
14-07-1989,33574.77
17-07-1989,33456.22
18-07-1989,33343.73
19-07-1989,33557.17
20-07-1989,33664.87
21-07-1989,33899.43
24-07-1989,34093.33
25-07-1989,34538.9
26-07-1989,34515.83
27-07-1989,34785.28
28-07-1989,34705.63
31-07-1989,34953.87
01-08-1989,34898.46
02-08-1989,34899.34
03-08-1989,34779.81
04-08-1989,34741.99
07-08-1989,34630.38
08-08-1989,34759.48
09-08-1989,34859.27
10-08-1989,34719.8
11-08-1989,34712.96
14-08-1989,34671.62
15-08-1989,34810.69
16-08-1989,35084.15
17-08-1989,35090.11
18-08-1989,35063.14
21-08-1989,35140.83
22-08-1989,35114.35
23-08-1989,34893.28
24-08-1989,34786.55
25-08-1989,34739.93
28-08-1989,34607.41
29-08-1989,34687.65
30-08-1989,34471.66
31-08-1989,34431.2
01-09-1989,34348.22
04-09-1989,34483.78
05-09-1989,34441.95
06-09-1989,34271.31
07-09-1989,34152.56
08-09-1989,34115.81
11-09-1989,34113.66
12-09-1989,34332.88
13-09-1989,34286.94
14-09-1989,34401.88
18-09-1989,34472.54
19-09-1989,34471.07
20-09-1989,34470.58
21-09-1989,34745.02
22-09-1989,34771.79
25-09-1989,34960.71
26-09-1989,35444.82
27-09-1989,35370.57
28-09-1989,35689.98
29-09-1989,35636.76
02-10-1989,35622.97
03-10-1989,35366.37
04-10-1989,35382.8
05-10-1989,35522.99
06-10-1989,35209.35
09-10-1989,35376.35
11-10-1989,35240.07
12-10-1989,34795.05
13-10-1989,35116.02
16-10-1989,34468.69
17-10-1989,34996.08
18-10-1989,35107.56
19-10-1989,35374.22
20-10-1989,35486.38
23-10-1989,35585.52
24-10-1989,35526.55
25-10-1989,35442.4
26-10-1989,35678.49
27-10-1989,35527.29
30-10-1989,35417.44
31-10-1989,35549.44
01-11-1989,35564.43
02-11-1989,35494.86
06-11-1989,35434
07-11-1989,35270.46
08-11-1989,35595.59
09-11-1989,35657.42
10-11-1989,35663.2
13-11-1989,35750.12
14-11-1989,35768.64
15-11-1989,35852.23
16-11-1989,35876.34
17-11-1989,35963.74
20-11-1989,35893.58
21-11-1989,36059.87
22-11-1989,36286.92
24-11-1989,36484.47
27-11-1989,36881.53
28-11-1989,36985.3
29-11-1989,37021.46
30-11-1989,37268.79
01-12-1989,37132.68
04-12-1989,37303.87
05-12-1989,37494.17
06-12-1989,37654.29
07-12-1989,37858.11
08-12-1989,37724.06
11-12-1989,37752.67
12-12-1989,37803.53
13-12-1989,38062.42
14-12-1989,38180.7
15-12-1989,38271.04
18-12-1989,38586.18
19-12-1989,38439.1
20-12-1989,38512
21-12-1989,38215.48
22-12-1989,38040.37
26-12-1989,38681.31
27-12-1989,38801.63
28-12-1989,38876.94
29-12-1989,38915.87
04-01-1990,38712.88
05-01-1990,38274.76
08-01-1990,38294.96
09-01-1990,37951.46
10-01-1990,37696.5
11-01-1990,38170.13
12-01-1990,37516.77
16-01-1990,36850.36
17-01-1990,36821.14
18-01-1990,36729.49
19-01-1990,36836.54
22-01-1990,37257
23-01-1990,37378.02
24-01-1990,36778.98
25-01-1990,36969.11
26-01-1990,36874.07
29-01-1990,37173.7
30-01-1990,37215.67
31-01-1990,37188.95
01-02-1990,37206.42
02-02-1990,37650.15
05-02-1990,37631.41
06-02-1990,37666.83
07-02-1990,37301.87
08-02-1990,37516.24
09-02-1990,37288.14
13-02-1990,37107.03
14-02-1990,37155.89
15-02-1990,37471.99
16-02-1990,37460.32
19-02-1990,37222.6
20-02-1990,36895.52
21-02-1990,35734.33
22-02-1990,35826.84
23-02-1990,34890.97
26-02-1990,33321.87
27-02-1990,33897.95
28-02-1990,34591.99
01-03-1990,33829.58
02-03-1990,34057.56
05-03-1990,33845.2
06-03-1990,33791.08
07-03-1990,33362.34
08-03-1990,33690.89
09-03-1990,33993.12
12-03-1990,33368.23
13-03-1990,32620.57
14-03-1990,32352.13
15-03-1990,32671.64
16-03-1990,32616.44
19-03-1990,31263.24
20-03-1990,30807.19
22-03-1990,29843.34
23-03-1990,30372.16
26-03-1990,31840.49
27-03-1990,31825.96
28-03-1990,31263.57
29-03-1990,31026.16
30-03-1990,29980.45
02-04-1990,28002.07
03-04-1990,28759.72
04-04-1990,28442.94
05-04-1990,28249.06
06-04-1990,29278.78
09-04-1990,30397.93
10-04-1990,29624.68
11-04-1990,29440.28
12-04-1990,29623.2
13-04-1990,29213.92
16-04-1990,28463.18
17-04-1990,28461.6
18-04-1990,29249.06
19-04-1990,29945.41
20-04-1990,29835.44
23-04-1990,29679.07
24-04-1990,29501.38
25-04-1990,29564.36
26-04-1990,29424.58
27-04-1990,29584.8
01-05-1990,29689.83
02-05-1990,30173.64
07-05-1990,30956.27
08-05-1990,30970.58
09-05-1990,30945.61
10-05-1990,30980.26
11-05-1990,31512.14
14-05-1990,32042.65
15-05-1990,31997.04
16-05-1990,31967.62
17-05-1990,32061.6
18-05-1990,32013.72
21-05-1990,31765.05
22-05-1990,31938.3
23-05-1990,32176.51
24-05-1990,32311.75
25-05-1990,32793.88
28-05-1990,33191.61
29-05-1990,32817.67
30-05-1990,32926.26
31-05-1990,33130.8
01-06-1990,32891.12
04-06-1990,32925.37
05-06-1990,32921.62
06-06-1990,32953.5
07-06-1990,33192.5
08-06-1990,32993.29
11-06-1990,32540.18
12-06-1990,32322.31
13-06-1990,32371.77
14-06-1990,32668.11
15-06-1990,32538.4
18-06-1990,32376.8
19-06-1990,32040.38
20-06-1990,32087.76
21-06-1990,32087.27
22-06-1990,31694.57
25-06-1990,31124.19
26-06-1990,31571.77
27-06-1990,32312.75
28-06-1990,32106.19
29-06-1990,31940.24
02-07-1990,32160.23
03-07-1990,32414.6
04-07-1990,32445.92
05-07-1990,32351.67
06-07-1990,32445.12
09-07-1990,32538.28
10-07-1990,32152.43
11-07-1990,32294.18
12-07-1990,32575.32
13-07-1990,32644.37
16-07-1990,33021.73
17-07-1990,33172.28
18-07-1990,33048.11
19-07-1990,33055.62
20-07-1990,32421.52
23-07-1990,31894.79
24-07-1990,31702.46
25-07-1990,31701.27
26-07-1990,31369.75
27-07-1990,30863.48
30-07-1990,30442.95
31-07-1990,31035.66
01-08-1990,30837.99
02-08-1990,30245.18
03-08-1990,29515.76
06-08-1990,28599.53
07-08-1990,27653.07
08-08-1990,28509.14
09-08-1990,27615.73
10-08-1990,27329.55
13-08-1990,26176.43
14-08-1990,26672.53
15-08-1990,28112.12
16-08-1990,27549.44
17-08-1990,26786.72
20-08-1990,26490.47
21-08-1990,26297.84
22-08-1990,25210.91
23-08-1990,23737.63
24-08-1990,24165.76
27-08-1990,25141.76
28-08-1990,25710.76
29-08-1990,24894.79
30-08-1990,25669.96
31-08-1990,25978.37
03-09-1990,25420.43
04-09-1990,24907.64
05-09-1990,24078.34
06-09-1990,23811.91
07-09-1990,23962.07
10-09-1990,25080.9
11-09-1990,24604.66
12-09-1990,25216.14
13-09-1990,25075.08
14-09-1990,24897.46
17-09-1990,24365.6
18-09-1990,23884.82
19-09-1990,23726.17
20-09-1990,23602.98
21-09-1990,23777.83
25-09-1990,23359.32
26-09-1990,22250.62
27-09-1990,21771.91
28-09-1990,20983.5
01-10-1990,20221.86
02-10-1990,22898.41
03-10-1990,22849.39
04-10-1990,22278.19
05-10-1990,22827.65
08-10-1990,23630
09-10-1990,23495.11
11-10-1990,22585.63
12-10-1990,22390.16
15-10-1990,23109.2
16-10-1990,23606.1
17-10-1990,23859.36
18-10-1990,24367.08
19-10-1990,24481.49
22-10-1990,25070.86
23-10-1990,25298.3
24-10-1990,24876.88
25-10-1990,25352.63
26-10-1990,25005.64
29-10-1990,25329.31
30-10-1990,25242.4
31-10-1990,25194.1
01-11-1990,24295.16
02-11-1990,24194.99
05-11-1990,24385.33
06-11-1990,23965.75
07-11-1990,23500.25
08-11-1990,22969.81
09-11-1990,22931.8
13-11-1990,23973.67
14-11-1990,23937.44
15-11-1990,23487.48
16-11-1990,23171.63
19-11-1990,23518.16
20-11-1990,23205.48
21-11-1990,22816.99
22-11-1990,23400.28
26-11-1990,23762.86
27-11-1990,23623.51
28-11-1990,23053.88
29-11-1990,22712.6
30-11-1990,22454.63
03-12-1990,22725.99
04-12-1990,21862.61
05-12-1990,22193.72
06-12-1990,22553.1
07-12-1990,23522.49
10-12-1990,23784.67
11-12-1990,23956.97
12-12-1990,23999.41
13-12-1990,24642.97
14-12-1990,24349.5
17-12-1990,24087.91
18-12-1990,24424.02
19-12-1990,24876.78
20-12-1990,24524.94
21-12-1990,24119.6
25-12-1990,23767.88
26-12-1990,23887.56
27-12-1990,23940.7
28-12-1990,23848.71
04-01-1991,24069.18
07-01-1991,23736.57
08-01-1991,22897.84
09-01-1991,22969.27
10-01-1991,23047.36
11-01-1991,23241.02
14-01-1991,23213.23
16-01-1991,22442.7
17-01-1991,23446.81
18-01-1991,23808.3
21-01-1991,23352.19
22-01-1991,23253.65
23-01-1991,23050.1
24-01-1991,23269.01
25-01-1991,23573.25
28-01-1991,23569.44
29-01-1991,23460.12
30-01-1991,23409.61
31-01-1991,23293.14
01-02-1991,23156.7
04-02-1991,23287.36
05-02-1991,23821.57
06-02-1991,23952.04
07-02-1991,24104.43
08-02-1991,24296.08
12-02-1991,24935.01
13-02-1991,25139.47
14-02-1991,25356.37
15-02-1991,25343.74
18-02-1991,26230.01
19-02-1991,26166.98
20-02-1991,26198.79
21-02-1991,26024.37
22-02-1991,25902.81
25-02-1991,26462.76
26-02-1991,26282.96
27-02-1991,26094.25
28-02-1991,26409.22
01-03-1991,25881.57
04-03-1991,25976.02
05-03-1991,25913.48
06-03-1991,26382.99
07-03-1991,26397.96
08-03-1991,26607.52
11-03-1991,26669.37
12-03-1991,26727.42
13-03-1991,26418.32
14-03-1991,26542.33
15-03-1991,26843.1
18-03-1991,27146.91
19-03-1991,27006.66
20-03-1991,26449.35
22-03-1991,26613.19
25-03-1991,26645.79
26-03-1991,26339.38
27-03-1991,26104.65
28-03-1991,26206.92
29-03-1991,26292.04
01-04-1991,26007.4
02-04-1991,26252
03-04-1991,26780.06
04-04-1991,26689.81
05-04-1991,26767.33
08-04-1991,26607.65
09-04-1991,26317.39
10-04-1991,26268.86
11-04-1991,26425.19
12-04-1991,26582.5
15-04-1991,26695.53
16-04-1991,26813.3
17-04-1991,26980.37
18-04-1991,26798.9
19-04-1991,26541.97
22-04-1991,26237.01
23-04-1991,26491.57
24-04-1991,26330.21
25-04-1991,26038.86
26-04-1991,26123.68
30-04-1991,26111.25
01-05-1991,26489
02-05-1991,26477.86
07-05-1991,26342.14
08-05-1991,26309.79
09-05-1991,26438.5
10-05-1991,26274.29
13-05-1991,26093.2
14-05-1991,26030.08
15-05-1991,25822.47
16-05-1991,25520.27
17-05-1991,25701.94
20-05-1991,25523.03
21-05-1991,25481.21
22-05-1991,25398.66
23-05-1991,25643.65
24-05-1991,25529.14
27-05-1991,25425.88
28-05-1991,25390.67
29-05-1991,25495.41
30-05-1991,25647.4
31-05-1991,25789.62
03-06-1991,25912.61
04-06-1991,25556.86
05-06-1991,25289.57
06-06-1991,24984.12
07-06-1991,25035.11
10-06-1991,24598.38
11-06-1991,24662.59
12-06-1991,24482.69
13-06-1991,24808.17
14-06-1991,25093.89
17-06-1991,24943.09
18-06-1991,24685.47
19-06-1991,23996.75
20-06-1991,24082.26
21-06-1991,24275.08
24-06-1991,23765.46
25-06-1991,23907.42
26-06-1991,23766.38
27-06-1991,23543.03
28-06-1991,23290.96
01-07-1991,24108.76
02-07-1991,23995.76
03-07-1991,23373.47
04-07-1991,23135.61
05-07-1991,22898.34
08-07-1991,22176.17
09-07-1991,22608.96
10-07-1991,23121.3
11-07-1991,22937.92
12-07-1991,23137.78
15-07-1991,23459.04
16-07-1991,23375.15
17-07-1991,23060.7
18-07-1991,22908.71
19-07-1991,22866.36
22-07-1991,22705.29
23-07-1991,22758.98
24-07-1991,23297.47
25-07-1991,23332.71
26-07-1991,23519.07
29-07-1991,23443.58
30-07-1991,23872.63
31-07-1991,24120.75
01-08-1991,24072.73
02-08-1991,24027.97
05-08-1991,23833.25
06-08-1991,23464.96
07-08-1991,23691.02
08-08-1991,23482.46
09-08-1991,23434.62
12-08-1991,22985.67
13-08-1991,22872
14-08-1991,23393.3
15-08-1991,23018.68
16-08-1991,22814.37
19-08-1991,21456.76
20-08-1991,21687.06
21-08-1991,22051.6
22-08-1991,22515.77
23-08-1991,22065.34
26-08-1991,21592.27
27-08-1991,21641.3
28-08-1991,21621.63
29-08-1991,22002.17
30-08-1991,22335.87
02-09-1991,22469.01
03-09-1991,22469.8
04-09-1991,22402.69
05-09-1991,22499.65
06-09-1991,22692.6
09-09-1991,22573.98
10-09-1991,22411.58
11-09-1991,22504.79
12-09-1991,22530.2
13-09-1991,23134.43
17-09-1991,23443.61
18-09-1991,23317.78
19-09-1991,23332.31
20-09-1991,23192.74
24-09-1991,23333.7
25-09-1991,23577.42
26-09-1991,23968.08
27-09-1991,23969.47
30-09-1991,23916.44
01-10-1991,24377.01
02-10-1991,24375.11
03-10-1991,24711.44
04-10-1991,24596.9
07-10-1991,24330.83
08-10-1991,24155.62
09-10-1991,24485.26
11-10-1991,24157.72
14-10-1991,23860.67
15-10-1991,24307.65
16-10-1991,24334.67
17-10-1991,24439.85
18-10-1991,24894.82
21-10-1991,25016.81
22-10-1991,24954.66
23-10-1991,24799.94
24-10-1991,24949.26
25-10-1991,24906.43
28-10-1991,24901.72
29-10-1991,25140.61
30-10-1991,24981.18
31-10-1991,25222.28
01-11-1991,25044.24
05-11-1991,24950.86
06-11-1991,24750.2
07-11-1991,24446.76
08-11-1991,24486.49
11-11-1991,24232.99
12-11-1991,24667.73
13-11-1991,24416.23
14-11-1991,24176.54
15-11-1991,24099.18
18-11-1991,23400.12
19-11-1991,23326.86
20-11-1991,23199.86
21-11-1991,23177.84
22-11-1991,23117.39
25-11-1991,22868.69
26-11-1991,23112.09
27-11-1991,22973.28
28-11-1991,22780.42
29-11-1991,22687.35
02-12-1991,21992.29
03-12-1991,22166.83
04-12-1991,22669.44
05-12-1991,22459.17
06-12-1991,22445.06
09-12-1991,22352.88
10-12-1991,21953.06
11-12-1991,21502.9
12-12-1991,21712.57
13-12-1991,22754.9
16-12-1991,22836.67
17-12-1991,22736.29
18-12-1991,22629.9
19-12-1991,21991.19
20-12-1991,21777.12
24-12-1991,21664.53
25-12-1991,22461.17
26-12-1991,22555.07
27-12-1991,22437.32
30-12-1991,22983.77
06-01-1992,23801.18
07-01-1992,23566.39
08-01-1992,22715
09-01-1992,23113.64
10-01-1992,22381.9
13-01-1992,21696.86
14-01-1992,21775.13
16-01-1992,21612.19
17-01-1992,21321.37
20-01-1992,20913.82
21-01-1992,20858.3
22-01-1992,21534.12
23-01-1992,21580.72
24-01-1992,21072.15
27-01-1992,21007.11
28-01-1992,21390.52
29-01-1992,21362.26
30-01-1992,21557.67
31-01-1992,22023.05
03-02-1992,22139.59
04-02-1992,21999.6
05-02-1992,21936.37
06-02-1992,22104.92
07-02-1992,22107.12
10-02-1992,21819.52
12-02-1992,21541.64
13-02-1992,21391.02
14-02-1992,20883.86
17-02-1992,21324.98
18-02-1992,20872.03
19-02-1992,20618.3
20-02-1992,20771.92
21-02-1992,21291.81
24-02-1992,20973.24
25-02-1992,21025.55
26-02-1992,21364.77
27-02-1992,21333.7
28-02-1992,21338.81
02-03-1992,21487.82
03-03-1992,21051.71
04-03-1992,21105.42
05-03-1992,20864.42
06-03-1992,20992.99
09-03-1992,20797.68
10-03-1992,20854.59
11-03-1992,20592.14
12-03-1992,20561.88
13-03-1992,20456.06
16-03-1992,19837.16
17-03-1992,19917.63
18-03-1992,19764.31
19-03-1992,20185.09
23-03-1992,20239.6
24-03-1992,19891.57
25-03-1992,20226.78
26-03-1992,19885.49
27-03-1992,19636.99
30-03-1992,19669.31
31-03-1992,19345.95
01-04-1992,18581.79
02-04-1992,18286.03
03-04-1992,18559.71
06-04-1992,18436.37
07-04-1992,17791.55
08-04-1992,17175.53
09-04-1992,16598.15
10-04-1992,17850.66
13-04-1992,17236.65
14-04-1992,17439.58
15-04-1992,17948.01
16-04-1992,17959.76
17-04-1992,17580.69
20-04-1992,17071.36
21-04-1992,16787.33
22-04-1992,16839.12
23-04-1992,17402.05
24-04-1992,17542.45
27-04-1992,17450.52
28-04-1992,17527.4
30-04-1992,17390.71
01-05-1992,17303.39
06-05-1992,17878.66
07-05-1992,18410.88
08-05-1992,18375.95
11-05-1992,18608.09
12-05-1992,18508.53
13-05-1992,18768.57
14-05-1992,18804.6
15-05-1992,18074.27
18-05-1992,18443.1
19-05-1992,18754.11
20-05-1992,18674.93
21-05-1992,18691.29
22-05-1992,18221
26-05-1992,18204.64
27-05-1992,17822.56
28-05-1992,17931.25
29-05-1992,18347.75
01-06-1992,18004.11
02-06-1992,18125.55
03-06-1992,18188.68
04-06-1992,17964.07
05-06-1992,17790.04
08-06-1992,17655.06
09-06-1992,17845.04
10-06-1992,17742.87
11-06-1992,17709.05
12-06-1992,17383.68
15-06-1992,16953.23
16-06-1992,16953.53
17-06-1992,16445.8
18-06-1992,16045.56
19-06-1992,16519.87
22-06-1992,15921.22
23-06-1992,16106.99
24-06-1992,15853.67
25-06-1992,16143.72
26-06-1992,15812.73
29-06-1992,15741.27
30-06-1992,15951.73
01-07-1992,16325.07
02-07-1992,16757.63
03-07-1992,16717.78
06-07-1992,16657.07
07-07-1992,16459.55
08-07-1992,16600.26
09-07-1992,16848.66
10-07-1992,16783.72
13-07-1992,17201.73
14-07-1992,17064.63
15-07-1992,17116.92
16-07-1992,16987.66
17-07-1992,16548.07
20-07-1992,15884.48
21-07-1992,16002.41
22-07-1992,15541.95
23-07-1992,16039.94
24-07-1992,15497.79
27-07-1992,15373.34
28-07-1992,15426.64
29-07-1992,15095.95
30-07-1992,15555.6
31-07-1992,15910.28
03-08-1992,15709.45
04-08-1992,15692.59
05-08-1992,15983.64
06-08-1992,15926.44
07-08-1992,15518.27
10-08-1992,15066.34
11-08-1992,14822.56
12-08-1992,14773.79
13-08-1992,14768.17
14-08-1992,14820.25
17-08-1992,14929.55
18-08-1992,14309.41
19-08-1992,14650.74
20-08-1992,15267.76
21-08-1992,16216.88
24-08-1992,16627.96
25-08-1992,16380.77
26-08-1992,16541.65
27-08-1992,17555
28-08-1992,17970.79
31-08-1992,18061.12
01-09-1992,17740.06
02-09-1992,17587.72
03-09-1992,18386.49
04-09-1992,18555.3
07-09-1992,18440.18
08-09-1992,18282.42
09-09-1992,18875.55
10-09-1992,18908.47
11-09-1992,18107.69
14-09-1992,18471.4
16-09-1992,17944.7
17-09-1992,18116.52
18-09-1992,18166.8
21-09-1992,18066.24
22-09-1992,18282.72
24-09-1992,18609.95
25-09-1992,18394.76
28-09-1992,17972.61
29-09-1992,17748.09
30-09-1992,17399.08
01-10-1992,17369.91
02-10-1992,17324.07
05-10-1992,17101.5
06-10-1992,17268.1
07-10-1992,17111.74
08-10-1992,17335.51
09-10-1992,17059.78
12-10-1992,17302.01
13-10-1992,17490.67
14-10-1992,17344.03
15-10-1992,17628.49
16-10-1992,17369.81
19-10-1992,16903.81
20-10-1992,16987.66
21-10-1992,17141.52
22-10-1992,17013.04
23-10-1992,17117.65
26-10-1992,17011.33
27-10-1992,17185.26
28-10-1992,17068.41
29-10-1992,16937.71
30-10-1992,16767.4
02-11-1992,16853.36
04-11-1992,17065.2
05-11-1992,17031.59
06-11-1992,16869.81
09-11-1992,16417.05
10-11-1992,16437.11
11-11-1992,16318.15
12-11-1992,16376.93
13-11-1992,16330.79
16-11-1992,16162.99
17-11-1992,15993.48
18-11-1992,16778.84
19-11-1992,16871.31
20-11-1992,17033.6
24-11-1992,17096.09
25-11-1992,17302.01
26-11-1992,17479.04
27-11-1992,17470.61
30-11-1992,17683.65
01-12-1992,17313.04
02-12-1992,17393.68
03-12-1992,17260.08
04-12-1992,17295.69
07-12-1992,17207.12
08-12-1992,17281.85
09-12-1992,17406.22
10-12-1992,17501.3
11-12-1992,17441.02
14-12-1992,17289.97
15-12-1992,17480.74
16-12-1992,17268.71
17-12-1992,17437.91
18-12-1992,17680.74
21-12-1992,17645.44
22-12-1992,17690.67
24-12-1992,17648.85
28-12-1992,17188.62
29-12-1992,17285.64
30-12-1992,16924.95
04-01-1993,16994.08
05-01-1993,16842.58
06-01-1993,16782.88
07-01-1993,16780.98
08-01-1993,16634.69
11-01-1993,16589.55
12-01-1993,16681.05
13-01-1993,16517.91
14-01-1993,16515.6
18-01-1993,16617.24
19-01-1993,16798.64
20-01-1993,16510.18
21-01-1993,16538.68
22-01-1993,16336.81
25-01-1993,16287.45
26-01-1993,16492.63
27-01-1993,16509.68
28-01-1993,17063.41
29-01-1993,17023.78
01-02-1993,17133.64
02-02-1993,17186.31
03-02-1993,17222.03
04-02-1993,17190.63
05-02-1993,17332.9
08-02-1993,17281.73
09-02-1993,17022.27
10-02-1993,17089.9
12-02-1993,16851.51
15-02-1993,17117.99
16-02-1993,16916.32
17-02-1993,17009.63
18-02-1993,16982.14
19-02-1993,17010.03
22-02-1993,16820.61
23-02-1993,16863.15
24-02-1993,16798.94
25-02-1993,16907.39
26-02-1993,16953.35
01-03-1993,16879.6
02-03-1993,16864.25
03-03-1993,16853.92
04-03-1993,16759.61
05-03-1993,16817.7
08-03-1993,17686.47
09-03-1993,17848.3
10-03-1993,17858.63
11-03-1993,17904.79
12-03-1993,18037.52
15-03-1993,18086.18
16-03-1993,17968.3
17-03-1993,18173.37
18-03-1993,18727.9
19-03-1993,18537.17
22-03-1993,18784.39
23-03-1993,18491.62
24-03-1993,18450.69
25-03-1993,18764.92
26-03-1993,18788.7
29-03-1993,19048.38
30-03-1993,18963.16
31-03-1993,18591.45
01-04-1993,19099.09
02-04-1993,19446.94
05-04-1993,19759.46
06-04-1993,19486.8
07-04-1993,19829.23
08-04-1993,19967.27
09-04-1993,19892.18
12-04-1993,19882.14
13-04-1993,20740.29
14-04-1993,20533.38
15-04-1993,20675.84
16-04-1993,20297.86
19-04-1993,20112.34
20-04-1993,19828.43
21-04-1993,19773.01
22-04-1993,19591.31
23-04-1993,19704.15
26-04-1993,19623.63
27-04-1993,20206.71
28-04-1993,20454.57
30-04-1993,20919.18
06-05-1993,20622.03
07-05-1993,20811.36
10-05-1993,21054.71
11-05-1993,20940.37
12-05-1993,20615.2
13-05-1993,20532.78
14-05-1993,20474.15
17-05-1993,20565.51
18-05-1993,20229.39
19-05-1993,20380.79
20-05-1993,20330.4
21-05-1993,20557.47
24-05-1993,20476.16
25-05-1993,20631.76
26-05-1993,20895.99
27-05-1993,20852.63
28-05-1993,20843.69
31-05-1993,20552.35
01-06-1993,20591.41
02-06-1993,20691.7
03-06-1993,21076
04-06-1993,20882.24
07-06-1993,20844.19
08-06-1993,20575.24
10-06-1993,20493.32
11-06-1993,20500.95
14-06-1993,20397.35
15-06-1993,20045.88
16-06-1993,19902.42
17-06-1993,19925.51
18-06-1993,19804.54
21-06-1993,19212.43
22-06-1993,19538.3
23-06-1993,19492.52
24-06-1993,19685.07
25-06-1993,19659.57
28-06-1993,19886.76
29-06-1993,19543.42
30-06-1993,19590
01-07-1993,19924.61
02-07-1993,19621.46
05-07-1993,19623.06
06-07-1993,19829.78
07-07-1993,19720.67
08-07-1993,19688.67
09-07-1993,19877.39
12-07-1993,19980
13-07-1993,20180.42
14-07-1993,20139.11
15-07-1993,20158.02
16-07-1993,20331.53
19-07-1993,20150.92
20-07-1993,20038
21-07-1993,20080.91
22-07-1993,20115.81
23-07-1993,19734.57
26-07-1993,19822.08
27-07-1993,19891.39
28-07-1993,19829.58
29-07-1993,20456.85
30-07-1993,20380.14
02-08-1993,20343.53
03-08-1993,20357.64
04-08-1993,20497.55
05-08-1993,20425.64
06-08-1993,20357.94
09-08-1993,20493.05
10-08-1993,20493.75
11-08-1993,20732.57
12-08-1993,20765.28
13-08-1993,20745.17
16-08-1993,20901.49
17-08-1993,20841.98
18-08-1993,20773.18
19-08-1993,20687.47
20-08-1993,20607.26
23-08-1993,20414.14
24-08-1993,20431.84
25-08-1993,20521.45
26-08-1993,20591.76
27-08-1993,20791.68
30-08-1993,20912.69
31-08-1993,21026.6
01-09-1993,20953.3
02-09-1993,20983.2
03-09-1993,21116.21
06-09-1993,21060.81
07-09-1993,20962.1
08-09-1993,20918.19
09-09-1993,20825.58
10-09-1993,20817.98
13-09-1993,21148.11
14-09-1993,20947.79
16-09-1993,20502.15
17-09-1993,20391.04
20-09-1993,20266.03
21-09-1993,20466.65
22-09-1993,20174.62
24-09-1993,20307.53
27-09-1993,20094.11
28-09-1993,20172.72
29-09-1993,20077.41
30-09-1993,20105.71
01-10-1993,20283.13
04-10-1993,20264.43
05-10-1993,20321.93
06-10-1993,20500.25
07-10-1993,20265.63
08-10-1993,20378.64
12-10-1993,20137.31
13-10-1993,20038.4
14-10-1993,20082.81
15-10-1993,20174.42
18-10-1993,20072.21
19-10-1993,20069.91
20-10-1993,20173.42
21-10-1993,20179.42
22-10-1993,20264.83
25-10-1993,20309.33
26-10-1993,20023.6
27-10-1993,19838.78
28-10-1993,19479.45
29-10-1993,19702.97
01-11-1993,19438.24
02-11-1993,19381.24
04-11-1993,18949.79
05-11-1993,18590.46
08-11-1993,18625.16
09-11-1993,18125.71
10-11-1993,18121.71
11-11-1993,18158.52
12-11-1993,18493.55
15-11-1993,18074.61
16-11-1993,18246.12
17-11-1993,18108.71
18-11-1993,18166.32
19-11-1993,17941.19
22-11-1993,17384.84
24-11-1993,17067.11
25-11-1993,17222.92
26-11-1993,16726.37
29-11-1993,16078.71
30-11-1993,16406.54
01-12-1993,17125.31
02-12-1993,17458.75
03-12-1993,17459.35
06-12-1993,16840.38
07-12-1993,16903.49
08-12-1993,16507.95
09-12-1993,17061.91
10-12-1993,17257.43
13-12-1993,17327.33
14-12-1993,17308.73
15-12-1993,17489.15
16-12-1993,17789.28
17-12-1993,18051.91
20-12-1993,17404.24
21-12-1993,17315.43
22-12-1993,17445.74
24-12-1993,17141.11
27-12-1993,16819.88
28-12-1993,17131.21
29-12-1993,17272.03
30-12-1993,17417.24
04-01-1994,17369.74
05-01-1994,17783.48
06-01-1994,17881.99
07-01-1994,18124.01
10-01-1994,18443.44
11-01-1994,18485.25
12-01-1994,18793.88
13-01-1994,18577.26
14-01-1994,18973.7
17-01-1994,18725.37
18-01-1994,18514.55
19-01-1994,19039.4
20-01-1994,19183.92
21-01-1994,19307.43
24-01-1994,18353.24
25-01-1994,18648.36
26-01-1994,19138.21
27-01-1994,18891.79
28-01-1994,18757.88
31-01-1994,20229.12
01-02-1994,20416.34
02-02-1994,20250.03
03-02-1994,20174.82
04-02-1994,20301.43
07-02-1994,20014.4
08-02-1994,20251.23
09-02-1994,19841.38
10-02-1994,19990.7
14-02-1994,19459.25
15-02-1994,18974.6
16-02-1994,19052.11
17-02-1994,18931.39
18-02-1994,18959.6
21-02-1994,19393.94
22-02-1994,19342.63
23-02-1994,19341.83
24-02-1994,19765.48
25-02-1994,19803.38
28-02-1994,19997.2
01-03-1994,20216.62
02-03-1994,19744.77
03-03-1994,19605.86
04-03-1994,19966
07-03-1994,19811.88
08-03-1994,19898.39
09-03-1994,19839.18
10-03-1994,20090.71
11-03-1994,20115.31
14-03-1994,20526.15
15-03-1994,20508.85
16-03-1994,20677.77
17-03-1994,20592.16
18-03-1994,20469.45
22-03-1994,20253.53
23-03-1994,19962.1
24-03-1994,20037.9
25-03-1994,19836.48
28-03-1994,19941.79
29-03-1994,19709.74
30-03-1994,19559.91
31-03-1994,19111.92
01-04-1994,19277.16
04-04-1994,19122.22
05-04-1994,19563.21
06-04-1994,19696.74
07-04-1994,19890.98
08-04-1994,19934.99
11-04-1994,19898.08
12-04-1994,19648.33
13-04-1994,20060.41
14-04-1994,19987.2
15-04-1994,20164.63
18-04-1994,20277.36
19-04-1994,20192.34
20-04-1994,19882.18
21-04-1994,19799.36
22-04-1994,19964.39
25-04-1994,19709.14
26-04-1994,19628.93
27-04-1994,19729.15
28-04-1994,19725.25
02-05-1994,19570.21
06-05-1994,19862.47
09-05-1994,19786.96
10-05-1994,19917.78
11-05-1994,20150.13
12-05-1994,20224.24
13-05-1994,20270.75
16-05-1994,20188.44
17-05-1994,20133.53
18-05-1994,20152.73
19-05-1994,20221.34
20-05-1994,20342.17
23-05-1994,20568.71
24-05-1994,20622.12
25-05-1994,20663.63
26-05-1994,20495.8
27-05-1994,20777.15
30-05-1994,20838.97
31-05-1994,20973.59
01-06-1994,21053.11
02-06-1994,21009
03-06-1994,20954.19
06-06-1994,20726.65
07-06-1994,21042.71
08-06-1994,21261.95
09-06-1994,21402.78
10-06-1994,21395.18
13-06-1994,21552.81
14-06-1994,21353.97
15-06-1994,21282.96
16-06-1994,21367.47
17-06-1994,21503.3
20-06-1994,21152.03
21-06-1994,20813.16
22-06-1994,20581.32
23-06-1994,21040.21
24-06-1994,20766.75
27-06-1994,20300.96
28-06-1994,20639.23
29-06-1994,20481
30-06-1994,20643.93
01-07-1994,20543.41
04-07-1994,20631.93
05-07-1994,20834.37
06-07-1994,20629.03
07-07-1994,20620.02
08-07-1994,20526.51
11-07-1994,20473.09
12-07-1994,20400.48
13-07-1994,20540.41
14-07-1994,20718.04
15-07-1994,20770.15
18-07-1994,20717.64
19-07-1994,20775.16
20-07-1994,20780.76
21-07-1994,20622.92
22-07-1994,20462.89
25-07-1994,20297.66
26-07-1994,20345.37
27-07-1994,20137.23
28-07-1994,20247.85
29-07-1994,20449.39
01-08-1994,20271.35
02-08-1994,20660.13
03-08-1994,20632.73
04-08-1994,20676.84
05-08-1994,20521.7
08-08-1994,20635.83
09-08-1994,20590.22
10-08-1994,20770.25
11-08-1994,20821.36
12-08-1994,20663.83
15-08-1994,20626.33
16-08-1994,20786.36
17-08-1994,20824.56
18-08-1994,20862.77
19-08-1994,20512.7
22-08-1994,20394.58
23-08-1994,20380.78
24-08-1994,20511.6
25-08-1994,20443.29
26-08-1994,20471.49
29-08-1994,20600.42
30-08-1994,20592.12
31-08-1994,20628.53
01-09-1994,20642.93
02-09-1994,20653.83
05-09-1994,20409.18
06-09-1994,20393.98
07-09-1994,20023.8
08-09-1994,19917.78
09-09-1994,19897.88
12-09-1994,19917.28
13-09-1994,20046.11
14-09-1994,19919.38
15-09-1994,19919.38
16-09-1994,19796.26
19-09-1994,19554.11
20-09-1994,19837.27
21-09-1994,19885.38
22-09-1994,19833.67
26-09-1994,19814.36
27-09-1994,19468.89
28-09-1994,19507.6
29-09-1994,19615.12
30-09-1994,19563.81
03-10-1994,19650.03
04-10-1994,19568.61
05-10-1994,19751.55
06-10-1994,19655.23
07-10-1994,19744.75
11-10-1994,19821.46
12-10-1994,20089.72
13-10-1994,20148.83
14-10-1994,19969.29
17-10-1994,19958.29
18-10-1994,19992.4
19-10-1994,19868.87
20-10-1994,19991.9
21-10-1994,19899.08
24-10-1994,19852.37
25-10-1994,19732.15
26-10-1994,19746.35
27-10-1994,19796.36
28-10-1994,19805.16
31-10-1994,19989.6
01-11-1994,19916.48
02-11-1994,19750.65
04-11-1994,19811.56
07-11-1994,19619.22
08-11-1994,19609.02
09-11-1994,19423.88
10-11-1994,19264.85
11-11-1994,19284.36
14-11-1994,19261.45
15-11-1994,19391.68
16-11-1994,19306.66
17-11-1994,19336.57
18-11-1994,19302.56
21-11-1994,19121.72
22-11-1994,18962.99
24-11-1994,18701.24
25-11-1994,18666.93
28-11-1994,18811.36
29-11-1994,18926.49
30-11-1994,19075.62
01-12-1994,19013.6
02-12-1994,18998.3
05-12-1994,19305.66
06-12-1994,19340.47
07-12-1994,19174.23
08-12-1994,19180.04
09-12-1994,18978.3
12-12-1994,18975.1
13-12-1994,18875.48
14-12-1994,18931.49
15-12-1994,19121.12
16-12-1994,19163.43
19-12-1994,19270.85
20-12-1994,19406.98
21-12-1994,19340.67
22-12-1994,19633.53
26-12-1994,19726.75
27-12-1994,19711.36
28-12-1994,19665.53
29-12-1994,19752.98
30-12-1994,19723.06
04-01-1995,19684.04
05-01-1995,19616.11
06-01-1995,19519.46
09-01-1995,19444.92
10-01-1995,19501.45
11-01-1995,19548.47
12-01-1995,19410.01
13-01-1995,19331.17
17-01-1995,19241.32
18-01-1995,19223.31
19-01-1995,19075.74
20-01-1995,18840.22
23-01-1995,17785.49
24-01-1995,18060.73
25-01-1995,18159.48
26-01-1995,18070.84
27-01-1995,18104.35
30-01-1995,18752.88
31-01-1995,18649.82
01-02-1995,18739.47
02-02-1995,18604.3
03-02-1995,18538.97
06-02-1995,18667.23
07-02-1995,18500.55
08-02-1995,18290.25
09-02-1995,18099.55
10-02-1995,18291.35
13-02-1995,18313.86
14-02-1995,18138.47
15-02-1995,17991
16-02-1995,17780.59
17-02-1995,18020.51
20-02-1995,17956.48
21-02-1995,18096.25
22-02-1995,18106.65
23-02-1995,17830.02
24-02-1995,17472.94
27-02-1995,16808.7
28-02-1995,17053.43
01-03-1995,16618.71
02-03-1995,16963.18
03-03-1995,17039.62
06-03-1995,17040.72
07-03-1995,16955.28
08-03-1995,16621.31
09-03-1995,16763.08
10-03-1995,16358.38
13-03-1995,16477.64
14-03-1995,16245.82
15-03-1995,16666.83
16-03-1995,16355.68
17-03-1995,16251.23
20-03-1995,16129.96
22-03-1995,15904.85
23-03-1995,15813.41
24-03-1995,15749.77
27-03-1995,16096.25
28-03-1995,16681.73
29-03-1995,16460.73
30-03-1995,16512.22
31-03-1995,16139.95
03-04-1995,15381.29
04-04-1995,15630.53
05-04-1995,15882.49
06-04-1995,15815.87
07-04-1995,15719.5
10-04-1995,16163.09
11-04-1995,16268.88
12-04-1995,16344.92
13-04-1995,16438.79
14-04-1995,16047.89
17-04-1995,16304.15
18-04-1995,16225.11
19-04-1995,16376.08
20-04-1995,16643.06
21-04-1995,16968.24
24-04-1995,16804.05
25-04-1995,16910.54
26-04-1995,16826.49
27-04-1995,16883.99
28-04-1995,16806.75
01-05-1995,16811.46
02-05-1995,17088.66
08-05-1995,17103.69
09-05-1995,16958.22
10-05-1995,16826.49
11-05-1995,16461.73
12-05-1995,16420.79
15-05-1995,16609.7
16-05-1995,16388.9
17-05-1995,16471.35
18-05-1995,16312.56
19-05-1995,16140.85
22-05-1995,15789.12
23-05-1995,15916.15
24-05-1995,15970.75
25-05-1995,15579.44
26-05-1995,15694.25
29-05-1995,15574.03
30-05-1995,15762.97
31-05-1995,15436.79
01-06-1995,15594.57
02-06-1995,15849.13
05-06-1995,15897.32
06-06-1995,15660.99
07-06-1995,15679.62
08-06-1995,15442.3
09-06-1995,15044.18
12-06-1995,14813.46
13-06-1995,14599.68
14-06-1995,14660.49
15-06-1995,14867.26
16-06-1995,14703.17
19-06-1995,14700.06
20-06-1995,14665.7
21-06-1995,14951.21
22-06-1995,14926.37
23-06-1995,15265.18
26-06-1995,15145.36
27-06-1995,14759.05
28-06-1995,14618.07
29-06-1995,14507.17
30-06-1995,14517.4
03-07-1995,14485.41
04-07-1995,14755.74
05-07-1995,14830.44
06-07-1995,15256.89
07-07-1995,16213.08
10-07-1995,16242.66
11-07-1995,16588.19
12-07-1995,16605.74
13-07-1995,16505.67
14-07-1995,16517.7
17-07-1995,16842.47
18-07-1995,16574.35
19-07-1995,16422.44
20-07-1995,16453.42
21-07-1995,16589.09
24-07-1995,16591.5
25-07-1995,16148.4
26-07-1995,16387.25
27-07-1995,16625.19
28-07-1995,16649.45
31-07-1995,16677.53
01-08-1995,16358.57
02-08-1995,16720.75
03-08-1995,16893.71
04-08-1995,16741.2
07-08-1995,16615.46
08-08-1995,16838.97
09-08-1995,16789.33
10-08-1995,16728.97
11-08-1995,16792.34
14-08-1995,16916.57
15-08-1995,17452.72
16-08-1995,18158.73
17-08-1995,18149.7
18-08-1995,18032.49
21-08-1995,17871.05
22-08-1995,17877.77
23-08-1995,17731.98
24-08-1995,17921.99
25-08-1995,17770.68
28-08-1995,17847.29
29-08-1995,18135.16
30-08-1995,17983.86
31-08-1995,18117.22
01-09-1995,18120.73
04-09-1995,17748.52
05-09-1995,17794.04
06-09-1995,17620.38
07-09-1995,17621.18
08-09-1995,18279.55
11-09-1995,18486.11
12-09-1995,18472.17
13-09-1995,18614.26
14-09-1995,18758.55
18-09-1995,18319.16
19-09-1995,18474.38
20-09-1995,18198.64
21-09-1995,18034.79
22-09-1995,17713.93
25-09-1995,17566.43
26-09-1995,17921.98
27-09-1995,18262.43
28-09-1995,18022.86
29-09-1995,17913.06
02-10-1995,17739.84
03-10-1995,18142.99
04-10-1995,18145.08
05-10-1995,18220.41
06-10-1995,18506.28
09-10-1995,18176.27
11-10-1995,17891.19
12-10-1995,17971.4
13-10-1995,17880.83
16-10-1995,18016.44
17-10-1995,17916.6
18-10-1995,17895.97
19-10-1995,17955.36
20-10-1995,18157.33
23-10-1995,18156.24
24-10-1995,18014.25
25-10-1995,17970.81
26-10-1995,17726.68
27-10-1995,17337.19
30-10-1995,17509.17
31-10-1995,17654.64
01-11-1995,17474.49
02-11-1995,18028.8
06-11-1995,18036.97
07-11-1995,18021.22
08-11-1995,17863.29
09-11-1995,17821.04
10-11-1995,17843.56
13-11-1995,17789.46
14-11-1995,17802.51
15-11-1995,17682.74
16-11-1995,17939.52
17-11-1995,18151.16
20-11-1995,18383.82
21-11-1995,18384.32
22-11-1995,18239.84
24-11-1995,18215.23
27-11-1995,18543.14
28-11-1995,18688.42
29-11-1995,18533.98
30-11-1995,18744.42
01-12-1995,18833.1
04-12-1995,18897.37
05-12-1995,18879.53
06-12-1995,19067.86
07-12-1995,19412.32
08-12-1995,19286.97
11-12-1995,19226.78
12-12-1995,19312.77
13-12-1995,19283.48
14-12-1995,19499.3
15-12-1995,19346.55
18-12-1995,19311.08
19-12-1995,19140.49
20-12-1995,19448.59
21-12-1995,19653.25
22-12-1995,19744.42
25-12-1995,19775.41
26-12-1995,19904.72
27-12-1995,20011.76
28-12-1995,19873.13
29-12-1995,19868.15
04-01-1996,20618
05-01-1996,20669.03
08-01-1996,20563.58
09-01-1996,20652.08
10-01-1996,20612.32
11-01-1996,20377.92
12-01-1996,20287.42
16-01-1996,20567.07
17-01-1996,20570.26
18-01-1996,20370.04
19-01-1996,20365.76
22-01-1996,20196.53
23-01-1996,20080.92
24-01-1996,20312.74
25-01-1996,20414.69
26-01-1996,20663.84
29-01-1996,20589.2
30-01-1996,20722.44
31-01-1996,20812.74
01-02-1996,20935.12
02-02-1996,20904.03
05-02-1996,20653.38
06-02-1996,20751.15
07-02-1996,20943.49
08-02-1996,21118.3
09-02-1996,20934.82
13-02-1996,20784.23
14-02-1996,20943.59
15-02-1996,20886.19
16-02-1996,20802.77
19-02-1996,20721.25
20-02-1996,20655.67
21-02-1996,20372.23
22-02-1996,20340.94
23-02-1996,20300.38
26-02-1996,20480.27
27-02-1996,20000.4
28-02-1996,19919.97
29-02-1996,20125.37
01-03-1996,20168.63
04-03-1996,20063.88
05-03-1996,20183.87
06-03-1996,20241.18
07-03-1996,19957.15
08-03-1996,20155.87
11-03-1996,19796.29
12-03-1996,19950.27
13-03-1996,19734.7
14-03-1996,19923.66
15-03-1996,20190.85
18-03-1996,20285.13
19-03-1996,20442.6
21-03-1996,20727.53
22-03-1996,20700.92
25-03-1996,20915.44
26-03-1996,21014.77
27-03-1996,21329.98
28-03-1996,21295.82
29-03-1996,21406.85
01-04-1996,21560.39
02-04-1996,21600.08
03-04-1996,21464.73
04-04-1996,21471.16
05-04-1996,21695.84
08-04-1996,21424.24
09-04-1996,21744.17
10-04-1996,21791.7
11-04-1996,21694.43
12-04-1996,21660.47
15-04-1996,21883.04
16-04-1996,21868.17
17-04-1996,21816.22
18-04-1996,21812.5
19-04-1996,21883.84
22-04-1996,22123.89
23-04-1996,22119.88
24-04-1996,22282.05
25-04-1996,22230.1
26-04-1996,22235.03
30-04-1996,22041.3
01-05-1996,21815.01
02-05-1996,21662.38
07-05-1996,21495.2
08-05-1996,21728.6
09-05-1996,21411.88
10-05-1996,21420.12
13-05-1996,21171.82
14-05-1996,21301.05
15-05-1996,22055.97
16-05-1996,22147.21
17-05-1996,21916.6
20-05-1996,21979
21-05-1996,22091.74
22-05-1996,21958
23-05-1996,21724.08
24-05-1996,21798.43
27-05-1996,21699.76
28-05-1996,21944.53
29-05-1996,22021.5
30-05-1996,21886.35
31-05-1996,21956.19
03-06-1996,21588.52
04-06-1996,21858.12
05-06-1996,21881.43
06-06-1996,21804.46
07-06-1996,21751.81
10-06-1996,21719.15
11-06-1996,21817.62
12-06-1996,22104.8
13-06-1996,22082.4
14-06-1996,22289.39
17-06-1996,22245.38
18-06-1996,22332.4
19-06-1996,22367.36
20-06-1996,22437.3
21-06-1996,22530.65
24-06-1996,22603.2
25-06-1996,22597.17
26-06-1996,22666.8
27-06-1996,22501.61
28-06-1996,22530.75
01-07-1996,22455.49
02-07-1996,22347.97
03-07-1996,22379.02
04-07-1996,22292.91
05-07-1996,22232.42
08-07-1996,21924.94
09-07-1996,21919.82
10-07-1996,21778.94
11-07-1996,21892.58
12-07-1996,21656.45
15-07-1996,21753.42
16-07-1996,21406.35
17-07-1996,21412.88
18-07-1996,21566.42
19-07-1996,21476.29
22-07-1996,21005.63
23-07-1996,21163.69
24-07-1996,20631.03
25-07-1996,20883.84
26-07-1996,21124.9
29-07-1996,20967.54
30-07-1996,20880.33
31-07-1996,20692.83
01-08-1996,20984.83
02-08-1996,20940.41
05-08-1996,21077.47
06-08-1996,20744.88
07-08-1996,20477.59
08-08-1996,20731.31
09-08-1996,20551.05
12-08-1996,20666.6
13-08-1996,20864.95
14-08-1996,20981.11
15-08-1996,20968.25
16-08-1996,20834
19-08-1996,21106.41
20-08-1996,21127.01
21-08-1996,21275.02
22-08-1996,21363.24
23-08-1996,21228.8
26-08-1996,20883.74
27-08-1996,20910.27
28-08-1996,20709.81
29-08-1996,20553.16
30-08-1996,20166.9
02-09-1996,20107.11
03-09-1996,20198.15
04-09-1996,20201.87
05-09-1996,20379.82
06-09-1996,20152.53
09-09-1996,20202.27
10-09-1996,20559.59
11-09-1996,20571.04
12-09-1996,20443.93
13-09-1996,20842.64
17-09-1996,21310.59
18-09-1996,21156.75
19-09-1996,21322.85
20-09-1996,21112.24
24-09-1996,21171.99
25-09-1996,21350.67
26-09-1996,21461.37
27-09-1996,21547.02
30-09-1996,21556.4
01-10-1996,21462.97
02-10-1996,21498.6
03-10-1996,21331.5
04-10-1996,21148.03
07-10-1996,21161.01
08-10-1996,21038.53
09-10-1996,20870.83
11-10-1996,20968.16
14-10-1996,21029.25
15-10-1996,21429.93
16-10-1996,21397.19
17-10-1996,21423.74
18-10-1996,21612.3
21-10-1996,21302.95
22-10-1996,21123.68
23-10-1996,21082.15
24-10-1996,21003.49
25-10-1996,20739.97
28-10-1996,20885.41
29-10-1996,20958.08
30-10-1996,20681.67
31-10-1996,20466.86
01-11-1996,20633.06
05-11-1996,20592.33
06-11-1996,20991.52
07-11-1996,20771.11
08-11-1996,21201.04
11-11-1996,21065.08
12-11-1996,21206.43
13-11-1996,20979.44
14-11-1996,21031.04
15-11-1996,20929.73
18-11-1996,20796.37
19-11-1996,20956.18
20-11-1996,21189.96
21-11-1996,21143.34
22-11-1996,21216.11
25-11-1996,21293.57
26-11-1996,21418.25
27-11-1996,21345.28
28-11-1996,21035.54
29-11-1996,21020.36
02-12-1996,20674.69
03-12-1996,20630.56
04-12-1996,20659.91
05-12-1996,20943.9
06-12-1996,20276.7
09-12-1996,20603.71
10-12-1996,20822.12
11-12-1996,20568.38
12-12-1996,20501.2
13-12-1996,20341.39
16-12-1996,20422.04
17-12-1996,20413.46
18-12-1996,20093.03
19-12-1996,19570.67
20-12-1996,19690.46
24-12-1996,19161.71
26-12-1996,19291.58
27-12-1996,19369.04
30-12-1996,19361.35
06-01-1997,19446
07-01-1997,18896.19
08-01-1997,18680.38
09-01-1997,18073.87
10-01-1997,17303.65
13-01-1997,18118.79
14-01-1997,18093.13
16-01-1997,18144.34
17-01-1997,18090.04
20-01-1997,17480.34
21-01-1997,17358.16
22-01-1997,18013.88
23-01-1997,17909.46
24-01-1997,17689.36
27-01-1997,17334.9
28-01-1997,17796.57
29-01-1997,18335.3
30-01-1997,17864.04
31-01-1997,18330.01
03-02-1997,18085.95
04-02-1997,18314.33
05-02-1997,18185.97
06-02-1997,18038.43
07-02-1997,17867.04
10-02-1997,18181.17
12-02-1997,18409.96
13-02-1997,18688.06
14-02-1997,18722
17-02-1997,18750.65
18-02-1997,18470.75
19-02-1997,18599.12
20-02-1997,19051.71
21-02-1997,19034.54
24-02-1997,18896.99
25-02-1997,19070.07
26-02-1997,18990.92
27-02-1997,19021.56
28-02-1997,18557
03-03-1997,18429.13
04-03-1997,18564.78
05-03-1997,18273.51
06-03-1997,18041.33
07-03-1997,18198.74
10-03-1997,18113.89
11-03-1997,18267.72
12-03-1997,18183.27
13-03-1997,17900.48
14-03-1997,17923.64
17-03-1997,18053.5
18-03-1997,18445.2
19-03-1997,18493.71
21-03-1997,18633.16
24-03-1997,18043.82
25-03-1997,18439.61
26-03-1997,18472.45
27-03-1997,18210.42
28-03-1997,18189.72
31-03-1997,18003.4
01-04-1997,17869.59
02-04-1997,18037.3
03-04-1997,18129.31
04-04-1997,17860.59
07-04-1997,17715.67
08-04-1997,18021.7
09-04-1997,17703.37
10-04-1997,17485.75
11-04-1997,17846.98
14-04-1997,17692.47
15-04-1997,17933.59
16-04-1997,18031.2
17-04-1997,18093.41
18-04-1997,18352.14
21-04-1997,18551.66
22-04-1997,18544.45
23-04-1997,18735.47
24-04-1997,18698.07
25-04-1997,18612.86
28-04-1997,18670.37
30-04-1997,19151.12
01-05-1997,19275.33
02-05-1997,19514.75
06-05-1997,20180.92
07-05-1997,20048.9
08-05-1997,20061.81
09-05-1997,19802.78
12-05-1997,20143.51
13-05-1997,20129.11
14-05-1997,20209.72
15-05-1997,20056.31
16-05-1997,20324.73
19-05-1997,20489.75
20-05-1997,20332.83
21-05-1997,19841.98
22-05-1997,19877.39
23-05-1997,20009
26-05-1997,20043.5
27-05-1997,19889.89
28-05-1997,20351.34
29-05-1997,20312.23
30-05-1997,20068.81
02-06-1997,20451.85
03-06-1997,20563.16
04-06-1997,20611.56
05-06-1997,20488.15
06-06-1997,20485.75
09-06-1997,20223.82
10-06-1997,20532.55
11-06-1997,20289.93
12-06-1997,20564.46
13-06-1997,20528.35
16-06-1997,20681.07
17-06-1997,20593.66
18-06-1997,20497.85
19-06-1997,20507.85
20-06-1997,20385.54
23-06-1997,20436.14
24-06-1997,20341.93
25-06-1997,20679.27
26-06-1997,20624.76
27-06-1997,20523.75
30-06-1997,20604.96
01-07-1997,20175.52
02-07-1997,20196.42
03-07-1997,20121.41
04-07-1997,19968
07-07-1997,19705.17
08-07-1997,19853.89
09-07-1997,19697.17
10-07-1997,19754.78
11-07-1997,19875.49
14-07-1997,20228.72
15-07-1997,20069.41
16-07-1997,20358.74
17-07-1997,20519.25
18-07-1997,20249.32
22-07-1997,20157.02
23-07-1997,20130.51
24-07-1997,20286.23
25-07-1997,20389.54
28-07-1997,20575.26
29-07-1997,20402.74
30-07-1997,20212.82
31-07-1997,20331.43
01-08-1997,19804.38
04-08-1997,19668.07
05-08-1997,19514.45
06-08-1997,19702.07
07-08-1997,19475.85
08-08-1997,19604.46
11-08-1997,18824.18
12-08-1997,19099.11
13-08-1997,19008.6
14-08-1997,19222.62
15-08-1997,19326.03
18-08-1997,19041.1
19-08-1997,18961
20-08-1997,19252.23
21-08-1997,19157.12
22-08-1997,18650.17
25-08-1997,18656.17
26-08-1997,18814.98
27-08-1997,18441.94
28-08-1997,18451.45
29-08-1997,18229.42
01-09-1997,17974.3
02-09-1997,18232.52
03-09-1997,18735.17
04-09-1997,18615.06
05-09-1997,18650.17
08-09-1997,18633.86
09-09-1997,18695.97
10-09-1997,18704.77
11-09-1997,18282.23
12-09-1997,17965.8
16-09-1997,17974.5
17-09-1997,17683.27
18-09-1997,17930.09
19-09-1997,18058.21
22-09-1997,18201.32
24-09-1997,18420.08
25-09-1997,18341.96
26-09-1997,17994.71
29-09-1997,17987.21
30-09-1997,17887.71
01-10-1997,17842.16
02-10-1997,17455.04
03-10-1997,17647.45
06-10-1997,17824.78
07-10-1997,17511.19
08-10-1997,17619.18
09-10-1997,17376.92
13-10-1997,17204.7
14-10-1997,17306.39
15-10-1997,17331.37
16-10-1997,17707.49
17-10-1997,17478.42
20-10-1997,17294.51
21-10-1997,17210.09
22-10-1997,17687.61
23-10-1997,17151.55
24-10-1997,17363.74
27-10-1997,17038.36
28-10-1997,16312.69
29-10-1997,16857.04
30-10-1997,16364.94
31-10-1997,16458.94
04-11-1997,16500.1
05-11-1997,16448.05
06-11-1997,16533.87
07-11-1997,15836.36
10-11-1997,15697.2
11-11-1997,15867.23
12-11-1997,15434.17
13-11-1997,15427.27
14-11-1997,15082.52
17-11-1997,16283.32
18-11-1997,16726.57
19-11-1997,15842.46
20-11-1997,16308.49
21-11-1997,16721.58
25-11-1997,15867.53
26-11-1997,16045.55
27-11-1997,16603.2
28-11-1997,16636.26
01-12-1997,17007.59
02-12-1997,16910.29
03-12-1997,16585.51
04-12-1997,16306.79
05-12-1997,16424.48
08-12-1997,16131.57
09-12-1997,16686.51
10-12-1997,16478.12
11-12-1997,16050.15
12-12-1997,15904.3
15-12-1997,15909.39
16-12-1997,15985.21
17-12-1997,16541.06
18-12-1997,16161.64
19-12-1997,15314.89
22-12-1997,14799.4
24-12-1997,14924.98
25-12-1997,15300.1
26-12-1997,14802.6
29-12-1997,14775.22
30-12-1997,15258.74
05-01-1998,14956.84
06-01-1998,14896.4
07-01-1998,15028.17
08-01-1998,15019.18
09-01-1998,14995.1
12-01-1998,14664.44
13-01-1998,14755.94
14-01-1998,15121.98
16-01-1998,16046.45
19-01-1998,16262.04
20-01-1998,16366.53
21-01-1998,16684.42
22-01-1998,16405.69
23-01-1998,16789.11
26-01-1998,17073.33
27-01-1998,16981.62
28-01-1998,16973.83
29-01-1998,17014.59
30-01-1998,16628.47
02-02-1998,16776.82
03-02-1998,17022.98
04-02-1998,16882.62
05-02-1998,17003.3
06-02-1998,17040.06
09-02-1998,17205
10-02-1998,17205.09
12-02-1998,17174.93
13-02-1998,16791.01
16-02-1998,16775.52
17-02-1998,16790.71
18-02-1998,16613.89
19-02-1998,16616.48
20-02-1998,16756.24
23-02-1998,16609.49
24-02-1998,16198
25-02-1998,16360.64
26-02-1998,16501.7
27-02-1998,16831.67
02-03-1998,17264.34
03-03-1998,17168.33
04-03-1998,17095.6
05-03-1998,16848.55
06-03-1998,17131.97
09-03-1998,16972.53
10-03-1998,16982.82
11-03-1998,16756.14
12-03-1998,16575.22
13-03-1998,17060.14
16-03-1998,16861.14
17-03-1998,16997.2
18-03-1998,16619.68
19-03-1998,16679.02
20-03-1998,16830.47
23-03-1998,16868.83
24-03-1998,16606.39
25-03-1998,16658.34
26-03-1998,16980.62
27-03-1998,16739.26
30-03-1998,16263.04
31-03-1998,16527.17
01-04-1998,16241.66
02-04-1998,15702.9
03-04-1998,15517.78
06-04-1998,15705.99
07-04-1998,15978.72
08-04-1998,16376.62
09-04-1998,16536.66
10-04-1998,16481.12
13-04-1998,16317.58
14-04-1998,16277.32
15-04-1998,16299.3
16-04-1998,15883.77
17-04-1998,15703.8
20-04-1998,15697.1
21-04-1998,15825.67
22-04-1998,15761.54
23-04-1998,15761.69
24-04-1998,16011.24
27-04-1998,15649.95
28-04-1998,15395.43
30-04-1998,15641.26
01-05-1998,15601.1
06-05-1998,15243.84
07-05-1998,15143.03
08-05-1998,15149
11-05-1998,15381.9
12-05-1998,15322.48
13-05-1998,15343.81
14-05-1998,15307.69
15-05-1998,15242.86
18-05-1998,15384.47
19-05-1998,15551.65
20-05-1998,15652.95
21-05-1998,15845.25
22-05-1998,15801.65
25-05-1998,15783.12
26-05-1998,15884.82
27-05-1998,15664.29
28-05-1998,15796.55
29-05-1998,15670.78
01-06-1998,15321.03
02-06-1998,15554.45
03-06-1998,15347
04-06-1998,15426.47
05-06-1998,15323.43
08-06-1998,15294.71
09-06-1998,15530.17
10-06-1998,15339.26
11-06-1998,15014.04
12-06-1998,15022.33
15-06-1998,14825.17
16-06-1998,14720.38
17-06-1998,14715.38
18-06-1998,15361.54
19-06-1998,15267.98
22-06-1998,15309.09
23-06-1998,15054.6
24-06-1998,15123.18
25-06-1998,15132.22
26-06-1998,15210.04
29-06-1998,15365.73
30-06-1998,15830.27
01-07-1998,16362.89
02-07-1998,16471.58
03-07-1998,16511.24
06-07-1998,16350.45
07-07-1998,16416.28
08-07-1998,16530.97
09-07-1998,16446.95
10-07-1998,16090.06
13-07-1998,16360.39
14-07-1998,16488.91
15-07-1998,16614.14
16-07-1998,16731.92
17-07-1998,16570.78
21-07-1998,16556.69
22-07-1998,16293.06
23-07-1998,16188.01
24-07-1998,16361.89
27-07-1998,15944.36
28-07-1998,16114.54
29-07-1998,16158.09
30-07-1998,16201.6
31-07-1998,16378.97
03-08-1998,16165.08
04-08-1998,16023.58
05-08-1998,15992.16
06-08-1998,15876.22
07-08-1998,15829.17
10-08-1998,15626.42
11-08-1998,15406.99
12-08-1998,15378.97
13-08-1998,15382.02
14-08-1998,15123.93
17-08-1998,14794.66
18-08-1998,15063.79
19-08-1998,15406.34
20-08-1998,15391.41
21-08-1998,15298.2
24-08-1998,14988.36
25-08-1998,15072.93
26-08-1998,14866.03
27-08-1998,14413.79
28-08-1998,13915.63
31-08-1998,14107.89
01-09-1998,14369.63
02-09-1998,14376.62
03-09-1998,14261.24
04-09-1998,14042.91
07-09-1998,14790.06
08-09-1998,14913.49
09-09-1998,14755.54
10-09-1998,14666.03
11-09-1998,13916.98
14-09-1998,14227.37
16-09-1998,14197.7
17-09-1998,13859.14
18-09-1998,13983.12
21-09-1998,13597.3
22-09-1998,13789.81
24-09-1998,14205.78
25-09-1998,13723.84
28-09-1998,13909.37
29-09-1998,13821.43
30-09-1998,13406.39
01-10-1998,13197.12
02-10-1998,13223.69
05-10-1998,12948.12
06-10-1998,13021.64
07-10-1998,13825.61
08-10-1998,13026.06
09-10-1998,12879.97
12-10-1998,13555.01
13-10-1998,13242.79
14-10-1998,13070.73
15-10-1998,12995.37
16-10-1998,13280.54
19-10-1998,13567.2
20-10-1998,13808.05
21-10-1998,14216.33
22-10-1998,14295.56
23-10-1998,14144.7
26-10-1998,13843.46
27-10-1998,13820.68
28-10-1998,13516.07
29-10-1998,13668.72
30-10-1998,13564.51
02-11-1998,13952.75
04-11-1998,14527.81
05-11-1998,14341.37
06-11-1998,14121.97
09-11-1998,14194.54
10-11-1998,14108.09
11-11-1998,14428.02
12-11-1998,14075.06
13-11-1998,14268.21
16-11-1998,14428.27
17-11-1998,14413
18-11-1998,14599.23
19-11-1998,14354.46
20-11-1998,14779.94
24-11-1998,15164.64
25-11-1998,15073.47
26-11-1998,15207.77
27-11-1998,15069.39
30-11-1998,14883.7
01-12-1998,14835.41
02-12-1998,14986.62
03-12-1998,14697.08
04-12-1998,14639.97
07-12-1998,14723.49
08-12-1998,14808.2
09-12-1998,14931.9
10-12-1998,14807.8
11-12-1998,14405.64
14-12-1998,14111.62
15-12-1998,14011.19
16-12-1998,14096.3
17-12-1998,14126.99
18-12-1998,14194.29
21-12-1998,14152.95
22-12-1998,13779.45
24-12-1998,13706.73
25-12-1998,13797.95
28-12-1998,13709.06
29-12-1998,13846.9
30-12-1998,13842.17
04-01-1999,13415.89
05-01-1999,13232.74
06-01-1999,13468.46
07-01-1999,13536.56
08-01-1999,13391.81
11-01-1999,13368.48
12-01-1999,13360.97
13-01-1999,13403.6
14-01-1999,13738.86
18-01-1999,13805.06
19-01-1999,13770.44
20-01-1999,14028.05
21-01-1999,14245.42
22-01-1999,14154.4
25-01-1999,14208.81
26-01-1999,14382.01
27-01-1999,14450.06
28-01-1999,14342.32
29-01-1999,14499.25
01-02-1999,14465.18
02-02-1999,14349.83
03-02-1999,14161.31
04-02-1999,14086.85
05-02-1999,13898.08
08-02-1999,13992.49
09-02-1999,13902.66
10-02-1999,13952.4
12-02-1999,13973.69
15-02-1999,14054.72
16-02-1999,14232.64
17-02-1999,14158.67
18-02-1999,14146.79
19-02-1999,14098.04
22-02-1999,14256.67
23-02-1999,14500.65
24-02-1999,14355.45
25-02-1999,14470.45
26-02-1999,14367.54
01-03-1999,14221.75
02-03-1999,13921.06
03-03-1999,14170.36
04-03-1999,14183.45
05-03-1999,14894
08-03-1999,14779.05
09-03-1999,15096.7
10-03-1999,15480
11-03-1999,15502.14
12-03-1999,15488.86
15-03-1999,15779.6
16-03-1999,16072.82
17-03-1999,16268.11
18-03-1999,15717.92
19-03-1999,16378.78
23-03-1999,16019.1
24-03-1999,15515.47
25-03-1999,15986.04
26-03-1999,16016.99
29-03-1999,16008.84
30-03-1999,15859.12
31-03-1999,15836.59
01-04-1999,16327.56
02-04-1999,16290.19
05-04-1999,16334.78
06-04-1999,16479.71
07-04-1999,16554.5
08-04-1999,16846.69
09-04-1999,16855.63
12-04-1999,16507.4
13-04-1999,16715.16
14-04-1999,16764.68
15-04-1999,16727.08
16-04-1999,16851.58
19-04-1999,16674.21
20-04-1999,16697.11
21-04-1999,16495.02
22-04-1999,16665.88
23-04-1999,16923.25
26-04-1999,16918.51
27-04-1999,16957.27
28-04-1999,16942.24
30-04-1999,16701.53
06-05-1999,17300.61
07-05-1999,16946.52
10-05-1999,16977.01
11-05-1999,16743.18
12-05-1999,16947.36
13-05-1999,16851.25
14-05-1999,16810.39
17-05-1999,16421.02
18-05-1999,16378.62
19-05-1999,16128.18
20-05-1999,16199.99
21-05-1999,16292.98
24-05-1999,16390.49
25-05-1999,16214.23
26-05-1999,16230.52
27-05-1999,16177.19
28-05-1999,15972.68
31-05-1999,16111.65
01-06-1999,16408.5
02-06-1999,16417.99
03-06-1999,16227.5
04-06-1999,16300.75
07-06-1999,16475.89
08-06-1999,16562.92
09-06-1999,16622.5
10-06-1999,17102.62
11-06-1999,17198.55
14-06-1999,17188.82
15-06-1999,17282
16-06-1999,17210.18
17-06-1999,17470.45
18-06-1999,17431.26
21-06-1999,17738.85
22-06-1999,17777.62
23-06-1999,17586.75
24-06-1999,17628.32
25-06-1999,17436.52
28-06-1999,17610.58
29-06-1999,17782.79
30-06-1999,17529.74
01-07-1999,17860.75
02-07-1999,17932.47
05-07-1999,18135.06
06-07-1999,18050.73
07-07-1999,17958.9
08-07-1999,17967.65
09-07-1999,17937.73
12-07-1999,18274.18
13-07-1999,18181.09
14-07-1999,18357.86
15-07-1999,18431.86
16-07-1999,18248.3
19-07-1999,18532.58
21-07-1999,18257.52
22-07-1999,17730.34
23-07-1999,17534.44
26-07-1999,17491.34
27-07-1999,17462.72
28-07-1999,17579.91
29-07-1999,17869.92
30-07-1999,17861.86
02-08-1999,17825.7
03-08-1999,17969.93
04-08-1999,17685.38
05-08-1999,17358.19
06-08-1999,17084.24
09-08-1999,17190.45
10-08-1999,17202.09
11-08-1999,17211.16
12-08-1999,17422.97
13-08-1999,17435.17
16-08-1999,17826.03
17-08-1999,17860.09
18-08-1999,17892.26
19-08-1999,17879.74
20-08-1999,18098.11
23-08-1999,18233.55
24-08-1999,18095.41
25-08-1999,17855.16
26-08-1999,17666.29
27-08-1999,17599.37
30-08-1999,17918.97
31-08-1999,17436.56
01-09-1999,17802.48
02-09-1999,17631.25
03-09-1999,17629.99
06-09-1999,17756.51
07-09-1999,17707.5
08-09-1999,17641.38
09-09-1999,17677.56
10-09-1999,17711.02
13-09-1999,17909.29
14-09-1999,17777.22
16-09-1999,17291.59
17-09-1999,17342.27
20-09-1999,17575.26
21-09-1999,17932.79
22-09-1999,17325.76
24-09-1999,16871.73
27-09-1999,16821.06
28-09-1999,17325.7
29-09-1999,17282.28
30-09-1999,17605.46
01-10-1999,17712.56
04-10-1999,17763.71
05-10-1999,17784.15
06-10-1999,17896.42
07-10-1999,18136.55
08-10-1999,18062.18
12-10-1999,18090.81
13-10-1999,17754.49
14-10-1999,17780.26
15-10-1999,17601.57
18-10-1999,17275.33
19-10-1999,17254.17
20-10-1999,17534.71
21-10-1999,17448.27
22-10-1999,17438.8
25-10-1999,17648.79
26-10-1999,17671.79
27-10-1999,17382.36
28-10-1999,17413.71
29-10-1999,17942.08
01-11-1999,17996.92
02-11-1999,17991.96
04-11-1999,18348.13
05-11-1999,18354.9
08-11-1999,18240.98
09-11-1999,18292.16
10-11-1999,18567.87
11-11-1999,18327.28
12-11-1999,18258.55
15-11-1999,18198.09
16-11-1999,18155.14
17-11-1999,18274.82
18-11-1999,18532.81
19-11-1999,18570.84
22-11-1999,18822.12
24-11-1999,18896.21
25-11-1999,18721.78
26-11-1999,18914.5
29-11-1999,18850.27
30-11-1999,18558.23
01-12-1999,18495.95
02-12-1999,18514.41
03-12-1999,18368.14
06-12-1999,18507.2
07-12-1999,18593.96
08-12-1999,18401.2
09-12-1999,18260.72
10-12-1999,18271.85
13-12-1999,18205.08
14-12-1999,18165.55
15-12-1999,18138.36
16-12-1999,18111.31
17-12-1999,18095.12
20-12-1999,18175.49
21-12-1999,18080.38
22-12-1999,18461.93
24-12-1999,18584.95
27-12-1999,18546.9
28-12-1999,18783.52
29-12-1999,18810.58
30-12-1999,18934.34
04-01-2000,19002.86
05-01-2000,18542.55
06-01-2000,18168.27
07-01-2000,18193.41
11-01-2000,18850.92
12-01-2000,18677.42
13-01-2000,18833.29
14-01-2000,18956.55
17-01-2000,19437.23
18-01-2000,19196.57
19-01-2000,18897.75
20-01-2000,19008.01
21-01-2000,18878.09
24-01-2000,19056.71
25-01-2000,18895.53
26-01-2000,19111.19
27-01-2000,19209.72
28-01-2000,19434.78
31-01-2000,19539.7
01-02-2000,19423.38
02-02-2000,19578.91
03-02-2000,19786.42
04-02-2000,19763.13
07-02-2000,19945.43
08-02-2000,19868.88
09-02-2000,20007.77
10-02-2000,19710.02
14-02-2000,19556.46
15-02-2000,19367.83
16-02-2000,19599.18
17-02-2000,19791.4
18-02-2000,19789.03
21-02-2000,19543.75
22-02-2000,19390.58
23-02-2000,19519.55
24-02-2000,19571.44
25-02-2000,19817.88
28-02-2000,19720.1
29-02-2000,19959.52
01-03-2000,20081.67
02-03-2000,20065.11
03-03-2000,19927.54
06-03-2000,19796.35
07-03-2000,19944.24
08-03-2000,19766.8
09-03-2000,19662.33
10-03-2000,19750.4
13-03-2000,19189.93
14-03-2000,19141.84
15-03-2000,19078.6
16-03-2000,19253.23
17-03-2000,19566.32
21-03-2000,19602.36
22-03-2000,19733.59
23-03-2000,19704.6
24-03-2000,19958.08
27-03-2000,20281.03
28-03-2000,20374.34
29-03-2000,20706.65
30-03-2000,20441.5
31-03-2000,20337.32
03-04-2000,20726.99
04-04-2000,20594.93
05-04-2000,20462.77
06-04-2000,20223.61
07-04-2000,20252.81
10-04-2000,20619.06
11-04-2000,20522.52
12-04-2000,20833.21
13-04-2000,20526.42
14-04-2000,20434.68
17-04-2000,19008.64
18-04-2000,18969.52
19-04-2000,19086.62
20-04-2000,18959.32
21-04-2000,18252.68
24-04-2000,18480.15
25-04-2000,18272.33
26-04-2000,18134.31
27-04-2000,18019.17
28-04-2000,17973.7
01-05-2000,18403.08
02-05-2000,18439.36
08-05-2000,18199.96
09-05-2000,17844.54
10-05-2000,17701.47
11-05-2000,16882.46
12-05-2000,17357.86
15-05-2000,17313.69
16-05-2000,17551.25
17-05-2000,17404.03
18-05-2000,17031.63
19-05-2000,16858.17
22-05-2000,16386.01
23-05-2000,16318.73
24-05-2000,16044.44
25-05-2000,16247.82
26-05-2000,16008.14
29-05-2000,16245.44
30-05-2000,16228.9
31-05-2000,16332.45
01-06-2000,16694.3
02-06-2000,16800.06
05-06-2000,17201.79
06-06-2000,17170.08
07-06-2000,17144.96
08-06-2000,17004.34
09-06-2000,16861.91
12-06-2000,16980.61
13-06-2000,16914.95
14-06-2000,16654.42
15-06-2000,16338.7
16-06-2000,16318.31
19-06-2000,16591.35
20-06-2000,16907.55
21-06-2000,17210.08
22-06-2000,17106.01
23-06-2000,16963.21
26-06-2000,16925.4
27-06-2000,17279.06
28-06-2000,17370.17
29-06-2000,17475.9
30-06-2000,17411.05
03-07-2000,17614.66
04-07-2000,17470.15
05-07-2000,17435.95
06-07-2000,17282.37
07-07-2000,17398.24
10-07-2000,17572.68
11-07-2000,17504.36
12-07-2000,17342.13
13-07-2000,17036.9
14-07-2000,17142.9
17-07-2000,17286.83
18-07-2000,16945.07
19-07-2000,16983.57
21-07-2000,16811.49
24-07-2000,16547.12
25-07-2000,16573.59
26-07-2000,16502.61
27-07-2000,16182.01
28-07-2000,15838.57
31-07-2000,15727.49
01-08-2000,16099.67
02-08-2000,16206.19
03-08-2000,15814.44
04-08-2000,15667.36
07-08-2000,16002.71
08-08-2000,15820.11
09-08-2000,16034.6
10-08-2000,15975.65
11-08-2000,16117.5
14-08-2000,16153.91
15-08-2000,16298.29
16-08-2000,16356.03
17-08-2000,16161.03
18-08-2000,16280.49
21-08-2000,16040.18
22-08-2000,16454.74
23-08-2000,16436.65
24-08-2000,16670.82
25-08-2000,16911.33
28-08-2000,17181.12
29-08-2000,17141.75
30-08-2000,16901.67
31-08-2000,16861.26
01-09-2000,16739.78
04-09-2000,16688.21
05-09-2000,16452.27
06-09-2000,16399.87
07-09-2000,16300.46
08-09-2000,16501.55
11-09-2000,16130.9
12-09-2000,16040.23
13-09-2000,16190.52
14-09-2000,16213.28
18-09-2000,16061.16
19-09-2000,16124.19
20-09-2000,16458.31
21-09-2000,16311.05
22-09-2000,15818.25
25-09-2000,15992.9
26-09-2000,15928.62
27-09-2000,15639.95
28-09-2000,15626.96
29-09-2000,15747.26
02-10-2000,15902.51
03-10-2000,15912.09
04-10-2000,16149.08
05-10-2000,16099.26
06-10-2000,15994.24
10-10-2000,15827.72
11-10-2000,15513.57
12-10-2000,15550.64
13-10-2000,15330.31
16-10-2000,15512.32
17-10-2000,15340.22
18-10-2000,14872.48
19-10-2000,14811.08
20-10-2000,15198.73
23-10-2000,15097.96
24-10-2000,15148.19
25-10-2000,14840.47
26-10-2000,14858.43
27-10-2000,14582.2
30-10-2000,14464.56
31-10-2000,14539.6
01-11-2000,14872.39
02-11-2000,14837.78
06-11-2000,15371.44
07-11-2000,15340.33
08-11-2000,15399.64
09-11-2000,15060.05
10-11-2000,14988.54
13-11-2000,14664.64
14-11-2000,14660.04
15-11-2000,14799.14
16-11-2000,14587.03
17-11-2000,14544.3
20-11-2000,14531.65
21-11-2000,14408.46
22-11-2000,14301.31
24-11-2000,14315.35
27-11-2000,14720.39
28-11-2000,14658.87
29-11-2000,14507.64
30-11-2000,14648.51
01-12-2000,14835.33
04-12-2000,14954.73
05-12-2000,14695.05
06-12-2000,14889.37
07-12-2000,14720.36
08-12-2000,14696.51
11-12-2000,15015.7
12-12-2000,15114.64
13-12-2000,15168.68
14-12-2000,14927.19
15-12-2000,14552.29
18-12-2000,14483.9
19-12-2000,14132.37
20-12-2000,13914.43
21-12-2000,13423.21
22-12-2000,13427.08
25-12-2000,13931.61
26-12-2000,14007.85
27-12-2000,13981.49
28-12-2000,13946.96
29-12-2000,13785.69
04-01-2001,13691.49
05-01-2001,13867.61
09-01-2001,13610.51
10-01-2001,13432.65
11-01-2001,13201.07
12-01-2001,13347.74
15-01-2001,13506.23
16-01-2001,13584.45
17-01-2001,13667.63
18-01-2001,13873.92
19-01-2001,13989.12
22-01-2001,14032.42
23-01-2001,13984.66
24-01-2001,13893.58
25-01-2001,13803.38
26-01-2001,13696.06
29-01-2001,13845.28
30-01-2001,13826.65
31-01-2001,13843.55
01-02-2001,13779.55
02-02-2001,13703.63
05-02-2001,13385.52
06-02-2001,13269.85
07-02-2001,13366.01
08-02-2001,13138.23
09-02-2001,13422.83
13-02-2001,13274.7
14-02-2001,13284.06
15-02-2001,13327.39
16-02-2001,13175.49
19-02-2001,13119.59
20-02-2001,13248.36
21-02-2001,13100.08
22-02-2001,13073.36
23-02-2001,13246
26-02-2001,13201.14
27-02-2001,13059.86
28-02-2001,12883.54
01-03-2001,12681.66
02-03-2001,12261.8
05-03-2001,12322.16
06-03-2001,12687.74
07-03-2001,12723.89
08-03-2001,12650.56
09-03-2001,12627.9
12-03-2001,12171.37
13-03-2001,11819.7
14-03-2001,11843.59
15-03-2001,12152.83
16-03-2001,12232.98
19-03-2001,12190.97
21-03-2001,13103.94
22-03-2001,12853.97
23-03-2001,13214.54
26-03-2001,13862.31
27-03-2001,13638.33
28-03-2001,13765.51
29-03-2001,13072.36
30-03-2001,12999.7
02-04-2001,12937.86
03-04-2001,13124.47
04-04-2001,13242.78
05-04-2001,13381.38
06-04-2001,13383.76
09-04-2001,12841.76
10-04-2001,12620.27
11-04-2001,13174.93
12-04-2001,13352.44
13-04-2001,13385.72
16-04-2001,13254.89
17-04-2001,13067.09
18-04-2001,13641.79
19-04-2001,13868.28
20-04-2001,13765.67
23-04-2001,13715.6
24-04-2001,13743.18
25-04-2001,13827.5
26-04-2001,13973.03
27-04-2001,13934.32
01-05-2001,14425.46
02-05-2001,14421.64
07-05-2001,14529.41
08-05-2001,14289.05
09-05-2001,14084.85
10-05-2001,14017.79
11-05-2001,14043.92
14-05-2001,13873.02
15-05-2001,14054.03
16-05-2001,13694.27
17-05-2001,13910.67
18-05-2001,13877.77
21-05-2001,14176.83
22-05-2001,14091.19
23-05-2001,14067.7
24-05-2001,13895.79
25-05-2001,13765.92
28-05-2001,13737.77
29-05-2001,13773.89
30-05-2001,13493.35
31-05-2001,13262.14
01-06-2001,13261.84
04-06-2001,13312.35
05-06-2001,13182
06-06-2001,13174.84
07-06-2001,13277.51
08-06-2001,13430.22
11-06-2001,13226.48
12-06-2001,12840.1
13-06-2001,12823.45
14-06-2001,12846.66
15-06-2001,12790.38
18-06-2001,12697.79
19-06-2001,12574.26
20-06-2001,12674.64
21-06-2001,12962.43
22-06-2001,13044.61
25-06-2001,12896.47
26-06-2001,12978.82
27-06-2001,12828.98
28-06-2001,12679.88
29-06-2001,12969.05
02-07-2001,12751.18
03-07-2001,12817.41
04-07-2001,12629.02
05-07-2001,12607.3
06-07-2001,12306.08
09-07-2001,12239.68
10-07-2001,12300.41
11-07-2001,12005.11
12-07-2001,12407.95
13-07-2001,12355.15
16-07-2001,12343.37
17-07-2001,12128.57
18-07-2001,11892.58
19-07-2001,11908.39
23-07-2001,11609.63
24-07-2001,11883.25
25-07-2001,11891.61
26-07-2001,11858.56
27-07-2001,11798.08
30-07-2001,11579.27
31-07-2001,11860.77
01-08-2001,11959.33
02-08-2001,12399.2
03-08-2001,12241.97
06-08-2001,12243.9
07-08-2001,12319.46
08-08-2001,12163.67
09-08-2001,11754.56
10-08-2001,11735.06
13-08-2001,11477.56
14-08-2001,11917.95
15-08-2001,11755.4
16-08-2001,11515.02
17-08-2001,11445.54
20-08-2001,11257.94
21-08-2001,11280.38
22-08-2001,11396.43
23-08-2001,11126.92
24-08-2001,11166.31
27-08-2001,11275.01
28-08-2001,11189.4
29-08-2001,10979.76
30-08-2001,10938.45
31-08-2001,10713.51
03-09-2001,10409.68
04-09-2001,10772.59
05-09-2001,10598.79
06-09-2001,10650.33
07-09-2001,10516.79
10-09-2001,10195.69
11-09-2001,10292.95
12-09-2001,9610.1
13-09-2001,9613.09
14-09-2001,10008.89
17-09-2001,9504.41
18-09-2001,9679.88
19-09-2001,9939.6
20-09-2001,9785.16
21-09-2001,9554.99
25-09-2001,9693.97
26-09-2001,9641.7
27-09-2001,9696.53
28-09-2001,9774.68
01-10-2001,9972.28
02-10-2001,10136.56
03-10-2001,9924.23
04-10-2001,10205.48
05-10-2001,10205.87
09-10-2001,10011.77
10-10-2001,9964.88
11-10-2001,10347.01
12-10-2001,10632.35
15-10-2001,10452.54
16-10-2001,10637.82
17-10-2001,10755.45
18-10-2001,10474.85
19-10-2001,10538.79
22-10-2001,10565.41
23-10-2001,10861.56
24-10-2001,10802.15
25-10-2001,10880.1
26-10-2001,10795.16
29-10-2001,10612.31
30-10-2001,10512.82
31-10-2001,10366.34
01-11-2001,10347.28
02-11-2001,10383.78
05-11-2001,10447.54
06-11-2001,10633.72
07-11-2001,10284.98
08-11-2001,10431.79
09-11-2001,10215.71
12-11-2001,10081.56
13-11-2001,10030.56
14-11-2001,10086.76
15-11-2001,10489.89
16-11-2001,10649.09
19-11-2001,10727.94
20-11-2001,10575.62
21-11-2001,10661.08
22-11-2001,10696.82
26-11-2001,11064.3
27-11-2001,10948.89
28-11-2001,10624.81
29-11-2001,10655.96
30-11-2001,10697.44
03-12-2001,10370.62
04-12-2001,10452.65
05-12-2001,10713.81
06-12-2001,10857.28
07-12-2001,10796.89
10-12-2001,10571.01
11-12-2001,10473.91
12-12-2001,10801.52
13-12-2001,10433.45
14-12-2001,10511.65
17-12-2001,10323.35
18-12-2001,10432.17
19-12-2001,10471.93
20-12-2001,10434.52
21-12-2001,10335.45
25-12-2001,10254.81
26-12-2001,10192.57
27-12-2001,10457.61
28-12-2001,10542.62
04-01-2002,10871.49
07-01-2002,10942.36
08-01-2002,10695.6
09-01-2002,10663.98
10-01-2002,10538.43
11-01-2002,10441.59
15-01-2002,10208.05
16-01-2002,10177.58
17-01-2002,10128.18
18-01-2002,10293.32
21-01-2002,10280.25
22-01-2002,10050.98
23-01-2002,10040.91
24-01-2002,10074.05
25-01-2002,10144.14
28-01-2002,10220.85
29-01-2002,10026.03
30-01-2002,9919.48
31-01-2002,9997.8
01-02-2002,9791.43
04-02-2002,9631.93
05-02-2002,9475.6
06-02-2002,9420.85
07-02-2002,9583.27
08-02-2002,9686.06
12-02-2002,9877.99
13-02-2002,9968.35
14-02-2002,10081.09
15-02-2002,10048.1
18-02-2002,10093.25
19-02-2002,9847.16
20-02-2002,9834.13
21-02-2002,10295.42
22-02-2002,10356.78
25-02-2002,10296.47
26-02-2002,10202.63
27-02-2002,10573.09
28-02-2002,10587.83
01-03-2002,10812
04-03-2002,11450.22
05-03-2002,11348.45
06-03-2002,11358.53
07-03-2002,11648.34
08-03-2002,11885.79
11-03-2002,11919.3
12-03-2002,11607.33
13-03-2002,11415.31
14-03-2002,11568.82
15-03-2002,11648.01
18-03-2002,11498.38
19-03-2002,11792.82
20-03-2002,11526.78
22-03-2002,11345.08
25-03-2002,11261.09
26-03-2002,11207.92
27-03-2002,11323.68
28-03-2002,11333.11
29-03-2002,11024.94
01-04-2002,11028.7
02-04-2002,11204.49
03-04-2002,11400.71
04-04-2002,11379.2
05-04-2002,11335.49
08-04-2002,11352.89
09-04-2002,11114.49
10-04-2002,11218.58
11-04-2002,11147.27
12-04-2002,10962.98
15-04-2002,11137.3
16-04-2002,11346.66
17-04-2002,11543.71
18-04-2002,11575.73
19-04-2002,11512.01
22-04-2002,11721.64
23-04-2002,11736.83
24-04-2002,11672.88
25-04-2002,11648.72
26-04-2002,11541.39
30-04-2002,11492.54
01-05-2002,11552.79
02-05-2002,11551.01
07-05-2002,11316.04
08-05-2002,11520.75
09-05-2002,11633.3
10-05-2002,11531.11
13-05-2002,11336.95
14-05-2002,11356.19
15-05-2002,11642.97
16-05-2002,11738.69
17-05-2002,11847.32
20-05-2002,11856.54
21-05-2002,11801.16
22-05-2002,11961.98
23-05-2002,11979.85
24-05-2002,11976.28
27-05-2002,11976.35
28-05-2002,11936.08
29-05-2002,11853
30-05-2002,11770.03
31-05-2002,11763.7
03-06-2002,11901.39
04-06-2002,11653.07
05-06-2002,11663.87
06-06-2002,11574.94
07-06-2002,11438.53
10-06-2002,11370.21
11-06-2002,11449.44
12-06-2002,11327.06
13-06-2002,11144.84
14-06-2002,10920.63
17-06-2002,10664.11
18-06-2002,10839.93
19-06-2002,10476.18
20-06-2002,10612.98
21-06-2002,10354.35
24-06-2002,10471.32
25-06-2002,10496.67
26-06-2002,10074.56
27-06-2002,10261.6
28-06-2002,10621.84
01-07-2002,10595.44
02-07-2002,10622.32
03-07-2002,10812.3
04-07-2002,10632.81
05-07-2002,10826.09
08-07-2002,10769.2
09-07-2002,10960.25
10-07-2002,10752.66
11-07-2002,10485.74
12-07-2002,10601.45
15-07-2002,10375.15
16-07-2002,10250.42
17-07-2002,10296.02
18-07-2002,10498.26
19-07-2002,10202.36
22-07-2002,10189.01
23-07-2002,10215.63
24-07-2002,9947.72
25-07-2002,9929.91
26-07-2002,9591.03
29-07-2002,9666.67
30-07-2002,10003.72
31-07-2002,9877.94
01-08-2002,9793.51
02-08-2002,9709.66
05-08-2002,9704.93
06-08-2002,9501.02
07-08-2002,9834.4
08-08-2002,9799.57
09-08-2002,9999.79
12-08-2002,9747.82
13-08-2002,9688.61
14-08-2002,9638.41
15-08-2002,9795.57
16-08-2002,9788.13
19-08-2002,9599.1
20-08-2002,9620.69
21-08-2002,9642.61
22-08-2002,9814.02
23-08-2002,9867.45
26-08-2002,10067.74
27-08-2002,9907.3
28-08-2002,9766.73
29-08-2002,9620.14
30-08-2002,9619.3
02-09-2002,9521.63
03-09-2002,9217.04
04-09-2002,9075.09
05-09-2002,9222.12
06-09-2002,9129.07
09-09-2002,9306.26
10-09-2002,9309.31
11-09-2002,9400.08
12-09-2002,9415.23
13-09-2002,9241.93
17-09-2002,9543.94
18-09-2002,9472.06
19-09-2002,9669.62
20-09-2002,9481.08
24-09-2002,9321.64
25-09-2002,9165.41
26-09-2002,9320.92
27-09-2002,9530.44
30-09-2002,9383.29
01-10-2002,9162.26
02-10-2002,9049.33
03-10-2002,8936.43
04-10-2002,9027.55
07-10-2002,8688
08-10-2002,8708.9
09-10-2002,8539.34
10-10-2002,8439.62
11-10-2002,8529.61
15-10-2002,8836.73
16-10-2002,8884.87
17-10-2002,8959.88
18-10-2002,9086.13
21-10-2002,8978.41
22-10-2002,8689.39
23-10-2002,8714.52
24-10-2002,8614.3
25-10-2002,8726.29
28-10-2002,8757.51
29-10-2002,8708.76
30-10-2002,8756.59
31-10-2002,8640.48
01-11-2002,8685.72
05-11-2002,8937.56
06-11-2002,8953.29
07-11-2002,8920.44
08-11-2002,8690.77
11-11-2002,8460.37
12-11-2002,8464.77
13-11-2002,8438.52
14-11-2002,8303.39
15-11-2002,8503.59
18-11-2002,8346.01
19-11-2002,8365.26
20-11-2002,8459.62
21-11-2002,8668.06
22-11-2002,8772.56
25-11-2002,8944.44
26-11-2002,8823.99
27-11-2002,8875.88
28-11-2002,9176.78
29-11-2002,9215.56
02-12-2002,9174.47
03-12-2002,9205.11
04-12-2002,9006.73
05-12-2002,8917.57
06-12-2002,8863.26
09-12-2002,8828.05
10-12-2002,8804.52
11-12-2002,8727.66
12-12-2002,8708.69
13-12-2002,8516.07
16-12-2002,8450.94
17-12-2002,8510.73
18-12-2002,8344.01
19-12-2002,8387.57
20-12-2002,8406.88
24-12-2002,8512.37
25-12-2002,8501.14
26-12-2002,8700.1
27-12-2002,8714.05
30-12-2002,8578.95
06-01-2003,8713.33
07-01-2003,8656.5
08-01-2003,8517.8
09-01-2003,8497.93
10-01-2003,8470.45
14-01-2003,8553.06
15-01-2003,8611.75
16-01-2003,8609.17
17-01-2003,8690.25
20-01-2003,8558.82
21-01-2003,8708.58
22-01-2003,8611.04
23-01-2003,8790.92
24-01-2003,8731.65
27-01-2003,8609.47
28-01-2003,8525.39
29-01-2003,8331.08
30-01-2003,8316.81
31-01-2003,8339.94
03-02-2003,8500.79
04-02-2003,8484.9
05-02-2003,8549.85
06-02-2003,8484.19
07-02-2003,8448.16
10-02-2003,8484.93
12-02-2003,8664.17
13-02-2003,8599.66
14-02-2003,8701.92
17-02-2003,8771.89
18-02-2003,8692.97
19-02-2003,8678.44
20-02-2003,8650.92
21-02-2003,8513.54
24-02-2003,8564.95
25-02-2003,8360.49
26-02-2003,8356.81
27-02-2003,8359.38
28-02-2003,8363.04
03-03-2003,8490.4
04-03-2003,8480.22
05-03-2003,8472.62
06-03-2003,8369.15
07-03-2003,8144.12
10-03-2003,8042.26
11-03-2003,7862.43
12-03-2003,7943.04
13-03-2003,7868.56
14-03-2003,8002.69
17-03-2003,7871.64
18-03-2003,7954.46
19-03-2003,8051.04
20-03-2003,8195.05
24-03-2003,8435.07
25-03-2003,8238.76
26-03-2003,8351.92
27-03-2003,8368.67
28-03-2003,8280.16
31-03-2003,7972.71
01-04-2003,7986.72
02-04-2003,8069.85
03-04-2003,8017.75
04-04-2003,8074.12
07-04-2003,8249.98
08-04-2003,8131.41
09-04-2003,8057.61
10-04-2003,7980.12
11-04-2003,7816.49
14-04-2003,7752.1
15-04-2003,7838.83
16-04-2003,7879.49
17-04-2003,7821.9
18-04-2003,7874.51
21-04-2003,7969.08
22-04-2003,7790.46
23-04-2003,7793.38
24-04-2003,7854.57
25-04-2003,7699.5
28-04-2003,7607.88
30-04-2003,7831.42
01-05-2003,7863.29
02-05-2003,7907.19
06-05-2003,8083.56
07-05-2003,8109.77
08-05-2003,8031.55
09-05-2003,8152.16
12-05-2003,8221.12
13-05-2003,8190.26
14-05-2003,8244.91
15-05-2003,8123.4
16-05-2003,8117.29
19-05-2003,8039.13
20-05-2003,8059.48
21-05-2003,8018.51
22-05-2003,8051.66
23-05-2003,8184.76
26-05-2003,8227.32
27-05-2003,8120.24
28-05-2003,8234.18
29-05-2003,8375.36
30-05-2003,8424.51
02-06-2003,8547.17
03-06-2003,8564.49
04-06-2003,8557.86
05-06-2003,8657.23
06-06-2003,8785.87
09-06-2003,8822.73
10-06-2003,8789.09
11-06-2003,8890.3
12-06-2003,8918.6
13-06-2003,8980.64
16-06-2003,8839.83
17-06-2003,9033
18-06-2003,9092.97
19-06-2003,9110.51
20-06-2003,9120.39
23-06-2003,9137.14
24-06-2003,8919.26
25-06-2003,8932.26
26-06-2003,8923.41
27-06-2003,9104.06
30-06-2003,9083.11
01-07-2003,9278.49
02-07-2003,9592.24
03-07-2003,9624.8
04-07-2003,9547.73
07-07-2003,9795.16
08-07-2003,9898.72
09-07-2003,9990.95
10-07-2003,9955.62
11-07-2003,9635.35
14-07-2003,9755.63
15-07-2003,9751
16-07-2003,9735.97
17-07-2003,9498.86
18-07-2003,9527.73
22-07-2003,9485.97
23-07-2003,9615.34
24-07-2003,9671
25-07-2003,9648.01
28-07-2003,9839.91
29-07-2003,9834.31
30-07-2003,9632.66
31-07-2003,9563.21
01-08-2003,9611.67
04-08-2003,9452.79
05-08-2003,9382.58
06-08-2003,9323.91
07-08-2003,9265.56
08-08-2003,9327.53
11-08-2003,9487.8
12-08-2003,9564.81
13-08-2003,9752.75
14-08-2003,9913.47
15-08-2003,9863.47
18-08-2003,10032.97
19-08-2003,10174.1
20-08-2003,10292.06
21-08-2003,10362.69
22-08-2003,10281.17
25-08-2003,10276.64
26-08-2003,10332.57
27-08-2003,10308.99
28-08-2003,10225.22
29-08-2003,10343.55
01-09-2003,10670.18
02-09-2003,10690.08
03-09-2003,10715.69
04-09-2003,10646.95
05-09-2003,10650.77
08-09-2003,10683.76
09-09-2003,10922.04
10-09-2003,10856.32
11-09-2003,10546.33
12-09-2003,10712.81
16-09-2003,10887.03
17-09-2003,10990.11
18-09-2003,11033.32
19-09-2003,10938.42
22-09-2003,10475.1
24-09-2003,10502.29
25-09-2003,10310.04
26-09-2003,10318.44
29-09-2003,10229.57
30-09-2003,10219.05
01-10-2003,10361.24
02-10-2003,10593.53
03-10-2003,10709.29
06-10-2003,10740.14
07-10-2003,10820.33
08-10-2003,10542.2
09-10-2003,10531.44
10-10-2003,10786.04
14-10-2003,10966.43
15-10-2003,10899.95
16-10-2003,11025.15
17-10-2003,11037.89
20-10-2003,11161.71
21-10-2003,11031.52
22-10-2003,10889.62
23-10-2003,10335.16
24-10-2003,10335.7
27-10-2003,10454.12
28-10-2003,10561.01
29-10-2003,10739.22
30-10-2003,10695.56
31-10-2003,10559.59
04-11-2003,10847.97
05-11-2003,10837.54
06-11-2003,10552.3
07-11-2003,10628.98
10-11-2003,10504.54
11-11-2003,10207.04
12-11-2003,10226.22
13-11-2003,10337.67
14-11-2003,10167.06
17-11-2003,9786.83
18-11-2003,9897.05
19-11-2003,9614.6
20-11-2003,9865.7
21-11-2003,9852.83
25-11-2003,9960.2
26-11-2003,10144.83
27-11-2003,10163.38
28-11-2003,10100.57
01-12-2003,10403.27
02-12-2003,10410.15
03-12-2003,10326.39
04-12-2003,10429.99
05-12-2003,10373.46
08-12-2003,10045.34
09-12-2003,10124.28
10-12-2003,9910.56
11-12-2003,10075.14
12-12-2003,10169.66
15-12-2003,10490.77
16-12-2003,10271.6
17-12-2003,10092.64
18-12-2003,10104
19-12-2003,10284.54
22-12-2003,10372.51
24-12-2003,10371.27
25-12-2003,10365.35
26-12-2003,10417.41
29-12-2003,10500.62
30-12-2003,10676.64
05-01-2004,10825.17
06-01-2004,10813.99
07-01-2004,10757.82
08-01-2004,10837.65
09-01-2004,10965.05
13-01-2004,10849.68
14-01-2004,10863
15-01-2004,10665.15
16-01-2004,10857.2
19-01-2004,11036.33
20-01-2004,11103.1
21-01-2004,11002.39
22-01-2004,11000.7
23-01-2004,11069.01
26-01-2004,10972.6
27-01-2004,10928.03
28-01-2004,10852.47
29-01-2004,10779.44
30-01-2004,10783.61
02-02-2004,10776.73
03-02-2004,10641.92
04-02-2004,10447.25
05-02-2004,10464.6
06-02-2004,10460.92
09-02-2004,10402.61
10-02-2004,10365.4
12-02-2004,10459.26
13-02-2004,10557.69
16-02-2004,10548.72
17-02-2004,10701.13
18-02-2004,10676.81
19-02-2004,10753.8
20-02-2004,10720.69
23-02-2004,10868.96
24-02-2004,10644.13
25-02-2004,10658.73
26-02-2004,10815.29
27-02-2004,11041.92
01-03-2004,11271.12
02-03-2004,11361.51
03-03-2004,11351.92
04-03-2004,11401.79
05-03-2004,11537.29
08-03-2004,11502.86
09-03-2004,11532.04
10-03-2004,11433.24
11-03-2004,11297.04
12-03-2004,11162.75
15-03-2004,11317.9
16-03-2004,11242.29
17-03-2004,11436.86
18-03-2004,11484.28
19-03-2004,11418.51
22-03-2004,11318.51
23-03-2004,11281.09
24-03-2004,11364.99
25-03-2004,11530.91
26-03-2004,11770.65
29-03-2004,11718.24
30-03-2004,11693.68
31-03-2004,11715.39
01-04-2004,11683.42
02-04-2004,11815.95
05-04-2004,11958.32
06-04-2004,12079.7
07-04-2004,12019.62
08-04-2004,12092.59
09-04-2004,11897.51
12-04-2004,12042.7
13-04-2004,12127.82
14-04-2004,12098.18
15-04-2004,11800.4
16-04-2004,11824.56
19-04-2004,11764.21
20-04-2004,11952.26
21-04-2004,11944.3
22-04-2004,11980.1
23-04-2004,12120.66
26-04-2004,12163.89
27-04-2004,12044.88
28-04-2004,12004.29
30-04-2004,11761.79
06-05-2004,11571.34
07-05-2004,11438.82
10-05-2004,10884.7
11-05-2004,10907.18
12-05-2004,11153.58
13-05-2004,10825.1
14-05-2004,10849.63
17-05-2004,10505.05
18-05-2004,10711.09
19-05-2004,10967.74
20-05-2004,10862.04
21-05-2004,11070.25
24-05-2004,11101.64
25-05-2004,10962.93
26-05-2004,11152.09
27-05-2004,11166.03
28-05-2004,11309.57
31-05-2004,11236.37
01-06-2004,11296.76
02-06-2004,11242.34
03-06-2004,11027.05
04-06-2004,11128.05
07-06-2004,11439.92
08-06-2004,11521.93
09-06-2004,11449.74
10-06-2004,11575.97
11-06-2004,11526.82
14-06-2004,11491.66
15-06-2004,11387.7
16-06-2004,11641.72
17-06-2004,11607.9
18-06-2004,11382.08
21-06-2004,11600.16
22-06-2004,11581.27
23-06-2004,11580.56
24-06-2004,11744.15
25-06-2004,11780.4
28-06-2004,11884.06
29-06-2004,11860.81
30-06-2004,11858.87
01-07-2004,11896.01
02-07-2004,11721.49
05-07-2004,11541.71
06-07-2004,11475.27
07-07-2004,11384.86
08-07-2004,11322.23
09-07-2004,11423.53
12-07-2004,11582.28
13-07-2004,11608.62
14-07-2004,11356.65
15-07-2004,11409.14
16-07-2004,11436
20-07-2004,11258.37
21-07-2004,11433.86
22-07-2004,11285.04
23-07-2004,11187.33
26-07-2004,11159.55
27-07-2004,11031.54
28-07-2004,11204.37
29-07-2004,11116.84
30-07-2004,11325.78
02-08-2004,11222.24
03-08-2004,11140.57
04-08-2004,11010.02
05-08-2004,11060.89
06-08-2004,10972.57
09-08-2004,10908.7
10-08-2004,10953.55
11-08-2004,11049.46
12-08-2004,11028.07
13-08-2004,10757.2
16-08-2004,10687.81
17-08-2004,10725.97
18-08-2004,10774.26
19-08-2004,10903.53
20-08-2004,10889.14
23-08-2004,10960.97
24-08-2004,10985.33
25-08-2004,11130.02
26-08-2004,11129.33
27-08-2004,11209.59
30-08-2004,11184.53
31-08-2004,11081.79
01-09-2004,11127.35
02-09-2004,11152.75
03-09-2004,11022.49
06-09-2004,11244.37
07-09-2004,11298.94
08-09-2004,11279.19
09-09-2004,11170.96
10-09-2004,11083.23
13-09-2004,11253.11
14-09-2004,11295.58
15-09-2004,11158.58
16-09-2004,11139.36
17-09-2004,11082.49
21-09-2004,11080.87
22-09-2004,11019.41
24-09-2004,10895.16
27-09-2004,10859.32
28-09-2004,10815.57
29-09-2004,10786.1
30-09-2004,10823.57
01-10-2004,10985.17
04-10-2004,11279.63
05-10-2004,11281.83
06-10-2004,11385.38
07-10-2004,11354.59
08-10-2004,11349.35
12-10-2004,11201.81
13-10-2004,11195.99
14-10-2004,11034.29
15-10-2004,10982.95
18-10-2004,10965.62
19-10-2004,11064.86
20-10-2004,10882.18
21-10-2004,10789.23
22-10-2004,10857.13
25-10-2004,10659.15
26-10-2004,10672.46
27-10-2004,10691.95
28-10-2004,10853.12
29-10-2004,10771.42
01-11-2004,10734.71
02-11-2004,10887.81
04-11-2004,10946.27
05-11-2004,11061.77
08-11-2004,10983.83
09-11-2004,10964.87
10-11-2004,10994.96
11-11-2004,10846.92
12-11-2004,11019.98
15-11-2004,11227.57
16-11-2004,11161.75
17-11-2004,11131.29
18-11-2004,11082.42
19-11-2004,11082.84
22-11-2004,10849.39
24-11-2004,10872.33
25-11-2004,10900.34
26-11-2004,10833.75
29-11-2004,10977.89
30-11-2004,10899.25
01-12-2004,10784.25
02-12-2004,10973.07
03-12-2004,11074.89
06-12-2004,10981.96
07-12-2004,10873.63
08-12-2004,10941.37
09-12-2004,10776.63
10-12-2004,10756.8
13-12-2004,10789.25
14-12-2004,10915.58
15-12-2004,10956.46
16-12-2004,10924.37
17-12-2004,11078.32
20-12-2004,11103.42
21-12-2004,11125.92
22-12-2004,11209.44
24-12-2004,11365.48
27-12-2004,11362.35
28-12-2004,11424.13
29-12-2004,11381.56
30-12-2004,11488.76
04-01-2005,11517.75
05-01-2005,11437.52
06-01-2005,11492.26
07-01-2005,11433.24
11-01-2005,11539.99
12-01-2005,11453.39
13-01-2005,11358.22
14-01-2005,11438.39
17-01-2005,11487.1
18-01-2005,11423.26
19-01-2005,11405.34
20-01-2005,11284.77
21-01-2005,11238.37
24-01-2005,11289.49
25-01-2005,11276.91
26-01-2005,11376.57
27-01-2005,11341.31
28-01-2005,11320.58
31-01-2005,11387.59
01-02-2005,11384.4
02-02-2005,11407.14
03-02-2005,11389.35
04-02-2005,11360.4
07-02-2005,11499.86
08-02-2005,11490.43
09-02-2005,11473.35
10-02-2005,11553.56
14-02-2005,11632.2
15-02-2005,11646.49
16-02-2005,11601.68
17-02-2005,11582.72
18-02-2005,11660.12
21-02-2005,11651.02
22-02-2005,11597.71
23-02-2005,11500.18
24-02-2005,11531.15
25-02-2005,11658.25
28-02-2005,11740.6
01-03-2005,11780.53
02-03-2005,11813.71
03-03-2005,11856.46
04-03-2005,11873.05
07-03-2005,11925.36
08-03-2005,11886.91
09-03-2005,11966.69
10-03-2005,11864.91
11-03-2005,11923.89
14-03-2005,11850.25
15-03-2005,11821.09
16-03-2005,11873.18
17-03-2005,11775.5
18-03-2005,11879.81
22-03-2005,11841.97
23-03-2005,11739.12
24-03-2005,11745.97
25-03-2005,11761.1
28-03-2005,11792.3
29-03-2005,11599.82
30-03-2005,11565.88
31-03-2005,11668.95
01-04-2005,11723.63
04-04-2005,11667.54
05-04-2005,11774.31
06-04-2005,11827.16
07-04-2005,11810.99
08-04-2005,11874.75
11-04-2005,11745.64
12-04-2005,11670.3
13-04-2005,11637.52
14-04-2005,11563.17
15-04-2005,11370.69
18-04-2005,10938.44
19-04-2005,11065.86
20-04-2005,11088.58
21-04-2005,10984.39
22-04-2005,11045.95
25-04-2005,11073.77
26-04-2005,11035.83
27-04-2005,11005.42
28-04-2005,11008.9
02-05-2005,11002.11
06-05-2005,11192.17
09-05-2005,11171.32
10-05-2005,11159.46
11-05-2005,11120.7
12-05-2005,11077.94
13-05-2005,11049.11
16-05-2005,10947.22
17-05-2005,10825.39
18-05-2005,10835.41
19-05-2005,11077.16
20-05-2005,11037.29
23-05-2005,11158.65
24-05-2005,11133.65
25-05-2005,11014.43
26-05-2005,11027.94
27-05-2005,11192.33
30-05-2005,11266.33
31-05-2005,11276.59
01-06-2005,11329.67
02-06-2005,11280.05
03-06-2005,11300.05
06-06-2005,11270.62
07-06-2005,11217.45
08-06-2005,11281.03
09-06-2005,11160.88
10-06-2005,11304.23
13-06-2005,11311.51
14-06-2005,11335.92
15-06-2005,11415.88
16-06-2005,11416.38
17-06-2005,11514.03
20-06-2005,11483.35
21-06-2005,11488.74
22-06-2005,11547.28
23-06-2005,11576.75
24-06-2005,11537.03
27-06-2005,11414.28
28-06-2005,11513.83
29-06-2005,11577.44
30-06-2005,11584.01
01-07-2005,11630.13
04-07-2005,11651.55
05-07-2005,11616.7
06-07-2005,11603.53
07-07-2005,11590.14
08-07-2005,11565.99
11-07-2005,11674.79
12-07-2005,11692.14
13-07-2005,11659.84
14-07-2005,11764.26
15-07-2005,11758.68
19-07-2005,11764.84
20-07-2005,11789.35
21-07-2005,11786.73
22-07-2005,11695.05
25-07-2005,11762.65
26-07-2005,11737.96
27-07-2005,11835.08
28-07-2005,11858.31
29-07-2005,11899.6
01-08-2005,11946.92
02-08-2005,11940.2
03-08-2005,11981.8
04-08-2005,11883.31
05-08-2005,11766.48
08-08-2005,11778.98
09-08-2005,11900.32
10-08-2005,12098.08
11-08-2005,12263.32
12-08-2005,12261.68
15-08-2005,12256.55
16-08-2005,12315.67
17-08-2005,12273.12
18-08-2005,12307.37
19-08-2005,12291.73
22-08-2005,12452.51
23-08-2005,12472.93
24-08-2005,12502.26
25-08-2005,12405.16
26-08-2005,12439.48
29-08-2005,12309.83
30-08-2005,12453.14
31-08-2005,12413.6
01-09-2005,12506.97
02-09-2005,12600
05-09-2005,12634.88
06-09-2005,12599.43
07-09-2005,12607.59
08-09-2005,12533.89
09-09-2005,12692.04
12-09-2005,12896.43
13-09-2005,12901.95
14-09-2005,12834.25
15-09-2005,12986.78
16-09-2005,12958.68
20-09-2005,13148.57
21-09-2005,13196.57
22-09-2005,13159.36
26-09-2005,13392.63
27-09-2005,13310.04
28-09-2005,13435.91
29-09-2005,13617.24
30-09-2005,13574.3
03-10-2005,13525.28
04-10-2005,13738.84
05-10-2005,13689.89
06-10-2005,13359.51
07-10-2005,13227.74
11-10-2005,13556.71
12-10-2005,13463.74
13-10-2005,13449.24
14-10-2005,13420.54
17-10-2005,13400.29
18-10-2005,13352.24
19-10-2005,13129.49
20-10-2005,13190.46
21-10-2005,13199.95
24-10-2005,13106.18
25-10-2005,13280.62
26-10-2005,13395.02
27-10-2005,13417.08
28-10-2005,13346.54
31-10-2005,13606.5
01-11-2005,13867.86
02-11-2005,13894.78
04-11-2005,14075.96
07-11-2005,14061.6
08-11-2005,14036.73
09-11-2005,14072.2
10-11-2005,14080.88
11-11-2005,14155.06
14-11-2005,14116.04
15-11-2005,14091.77
16-11-2005,14170.87
17-11-2005,14411.79
18-11-2005,14623.12
21-11-2005,14680.43
22-11-2005,14708.32
24-11-2005,14742.58
25-11-2005,14784.29
28-11-2005,14986.94
29-11-2005,14927.7
30-11-2005,14872.15
01-12-2005,15130.5
02-12-2005,15421.6
05-12-2005,15551.31
06-12-2005,15423.38
07-12-2005,15484.66
08-12-2005,15183.36
09-12-2005,15404.05
12-12-2005,15738.7
13-12-2005,15778.86
14-12-2005,15464.58
15-12-2005,15254.44
16-12-2005,15173.07
19-12-2005,15391.48
20-12-2005,15641.26
21-12-2005,15957.57
22-12-2005,15941.37
26-12-2005,16107.67
27-12-2005,15969.4
28-12-2005,16194.61
29-12-2005,16344.2
30-12-2005,16111.43
04-01-2006,16361.54
05-01-2006,16425.37
06-01-2006,16428.21
10-01-2006,16124.35
11-01-2006,16363.59
12-01-2006,16445.19
13-01-2006,16454.95
16-01-2006,16268.03
17-01-2006,15805.95
18-01-2006,15341.18
19-01-2006,15696.28
20-01-2006,15696.69
23-01-2006,15360.65
24-01-2006,15648.89
25-01-2006,15651
26-01-2006,15891.02
27-01-2006,16460.68
30-01-2006,16551.23
31-01-2006,16649.82
01-02-2006,16480.09
02-02-2006,16710.55
03-02-2006,16659.64
06-02-2006,16747.76
07-02-2006,16720.99
08-02-2006,16272.68
09-02-2006,16439.67
10-02-2006,16257.83
13-02-2006,15877.66
14-02-2006,16184.87
15-02-2006,15932.83
16-02-2006,16043.67
17-02-2006,15713.45
20-02-2006,15437.93
21-02-2006,15894.94
22-02-2006,15781.78
23-02-2006,16096.1
24-02-2006,16101.91
27-02-2006,16192.95
28-02-2006,16205.43
01-03-2006,15964.46
02-03-2006,15909.76
03-03-2006,15663.34
06-03-2006,15901.16
07-03-2006,15726.02
08-03-2006,15627.49
09-03-2006,16036.91
10-03-2006,16115.63
13-03-2006,16361.51
14-03-2006,16238.36
15-03-2006,16319.04
16-03-2006,16096.21
17-03-2006,16339.73
20-03-2006,16624.8
22-03-2006,16495.48
23-03-2006,16489.37
24-03-2006,16560.87
27-03-2006,16650.1
28-03-2006,16690.24
29-03-2006,16938.41
30-03-2006,17045.34
31-03-2006,17059.66
03-04-2006,17333.31
04-04-2006,17292.91
05-04-2006,17243.98
06-04-2006,17489.33
07-04-2006,17563.37
10-04-2006,17456.58
11-04-2006,17418.13
12-04-2006,17162.55
13-04-2006,17199.15
14-04-2006,17233.82
17-04-2006,17000.36
18-04-2006,17232.86
19-04-2006,17350.12
20-04-2006,17317.53
21-04-2006,17403.96
24-04-2006,16914.4
25-04-2006,16970.29
26-04-2006,17055.93
27-04-2006,17114.54
28-04-2006,16906.23
01-05-2006,16925.71
02-05-2006,17153.77
08-05-2006,17291.67
09-05-2006,17190.91
10-05-2006,16951.93
11-05-2006,16862.14
12-05-2006,16601.78
15-05-2006,16486.91
16-05-2006,16158.42
17-05-2006,16307.67
18-05-2006,16087.18
19-05-2006,16155.45
22-05-2006,15857.87
23-05-2006,15599.2
24-05-2006,15907.2
25-05-2006,15693.75
26-05-2006,15970.76
29-05-2006,15915.69
30-05-2006,15859.45
31-05-2006,15467.33
01-06-2006,15503.74
02-06-2006,15789.31
05-06-2006,15668.31
06-06-2006,15384.86
07-06-2006,15096.01
08-06-2006,14633.03
09-06-2006,14750.84
12-06-2006,14833.01
13-06-2006,14218.6
14-06-2006,14309.56
15-06-2006,14470.76
16-06-2006,14879.34
19-06-2006,14860.35
20-06-2006,14648.41
21-06-2006,14644.26
22-06-2006,15135.69
23-06-2006,15124.04
26-06-2006,15152.4
27-06-2006,15171.81
28-06-2006,14886.11
29-06-2006,15121.15
30-06-2006,15505.18
03-07-2006,15571.62
04-07-2006,15638.5
05-07-2006,15523.94
06-07-2006,15321.4
07-07-2006,15307.61
10-07-2006,15552.81
11-07-2006,15473.82
12-07-2006,15249.32
13-07-2006,15097.95
14-07-2006,14845.24
18-07-2006,14437.24
19-07-2006,14500.26
20-07-2006,14946.84
21-07-2006,14821.26
24-07-2006,14794.5
25-07-2006,15005.24
26-07-2006,14884.07
27-07-2006,15179.78
28-07-2006,15342.87
31-07-2006,15456.81
01-08-2006,15440.91
02-08-2006,15464.29
03-08-2006,15470.37
04-08-2006,15499.18
07-08-2006,15154.06
08-08-2006,15464.66
09-08-2006,15656.59
10-08-2006,15630.91
11-08-2006,15565.02
14-08-2006,15857.11
15-08-2006,15816.19
16-08-2006,16071.36
17-08-2006,16020.84
18-08-2006,16105.98
21-08-2006,15969.04
22-08-2006,16181.17
23-08-2006,16163.03
24-08-2006,15960.62
25-08-2006,15938.66
28-08-2006,15762.59
29-08-2006,15890.56
30-08-2006,15872.02
31-08-2006,16140.76
01-09-2006,16134.25
04-09-2006,16358.07
05-09-2006,16385.96
06-09-2006,16284.09
07-09-2006,16012.41
08-09-2006,16080.46
11-09-2006,15794.38
12-09-2006,15719.34
13-09-2006,15750.05
14-09-2006,15942.39
15-09-2006,15866.93
19-09-2006,15874.28
20-09-2006,15718.67
21-09-2006,15834.23
22-09-2006,15634.67
25-09-2006,15633.81
26-09-2006,15557.45
27-09-2006,15947.87
28-09-2006,16024.85
29-09-2006,16127.58
02-10-2006,16254.29
03-10-2006,16242.09
04-10-2006,16082.55
05-10-2006,16449.33
06-10-2006,16436.06
10-10-2006,16477.25
11-10-2006,16400.57
12-10-2006,16368.81
13-10-2006,16536.54
16-10-2006,16692.76
17-10-2006,16611.59
18-10-2006,16653
19-10-2006,16551.36
20-10-2006,16651.63
23-10-2006,16788.82
24-10-2006,16780.47
25-10-2006,16699.3
26-10-2006,16811.6
27-10-2006,16669.07
30-10-2006,16351.85
31-10-2006,16399.39
01-11-2006,16375.26
02-11-2006,16350.02
06-11-2006,16364.76
07-11-2006,16393.41
08-11-2006,16215.74
09-11-2006,16198.57
10-11-2006,16112.43
13-11-2006,16022.49
14-11-2006,16289.55
15-11-2006,16243.47
16-11-2006,16163.87
17-11-2006,16091.73
20-11-2006,15725.94
21-11-2006,15734.14
22-11-2006,15914.23
24-11-2006,15734.6
27-11-2006,15885.38
28-11-2006,15855.26
29-11-2006,16076.2
30-11-2006,16274.33
01-12-2006,16321.78
04-12-2006,16303.59
05-12-2006,16265.76
06-12-2006,16371.28
07-12-2006,16473.36
08-12-2006,16417.82
11-12-2006,16527.99
12-12-2006,16637.78
13-12-2006,16692.93
14-12-2006,16829.2
15-12-2006,16914.31
18-12-2006,16962.11
19-12-2006,16776.88
20-12-2006,17011.04
21-12-2006,17047.83
22-12-2006,17104.96
25-12-2006,17092.89
26-12-2006,17169.19
27-12-2006,17223.15
28-12-2006,17224.81
29-12-2006,17225.83
04-01-2007,17353.67
05-01-2007,17091.59
09-01-2007,17237.77
10-01-2007,16942.4
11-01-2007,16838.17
12-01-2007,17057.01
15-01-2007,17209.92
16-01-2007,17202.46
17-01-2007,17261.35
18-01-2007,17370.93
19-01-2007,17310.44
22-01-2007,17424.18
23-01-2007,17408.57
24-01-2007,17507.4
25-01-2007,17458.3
26-01-2007,17421.93
29-01-2007,17470.46
30-01-2007,17490.19
31-01-2007,17383.42
01-02-2007,17519.5
02-02-2007,17547.11
05-02-2007,17344.8
06-02-2007,17406.86
07-02-2007,17292.32
08-02-2007,17292.48
09-02-2007,17504.33
13-02-2007,17621.45
14-02-2007,17752.64
15-02-2007,17897.23
16-02-2007,17875.65
19-02-2007,17940.09
20-02-2007,17939.12
21-02-2007,17913.21
22-02-2007,18108.79
23-02-2007,18188.42
26-02-2007,18215.35
27-02-2007,18119.92
28-02-2007,17604.12
01-03-2007,17453.51
02-03-2007,17217.93
05-03-2007,16642.25
06-03-2007,16844.5
07-03-2007,16764.62
08-03-2007,17090.31
09-03-2007,17164.04
12-03-2007,17292.39
13-03-2007,17178.84
14-03-2007,16676.89
15-03-2007,16860.39
16-03-2007,16744.15
19-03-2007,17009.55
20-03-2007,17163.2
22-03-2007,17419.2
23-03-2007,17480.61
26-03-2007,17521.96
27-03-2007,17365.05
28-03-2007,17254.73
29-03-2007,17263.94
30-03-2007,17287.65
02-04-2007,17028.41
03-04-2007,17244.05
04-04-2007,17544.09
05-04-2007,17491.42
06-04-2007,17484.78
09-04-2007,17743.76
10-04-2007,17664.69
11-04-2007,17670.07
12-04-2007,17540.42
13-04-2007,17363.95
16-04-2007,17628.3
17-04-2007,17527.45
18-04-2007,17667.33
19-04-2007,17371.97
20-04-2007,17452.62
23-04-2007,17455.37
24-04-2007,17451.77
25-04-2007,17236.16
26-04-2007,17429.17
27-04-2007,17400.41
01-05-2007,17274.98
02-05-2007,17394.92
07-05-2007,17669.83
08-05-2007,17656.84
09-05-2007,17748.12
10-05-2007,17736.96
11-05-2007,17553.72
14-05-2007,17677.94
15-05-2007,17512.98
16-05-2007,17529
17-05-2007,17498.6
18-05-2007,17399.58
21-05-2007,17556.87
22-05-2007,17680.05
23-05-2007,17705.12
24-05-2007,17696.97
25-05-2007,17481.21
28-05-2007,17587.59
29-05-2007,17672.56
30-05-2007,17588.26
31-05-2007,17875.75
01-06-2007,17958.88
04-06-2007,17973.42
05-06-2007,18053.81
06-06-2007,18040.93
07-06-2007,18053.38
08-06-2007,17779.09
11-06-2007,17834.48
12-06-2007,17760.91
13-06-2007,17732.77
14-06-2007,17842.29
15-06-2007,17971.49
18-06-2007,18149.52
19-06-2007,18163.61
20-06-2007,18211.68
21-06-2007,18240.3
22-06-2007,18188.63
25-06-2007,18087.48
26-06-2007,18066.11
27-06-2007,17849.28
28-06-2007,17932.27
29-06-2007,18138.36
02-07-2007,18146.3
03-07-2007,18149.9
04-07-2007,18168.72
05-07-2007,18221.48
06-07-2007,18140.94
09-07-2007,18261.98
10-07-2007,18252.67
11-07-2007,18049.51
12-07-2007,17984.14
13-07-2007,18238.95
17-07-2007,18217.27
18-07-2007,18015.58
19-07-2007,18116.57
20-07-2007,18157.93
23-07-2007,17963.64
24-07-2007,18002.03
25-07-2007,17858.42
26-07-2007,17702.09
27-07-2007,17283.81
30-07-2007,17289.3
31-07-2007,17248.89
01-08-2007,16870.98
02-08-2007,16984.11
03-08-2007,16979.86
06-08-2007,16914.46
07-08-2007,16921.77
08-08-2007,17029.28
09-08-2007,17170.6
10-08-2007,16764.09
13-08-2007,16800.05
14-08-2007,16844.61
15-08-2007,16475.61
16-08-2007,16148.49
17-08-2007,15273.68
20-08-2007,15732.48
21-08-2007,15901.34
22-08-2007,15900.64
23-08-2007,16316.32
24-08-2007,16248.97
27-08-2007,16301.39
28-08-2007,16287.49
29-08-2007,16012.83
30-08-2007,16153.82
31-08-2007,16569.09
03-09-2007,16524.93
04-09-2007,16420.47
05-09-2007,16158.45
06-09-2007,16257
07-09-2007,16122.16
10-09-2007,15764.97
11-09-2007,15877.67
12-09-2007,15797.6
13-09-2007,15821.19
14-09-2007,16127.42
18-09-2007,15801.8
19-09-2007,16381.54
20-09-2007,16413.79
21-09-2007,16312.61
25-09-2007,16401.73
26-09-2007,16435.74
27-09-2007,16832.22
28-09-2007,16785.69
01-10-2007,16845.96
02-10-2007,17046.78
03-10-2007,17199.89
04-10-2007,17092.49
05-10-2007,17065.04
09-10-2007,17159.9
10-10-2007,17177.89
11-10-2007,17458.98
12-10-2007,17331.17
15-10-2007,17358.15
16-10-2007,17137.92
17-10-2007,16955.31
18-10-2007,17106.09
19-10-2007,16814.37
22-10-2007,16438.47
23-10-2007,16450.58
24-10-2007,16358.39
25-10-2007,16284.17
26-10-2007,16505.63
29-10-2007,16698.08
30-10-2007,16651.01
31-10-2007,16737.63
01-11-2007,16870.4
02-11-2007,16517.48
05-11-2007,16268.92
06-11-2007,16249.63
07-11-2007,16096.68
08-11-2007,15771.57
09-11-2007,15583.42
12-11-2007,15197.09
13-11-2007,15126.63
14-11-2007,15499.56
15-11-2007,15396.3
16-11-2007,15154.61
19-11-2007,15042.56
20-11-2007,15211.52
21-11-2007,14837.66
22-11-2007,14888.77
26-11-2007,15135.21
27-11-2007,15222.85
28-11-2007,15153.78
29-11-2007,15513.74
30-11-2007,15680.67
03-12-2007,15628.97
04-12-2007,15480.19
05-12-2007,15608.88
06-12-2007,15874.08
07-12-2007,15956.37
10-12-2007,15924.39
11-12-2007,16044.72
12-12-2007,15932.26
13-12-2007,15536.52
14-12-2007,15514.51
17-12-2007,15249.79
18-12-2007,15207.86
19-12-2007,15030.51
20-12-2007,15031.6
21-12-2007,15257
26-12-2007,15653.54
27-12-2007,15564.69
28-12-2007,15307.78
04-01-2008,14691.41
07-01-2008,14500.55
08-01-2008,14528.67
09-01-2008,14599.16
10-01-2008,14388.11
11-01-2008,14110.79
15-01-2008,13972.63
16-01-2008,13504.51
17-01-2008,13783.45
18-01-2008,13861.29
21-01-2008,13325.94
22-01-2008,12573.05
23-01-2008,12829.06
24-01-2008,13092.78
25-01-2008,13629.16
28-01-2008,13087.91
29-01-2008,13478.86
30-01-2008,13345.03
31-01-2008,13592.47
01-02-2008,13497.16
04-02-2008,13859.7
05-02-2008,13745.5
06-02-2008,13099.24
07-02-2008,13207.15
08-02-2008,13017.24
12-02-2008,13021.96
13-02-2008,13068.3
14-02-2008,13626.45
15-02-2008,13622.56
18-02-2008,13635.4
19-02-2008,13757.91
20-02-2008,13310.37
21-02-2008,13688.28
22-02-2008,13500.46
25-02-2008,13914.57
26-02-2008,13824.72
27-02-2008,14031.3
28-02-2008,13925.51
29-02-2008,13603.02
03-03-2008,12992.18
04-03-2008,12992.28
05-03-2008,12972.06
06-03-2008,13215.42
07-03-2008,12782.8
10-03-2008,12532.1
11-03-2008,12658.28
12-03-2008,12861.13
13-03-2008,12433.4
14-03-2008,12241.6
17-03-2008,11787.51
18-03-2008,11964.16
19-03-2008,12260.44
21-03-2008,12482.57
24-03-2008,12480.09
25-03-2008,12745.22
26-03-2008,12706.63
27-03-2008,12604.58
28-03-2008,12820.47
31-03-2008,12525.54
01-04-2008,12656.42
02-04-2008,13189.36
03-04-2008,13389.9
04-04-2008,13293.22
07-04-2008,13450.23
08-04-2008,13250.43
09-04-2008,13111.89
10-04-2008,12945.3
11-04-2008,13323.73
14-04-2008,12917.51
15-04-2008,12990.58
16-04-2008,13146.13
17-04-2008,13398.3
18-04-2008,13476.45
21-04-2008,13696.55
22-04-2008,13547.82
23-04-2008,13579.16
24-04-2008,13540.87
25-04-2008,13863.47
28-04-2008,13894.37
30-04-2008,13849.99
01-05-2008,13766.86
02-05-2008,14049.26
07-05-2008,14102.48
08-05-2008,13943.26
09-05-2008,13655.34
12-05-2008,13743.36
13-05-2008,13953.73
14-05-2008,14118.55
15-05-2008,14251.74
16-05-2008,14219.48
19-05-2008,14269.61
20-05-2008,14160.09
21-05-2008,13926.3
22-05-2008,13978.46
23-05-2008,14012.2
26-05-2008,13690.19
27-05-2008,13893.31
28-05-2008,13709.44
29-05-2008,14124.47
30-05-2008,14338.54
02-06-2008,14440.14
03-06-2008,14209.17
04-06-2008,14435.57
05-06-2008,14341.12
06-06-2008,14489.44
09-06-2008,14181.38
10-06-2008,14021.17
11-06-2008,14183.48
12-06-2008,13888.6
13-06-2008,13973.73
16-06-2008,14354.37
17-06-2008,14348.37
18-06-2008,14452.82
19-06-2008,14130.17
20-06-2008,13942.08
23-06-2008,13857.47
24-06-2008,13849.56
25-06-2008,13829.92
26-06-2008,13822.32
27-06-2008,13544.36
30-06-2008,13481.38
01-07-2008,13463.2
02-07-2008,13286.37
03-07-2008,13265.4
04-07-2008,13237.89
07-07-2008,13360.04
08-07-2008,13033.1
09-07-2008,13052.13
10-07-2008,13067.21
11-07-2008,13039.69
14-07-2008,13010.16
15-07-2008,12754.56
16-07-2008,12760.8
17-07-2008,12887.95
18-07-2008,12803.7
22-07-2008,13184.96
23-07-2008,13312.93
24-07-2008,13603.31
25-07-2008,13334.76
28-07-2008,13353.78
29-07-2008,13159.45
30-07-2008,13367.79
31-07-2008,13376.81
01-08-2008,13094.59
04-08-2008,12933.18
05-08-2008,12914.66
06-08-2008,13254.89
07-08-2008,13124.99
08-08-2008,13168.41
11-08-2008,13430.91
12-08-2008,13303.6
13-08-2008,13023.05
14-08-2008,12956.8
15-08-2008,13019.41
18-08-2008,13165.45
19-08-2008,12865.05
20-08-2008,12851.69
21-08-2008,12752.21
22-08-2008,12666.04
25-08-2008,12878.66
26-08-2008,12778.71
27-08-2008,12752.96
28-08-2008,12768.25
29-08-2008,13072.87
01-09-2008,12834.18
02-09-2008,12609.47
03-09-2008,12689.59
04-09-2008,12557.66
05-09-2008,12212.23
08-09-2008,12624.46
09-09-2008,12400.65
10-09-2008,12346.63
11-09-2008,12102.5
12-09-2008,12214.76
16-09-2008,11609.72
17-09-2008,11749.79
18-09-2008,11489.3
19-09-2008,11920.86
22-09-2008,12090.59
24-09-2008,12115.03
25-09-2008,12006.53
26-09-2008,11893.16
29-09-2008,11743.61
30-09-2008,11259.86
01-10-2008,11368.26
02-10-2008,11154.76
03-10-2008,10938.14
06-10-2008,10473.09
07-10-2008,10155.9
08-10-2008,9203.32
09-10-2008,9157.49
10-10-2008,8276.43
14-10-2008,9447.57
15-10-2008,9547.47
16-10-2008,8458.45
17-10-2008,8693.82
20-10-2008,9005.59
21-10-2008,9306.25
22-10-2008,8674.69
23-10-2008,8460.98
24-10-2008,7649.08
27-10-2008,7162.9
28-10-2008,7621.92
29-10-2008,8211.9
30-10-2008,9029.76
31-10-2008,8576.98
04-11-2008,9114.6
05-11-2008,9521.24
06-11-2008,8899.14
07-11-2008,8583
10-11-2008,9081.43
11-11-2008,8809.3
12-11-2008,8695.51
13-11-2008,8238.64
14-11-2008,8462.39
17-11-2008,8522.58
18-11-2008,8328.41
19-11-2008,8273.22
20-11-2008,7703.04
21-11-2008,7910.79
25-11-2008,8323.93
26-11-2008,8213.22
27-11-2008,8373.39
28-11-2008,8512.27
01-12-2008,8397.22
02-12-2008,7863.69
03-12-2008,8004.1
04-12-2008,7924.24
05-12-2008,7917.51
08-12-2008,8329.05
09-12-2008,8395.87
10-12-2008,8660.24
11-12-2008,8720.55
12-12-2008,8235.87
15-12-2008,8664.66
16-12-2008,8568.02
17-12-2008,8612.52
18-12-2008,8667.23
19-12-2008,8588.52
22-12-2008,8723.78
24-12-2008,8517.1
26-12-2008,8739.52
29-12-2008,8747.17
30-12-2008,8859.56
05-01-2009,9043.12
06-01-2009,9080.84
07-01-2009,9239.24
08-01-2009,8876.42
09-01-2009,8836.8
13-01-2009,8413.91
14-01-2009,8438.45
15-01-2009,8023.31
16-01-2009,8230.15
19-01-2009,8256.85
20-01-2009,8065.79
21-01-2009,7901.64
22-01-2009,8051.74
23-01-2009,7745.25
26-01-2009,7682.14
27-01-2009,8061.07
28-01-2009,8106.29
29-01-2009,8251.24
30-01-2009,7994.05
02-02-2009,7873.98
03-02-2009,7825.51
04-02-2009,8038.94
05-02-2009,7949.65
06-02-2009,8076.62
09-02-2009,7969.03
10-02-2009,7945.94
12-02-2009,7705.36
13-02-2009,7779.4
16-02-2009,7750.17
17-02-2009,7645.51
18-02-2009,7534.44
19-02-2009,7557.65
20-02-2009,7416.38
23-02-2009,7376.16
24-02-2009,7268.56
25-02-2009,7461.22
26-02-2009,7457.93
27-02-2009,7568.42
02-03-2009,7280.15
03-03-2009,7229.72
04-03-2009,7290.96
05-03-2009,7433.49
06-03-2009,7173.1
09-03-2009,7086.03
10-03-2009,7054.98
11-03-2009,7376.12
12-03-2009,7198.25
13-03-2009,7569.28
16-03-2009,7704.15
17-03-2009,7949.13
18-03-2009,7972.17
19-03-2009,7945.96
23-03-2009,8215.53
24-03-2009,8488.3
25-03-2009,8479.99
26-03-2009,8636.33
27-03-2009,8626.97
30-03-2009,8236.08
31-03-2009,8109.53
01-04-2009,8351.91
02-04-2009,8719.78
03-04-2009,8749.84
06-04-2009,8857.93
07-04-2009,8832.85
08-04-2009,8595.01
09-04-2009,8916.06
10-04-2009,8964.11
13-04-2009,8924.43
14-04-2009,8842.68
15-04-2009,8742.96
16-04-2009,8755.26
17-04-2009,8907.58
20-04-2009,8924.75
21-04-2009,8711.33
22-04-2009,8727.3
23-04-2009,8847.01
24-04-2009,8707.99
27-04-2009,8726.34
28-04-2009,8493.77
30-04-2009,8828.26
01-05-2009,8977.37
07-05-2009,9385.7
08-05-2009,9432.83
11-05-2009,9451.98
12-05-2009,9298.61
13-05-2009,9340.49
14-05-2009,9093.73
15-05-2009,9265.02
18-05-2009,9038.69
19-05-2009,9290.29
20-05-2009,9344.64
21-05-2009,9264.15
22-05-2009,9225.81
25-05-2009,9347
26-05-2009,9310.81
27-05-2009,9438.77
28-05-2009,9451.39
29-05-2009,9522.5
01-06-2009,9677.75
02-06-2009,9704.31
03-06-2009,9741.67
04-06-2009,9668.96
05-06-2009,9768.01
08-06-2009,9865.63
09-06-2009,9786.82
10-06-2009,9991.49
11-06-2009,9981.33
12-06-2009,10135.82
15-06-2009,10039.67
16-06-2009,9752.88
17-06-2009,9840.85
18-06-2009,9703.72
19-06-2009,9786.26
22-06-2009,9826.27
23-06-2009,9549.61
24-06-2009,9590.32
25-06-2009,9796.08
26-06-2009,9877.39
29-06-2009,9783.47
30-06-2009,9958.44
01-07-2009,9939.93
02-07-2009,9876.15
03-07-2009,9816.07
06-07-2009,9680.87
07-07-2009,9647.79
08-07-2009,9420.75
09-07-2009,9291.06
10-07-2009,9287.28
13-07-2009,9050.33
14-07-2009,9261.81
15-07-2009,9269.25
16-07-2009,9344.16
17-07-2009,9395.32
21-07-2009,9652.02
22-07-2009,9723.16
23-07-2009,9792.94
24-07-2009,9944.55
27-07-2009,10088.66
28-07-2009,10087.26
29-07-2009,10113.24
30-07-2009,10165.21
31-07-2009,10356.83
03-08-2009,10352.47
04-08-2009,10375.01
05-08-2009,10252.53
06-08-2009,10388.09
07-08-2009,10412.09
10-08-2009,10524.26
11-08-2009,10585.46
12-08-2009,10435
13-08-2009,10517.19
14-08-2009,10597.33
17-08-2009,10268.61
18-08-2009,10284.96
19-08-2009,10204
20-08-2009,10383.41
21-08-2009,10238.2
24-08-2009,10581.05
25-08-2009,10497.36
26-08-2009,10639.71
27-08-2009,10473.97
28-08-2009,10534.14
31-08-2009,10492.53
01-09-2009,10530.06
02-09-2009,10280.46
03-09-2009,10214.64
04-09-2009,10187.11
07-09-2009,10320.94
08-09-2009,10393.23
09-09-2009,10312.14
10-09-2009,10513.67
11-09-2009,10444.33
14-09-2009,10202.06
15-09-2009,10217.62
16-09-2009,10270.77
17-09-2009,10443.8
18-09-2009,10370.54
24-09-2009,10544.22
25-09-2009,10265.98
28-09-2009,10009.52
29-09-2009,10100.2
30-09-2009,10133.23
01-10-2009,9978.64
02-10-2009,9731.87
05-10-2009,9674.49
06-10-2009,9691.8
07-10-2009,9799.6
08-10-2009,9832.47
09-10-2009,10016.39
13-10-2009,10076.56
14-10-2009,10060.21
15-10-2009,10238.65
16-10-2009,10257.56
19-10-2009,10236.51
20-10-2009,10336.84
21-10-2009,10333.39
22-10-2009,10267.17
23-10-2009,10282.99
26-10-2009,10362.62
27-10-2009,10212.46
28-10-2009,10075.05
29-10-2009,9891.1
30-10-2009,10034.74
02-11-2009,9802.95
04-11-2009,9844.31
05-11-2009,9717.44
06-11-2009,9789.35
09-11-2009,9808.99
10-11-2009,9870.73
11-11-2009,9871.68
12-11-2009,9804.49
13-11-2009,9770.31
16-11-2009,9791.18
17-11-2009,9729.93
18-11-2009,9676.8
19-11-2009,9549.47
20-11-2009,9497.68
24-11-2009,9401.58
25-11-2009,9441.64
26-11-2009,9383.24
27-11-2009,9081.52
30-11-2009,9345.55
01-12-2009,9572.2
02-12-2009,9608.94
03-12-2009,9977.67
04-12-2009,10022.59
07-12-2009,10167.6
08-12-2009,10140.47
09-12-2009,10004.72
10-12-2009,9862.82
11-12-2009,10107.87
14-12-2009,10105.68
15-12-2009,10083.48
16-12-2009,10177.41
17-12-2009,10163.8
18-12-2009,10142.05
21-12-2009,10183.47
22-12-2009,10378.03
24-12-2009,10536.92
25-12-2009,10494.71
28-12-2009,10634.23
29-12-2009,10638.06
30-12-2009,10546.44
04-01-2010,10654.79
05-01-2010,10681.83
06-01-2010,10731.45
07-01-2010,10681.66
08-01-2010,10798.32
12-01-2010,10879.14
13-01-2010,10735.03
14-01-2010,10907.68
15-01-2010,10982.1
18-01-2010,10855.08
19-01-2010,10764.9
20-01-2010,10737.52
21-01-2010,10868.41
22-01-2010,10590.55
25-01-2010,10512.69
26-01-2010,10325.28
27-01-2010,10252.08
28-01-2010,10414.29
29-01-2010,10198.04
01-02-2010,10205.02
02-02-2010,10371.09
03-02-2010,10404.33
04-02-2010,10355.98
05-02-2010,10057.09
08-02-2010,9951.82
09-02-2010,9932.9
10-02-2010,9963.99
12-02-2010,10092.19
15-02-2010,10013.3
16-02-2010,10034.25
17-02-2010,10306.83
18-02-2010,10335.69
19-02-2010,10123.58
22-02-2010,10400.47
23-02-2010,10352.1
24-02-2010,10198.83
25-02-2010,10101.96
26-02-2010,10126.03
01-03-2010,10172.06
02-03-2010,10221.84
03-03-2010,10253.14
04-03-2010,10145.72
05-03-2010,10368.96
08-03-2010,10585.92
09-03-2010,10567.65
10-03-2010,10563.92
11-03-2010,10664.95
12-03-2010,10751.26
15-03-2010,10751.98
16-03-2010,10721.71
17-03-2010,10846.98
18-03-2010,10744.03
19-03-2010,10824.72
23-03-2010,10774.15
24-03-2010,10815.03
25-03-2010,10828.85
26-03-2010,10996.37
29-03-2010,10986.47
30-03-2010,11097.14
31-03-2010,11089.94
01-04-2010,11244.4
02-04-2010,11286.09
05-04-2010,11339.3
06-04-2010,11282.32
07-04-2010,11292.83
08-04-2010,11168.2
09-04-2010,11204.34
12-04-2010,11251.9
13-04-2010,11161.23
14-04-2010,11204.9
15-04-2010,11273.79
16-04-2010,11102.18
19-04-2010,10908.77
20-04-2010,10900.68
21-04-2010,11090.05
22-04-2010,10949.09
23-04-2010,10914.46
26-04-2010,11165.79
27-04-2010,11212.66
28-04-2010,10924.79
30-04-2010,11057.4
06-05-2010,10695.69
07-05-2010,10364.59
10-05-2010,10530.7
11-05-2010,10411.1
12-05-2010,10394.03
13-05-2010,10620.55
14-05-2010,10462.51
17-05-2010,10235.76
18-05-2010,10242.64
19-05-2010,10186.84
20-05-2010,10030.31
21-05-2010,9784.54
24-05-2010,9758.4
25-05-2010,9459.89
26-05-2010,9522.66
27-05-2010,9639.72
28-05-2010,9762.98
31-05-2010,9768.7
01-06-2010,9711.83
02-06-2010,9603.24
03-06-2010,9914.19
04-06-2010,9901.19
07-06-2010,9520.8
08-06-2010,9537.94
09-06-2010,9439.13
10-06-2010,9542.65
11-06-2010,9705.25
14-06-2010,9879.85
15-06-2010,9887.89
16-06-2010,10067.15
17-06-2010,9999.4
18-06-2010,9995.02
21-06-2010,10238.01
22-06-2010,10112.89
23-06-2010,9923.7
24-06-2010,9928.34
25-06-2010,9737.48
28-06-2010,9693.94
29-06-2010,9570.67
30-06-2010,9382.64
01-07-2010,9191.6
02-07-2010,9203.71
05-07-2010,9266.78
06-07-2010,9338.04
07-07-2010,9279.65
08-07-2010,9535.74
09-07-2010,9585.32
12-07-2010,9548.11
13-07-2010,9537.23
14-07-2010,9795.24
15-07-2010,9685.53
16-07-2010,9408.36
20-07-2010,9300.46
21-07-2010,9278.83
22-07-2010,9220.88
23-07-2010,9430.96
26-07-2010,9503.66
27-07-2010,9496.85
28-07-2010,9753.27
29-07-2010,9696.02
30-07-2010,9537.3
02-08-2010,9570.31
03-08-2010,9694.01
04-08-2010,9489.34
05-08-2010,9653.92
06-08-2010,9642.12
09-08-2010,9572.49
10-08-2010,9551.05
11-08-2010,9292.85
12-08-2010,9212.59
13-08-2010,9253.46
16-08-2010,9196.67
17-08-2010,9161.68
18-08-2010,9240.54
19-08-2010,9362.68
20-08-2010,9179.38
23-08-2010,9116.69
24-08-2010,8995.14
25-08-2010,8845.39
26-08-2010,8906.48
27-08-2010,8991.06
30-08-2010,9149.26
31-08-2010,8824.06
01-09-2010,8927.02
02-09-2010,9062.84
03-09-2010,9114.13
06-09-2010,9301.32
07-09-2010,9226
08-09-2010,9024.6
09-09-2010,9098.39
10-09-2010,9239.17
13-09-2010,9321.82
14-09-2010,9299.31
15-09-2010,9516.56
16-09-2010,9509.5
17-09-2010,9626.09
21-09-2010,9602.11
22-09-2010,9566.32
24-09-2010,9471.67
27-09-2010,9603.14
28-09-2010,9495.76
29-09-2010,9559.38
30-09-2010,9369.35
01-10-2010,9404.23
04-10-2010,9381.06
05-10-2010,9518.76
06-10-2010,9691.43
07-10-2010,9684.81
08-10-2010,9588.88
12-10-2010,9388.64
13-10-2010,9403.51
14-10-2010,9583.51
15-10-2010,9500.25
18-10-2010,9498.49
19-10-2010,9539.45
20-10-2010,9381.6
21-10-2010,9376.48
22-10-2010,9426.71
25-10-2010,9401.16
26-10-2010,9377.38
27-10-2010,9387.03
28-10-2010,9366.03
29-10-2010,9202.45
01-11-2010,9154.72
02-11-2010,9159.98
04-11-2010,9358.78
05-11-2010,9625.99
08-11-2010,9732.92
09-11-2010,9694.49
10-11-2010,9830.52
11-11-2010,9861.46
12-11-2010,9724.81
15-11-2010,9827.51
16-11-2010,9797.1
17-11-2010,9811.66
18-11-2010,10013.63
19-11-2010,10022.39
22-11-2010,10115.19
24-11-2010,10030.11
25-11-2010,10079.76
26-11-2010,10039.56
29-11-2010,10125.99
30-11-2010,9937.04
01-12-2010,9988.05
02-12-2010,10168.52
03-12-2010,10178.32
06-12-2010,10167.23
07-12-2010,10141.1
08-12-2010,10232.33
09-12-2010,10285.88
10-12-2010,10211.95
13-12-2010,10293.89
14-12-2010,10316.77
15-12-2010,10309.78
16-12-2010,10311.29
17-12-2010,10303.83
20-12-2010,10216.41
21-12-2010,10370.53
22-12-2010,10346.48
24-12-2010,10279.19
27-12-2010,10355.99
28-12-2010,10292.63
29-12-2010,10344.54
30-12-2010,10228.92
04-01-2011,10398.1
05-01-2011,10380.77
06-01-2011,10529.76
07-01-2011,10541.04
11-01-2011,10510.68
12-01-2011,10512.8
13-01-2011,10589.76
14-01-2011,10499.04
17-01-2011,10502.86
18-01-2011,10518.98
19-01-2011,10557.1
20-01-2011,10437.31
21-01-2011,10274.52
24-01-2011,10345.11
25-01-2011,10464.42
26-01-2011,10401.9
27-01-2011,10478.66
28-01-2011,10360.34
31-01-2011,10237.92
01-02-2011,10274.5
02-02-2011,10457.36
03-02-2011,10431.36
04-02-2011,10543.52
07-02-2011,10592.04
08-02-2011,10635.98
09-02-2011,10617.83
10-02-2011,10605.65
14-02-2011,10725.54
15-02-2011,10746.67
16-02-2011,10808.29
17-02-2011,10836.64
18-02-2011,10842.8
21-02-2011,10857.53
22-02-2011,10664.7
23-02-2011,10579.1
24-02-2011,10452.71
25-02-2011,10526.76
28-02-2011,10624.09
01-03-2011,10754.03
02-03-2011,10492.38
03-03-2011,10586.02
04-03-2011,10693.66
07-03-2011,10505.02
08-03-2011,10525.19
09-03-2011,10589.5
10-03-2011,10434.38
11-03-2011,10254.43
14-03-2011,9620.49
15-03-2011,8605.15
16-03-2011,9093.72
17-03-2011,8962.67
18-03-2011,9206.75
22-03-2011,9608.32
23-03-2011,9449.47
24-03-2011,9435.01
25-03-2011,9536.13
28-03-2011,9478.53
29-03-2011,9459.08
30-03-2011,9708.79
31-03-2011,9755.1
01-04-2011,9708.39
04-04-2011,9718.89
05-04-2011,9615.55
06-04-2011,9584.37
07-04-2011,9590.93
08-04-2011,9768.08
11-04-2011,9719.7
12-04-2011,9555.26
13-04-2011,9641.18
14-04-2011,9653.92
15-04-2011,9591.52
18-04-2011,9556.65
19-04-2011,9441.03
20-04-2011,9606.82
21-04-2011,9685.77
22-04-2011,9682.21
25-04-2011,9671.96
26-04-2011,9558.69
27-04-2011,9691.84
28-04-2011,9849.74
02-05-2011,10004.2
06-05-2011,9859.2
09-05-2011,9794.38
10-05-2011,9818.76
11-05-2011,9864.26
12-05-2011,9716.65
13-05-2011,9648.77
16-05-2011,9558.3
17-05-2011,9567.02
18-05-2011,9662.08
19-05-2011,9620.82
20-05-2011,9607.08
23-05-2011,9460.63
24-05-2011,9477.17
25-05-2011,9422.88
26-05-2011,9562.05
27-05-2011,9521.94
30-05-2011,9504.97
31-05-2011,9693.73
01-06-2011,9719.61
02-06-2011,9555.04
03-06-2011,9492.21
06-06-2011,9380.35
07-06-2011,9442.95
08-06-2011,9449.46
09-06-2011,9467.15
10-06-2011,9514.44
13-06-2011,9448.21
14-06-2011,9547.79
15-06-2011,9574.32
16-06-2011,9411.28
17-06-2011,9351.4
20-06-2011,9354.32
21-06-2011,9459.66
22-06-2011,9629.43
23-06-2011,9596.74
24-06-2011,9678.71
27-06-2011,9578.31
28-06-2011,9648.98
29-06-2011,9797.26
30-06-2011,9816.09
01-07-2011,9868.07
04-07-2011,9965.09
05-07-2011,9972.46
06-07-2011,10082.48
07-07-2011,10071.14
08-07-2011,10137.73
11-07-2011,10069.53
12-07-2011,9925.92
13-07-2011,9963.14
14-07-2011,9936.12
15-07-2011,9974.47
19-07-2011,9889.72
20-07-2011,10005.9
21-07-2011,10010.39
22-07-2011,10132.11
25-07-2011,10050.01
26-07-2011,10097.72
27-07-2011,10047.19
28-07-2011,9901.35
29-07-2011,9833.03
01-08-2011,9965.01
02-08-2011,9844.59
03-08-2011,9637.14
04-08-2011,9659.18
05-08-2011,9299.88
08-08-2011,9097.56
09-08-2011,8944.48
10-08-2011,9038.74
11-08-2011,8981.94
12-08-2011,8963.72
15-08-2011,9086.41
16-08-2011,9107.43
17-08-2011,9057.26
18-08-2011,8943.76
19-08-2011,8719.24
22-08-2011,8628.13
23-08-2011,8733.01
24-08-2011,8639.61
25-08-2011,8772.36
26-08-2011,8797.78
29-08-2011,8851.35
30-08-2011,8953.9
31-08-2011,8955.2
01-09-2011,9060.8
02-09-2011,8950.74
05-09-2011,8784.46
06-09-2011,8590.57
07-09-2011,8763.41
08-09-2011,8793.12
09-09-2011,8737.66
12-09-2011,8535.67
13-09-2011,8616.55
14-09-2011,8518.57
15-09-2011,8668.86
16-09-2011,8864.16
20-09-2011,8721.24
21-09-2011,8741.16
22-09-2011,8560.26
26-09-2011,8374.13
27-09-2011,8609.95
28-09-2011,8615.65
29-09-2011,8701.23
30-09-2011,8700.29
03-10-2011,8545.48
04-10-2011,8456.12
05-10-2011,8382.98
06-10-2011,8522.02
07-10-2011,8605.62
11-10-2011,8773.68
12-10-2011,8738.9
13-10-2011,8823.25
14-10-2011,8747.96
17-10-2011,8879.6
18-10-2011,8741.91
19-10-2011,8772.54
20-10-2011,8682.15
21-10-2011,8678.89
24-10-2011,8843.98
25-10-2011,8762.31
26-10-2011,8748.47
27-10-2011,8926.54
28-10-2011,9050.47
31-10-2011,8988.39
01-11-2011,8835.52
02-11-2011,8640.42
04-11-2011,8801.4
07-11-2011,8767.09
08-11-2011,8655.51
09-11-2011,8755.44
10-11-2011,8500.8
11-11-2011,8514.47
14-11-2011,8603.7
15-11-2011,8541.93
16-11-2011,8463.16
17-11-2011,8479.63
18-11-2011,8374.91
21-11-2011,8348.27
22-11-2011,8314.74
24-11-2011,8165.18
25-11-2011,8160.01
28-11-2011,8287.49
29-11-2011,8477.82
30-11-2011,8434.61
01-12-2011,8597.38
02-12-2011,8643.75
05-12-2011,8695.98
06-12-2011,8575.16
07-12-2011,8722.17
08-12-2011,8664.58
09-12-2011,8536.46
12-12-2011,8653.82
13-12-2011,8552.81
14-12-2011,8519.13
15-12-2011,8377.37
16-12-2011,8401.72
19-12-2011,8296.12
20-12-2011,8336.48
21-12-2011,8459.98
22-12-2011,8395.16
26-12-2011,8479.34
27-12-2011,8440.56
28-12-2011,8423.62
29-12-2011,8398.89
30-12-2011,8455.35
04-01-2012,8560.11
05-01-2012,8488.71
06-01-2012,8390.35
10-01-2012,8422.26
11-01-2012,8447.88
12-01-2012,8385.59
13-01-2012,8500.02
16-01-2012,8378.36
17-01-2012,8466.4
18-01-2012,8550.58
19-01-2012,8639.68
20-01-2012,8766.36
23-01-2012,8765.9
24-01-2012,8785.33
25-01-2012,8883.69
26-01-2012,8849.47
27-01-2012,8841.22
30-01-2012,8793.05
31-01-2012,8802.51
01-02-2012,8809.79
02-02-2012,8876.82
03-02-2012,8831.93
06-02-2012,8929.2
07-02-2012,8917.52
08-02-2012,9015.59
09-02-2012,9002.24
10-02-2012,8947.17
13-02-2012,8999.18
14-02-2012,9052.07
15-02-2012,9260.34
16-02-2012,9238.1
17-02-2012,9384.17
20-02-2012,9485.09
21-02-2012,9463.02
22-02-2012,9554
23-02-2012,9595.57
24-02-2012,9647.38
27-02-2012,9633.93
28-02-2012,9722.52
29-02-2012,9723.24
01-03-2012,9707.37
02-03-2012,9777.03
05-03-2012,9698.59
06-03-2012,9637.63
07-03-2012,9576.06
08-03-2012,9768.96
09-03-2012,9929.74
12-03-2012,9889.86
13-03-2012,9899.08
14-03-2012,10050.52
15-03-2012,10123.28
16-03-2012,10129.83
19-03-2012,10141.99
21-03-2012,10086.49
22-03-2012,10127.08
23-03-2012,10011.47
26-03-2012,10018.24
27-03-2012,10255.15
28-03-2012,10182.57
29-03-2012,10114.79
30-03-2012,10083.56
02-04-2012,10109.87
03-04-2012,10050.39
04-04-2012,9819.99
05-04-2012,9767.61
06-04-2012,9688.45
09-04-2012,9546.26
10-04-2012,9538.02
11-04-2012,9458.74
12-04-2012,9524.79
13-04-2012,9637.99
16-04-2012,9470.64
17-04-2012,9464.71
18-04-2012,9667.26
19-04-2012,9588.38
20-04-2012,9561.36
23-04-2012,9542.17
24-04-2012,9468.04
25-04-2012,9561.01
26-04-2012,9561.83
27-04-2012,9520.89
01-05-2012,9350.95
02-05-2012,9380.25
07-05-2012,9119.14
08-05-2012,9181.65
09-05-2012,9045.06
10-05-2012,9009.65
11-05-2012,8953.31
14-05-2012,8973.84
15-05-2012,8900.74
16-05-2012,8801.17
17-05-2012,8876.59
18-05-2012,8611.31
21-05-2012,8633.89
22-05-2012,8729.29
23-05-2012,8556.6
24-05-2012,8563.38
25-05-2012,8580.39
28-05-2012,8593.15
29-05-2012,8657.08
30-05-2012,8633.19
31-05-2012,8542.73
01-06-2012,8440.25
04-06-2012,8295.63
05-06-2012,8382
06-06-2012,8533.53
07-06-2012,8639.72
08-06-2012,8459.26
11-06-2012,8624.9
12-06-2012,8536.72
13-06-2012,8587.84
14-06-2012,8568.89
15-06-2012,8569.32
18-06-2012,8721.02
19-06-2012,8655.87
20-06-2012,8752.31
21-06-2012,8824.07
22-06-2012,8798.35
25-06-2012,8734.62
26-06-2012,8663.99
27-06-2012,8730.49
28-06-2012,8874.11
29-06-2012,9006.78
02-07-2012,9003.48
03-07-2012,9066.59
04-07-2012,9104.17
05-07-2012,9079.8
06-07-2012,9020.75
09-07-2012,8896.88
10-07-2012,8857.73
11-07-2012,8851
12-07-2012,8720.01
13-07-2012,8724.12
17-07-2012,8755
18-07-2012,8726.74
19-07-2012,8795.55
20-07-2012,8669.87
23-07-2012,8508.32
24-07-2012,8488.09
25-07-2012,8365.9
26-07-2012,8443.1
27-07-2012,8566.64
30-07-2012,8635.44
31-07-2012,8695.06
01-08-2012,8641.85
02-08-2012,8653.18
03-08-2012,8555.11
06-08-2012,8726.29
07-08-2012,8803.31
08-08-2012,8881.16
09-08-2012,8978.6
10-08-2012,8891.44
13-08-2012,8885.15
14-08-2012,8929.88
15-08-2012,8925.04
16-08-2012,9092.76
17-08-2012,9162.5
20-08-2012,9171.16
21-08-2012,9156.92
22-08-2012,9131.74
23-08-2012,9178.12
24-08-2012,9070.76
27-08-2012,9085.39
28-08-2012,9033.29
29-08-2012,9069.81
30-08-2012,8983.78
31-08-2012,8839.91
03-09-2012,8783.89
04-09-2012,8775.51
05-09-2012,8679.82
06-09-2012,8680.57
07-09-2012,8871.65
10-09-2012,8869.37
11-09-2012,8807.38
12-09-2012,8959.96
13-09-2012,8995.15
14-09-2012,9159.39
18-09-2012,9123.77
19-09-2012,9232.21
20-09-2012,9086.98
21-09-2012,9110
24-09-2012,9069.29
25-09-2012,9091.54
26-09-2012,8906.7
27-09-2012,8949.87
28-09-2012,8870.16
01-10-2012,8796.51
02-10-2012,8786.05
03-10-2012,8746.87
04-10-2012,8824.59
05-10-2012,8863.3
09-10-2012,8769.59
10-10-2012,8596.23
11-10-2012,8546.78
12-10-2012,8534.12
15-10-2012,8577.93
16-10-2012,8701.31
17-10-2012,8806.55
18-10-2012,8982.86
19-10-2012,9002.68
22-10-2012,9010.71
23-10-2012,9014.25
24-10-2012,8954.3
25-10-2012,9055.2
26-10-2012,8933.06
29-10-2012,8929.34
30-10-2012,8841.98
31-10-2012,8928.29
01-11-2012,8946.87
02-11-2012,9051.22
05-11-2012,9007.44
06-11-2012,8975.15
07-11-2012,8972.89
08-11-2012,8837.15
09-11-2012,8757.6
12-11-2012,8676.44
13-11-2012,8661.05
14-11-2012,8664.73
15-11-2012,8829.72
16-11-2012,9024.16
19-11-2012,9153.2
20-11-2012,9142.64
21-11-2012,9222.52
22-11-2012,9366.8
26-11-2012,9388.94
27-11-2012,9423.3
28-11-2012,9308.35
29-11-2012,9400.88
30-11-2012,9446.01
03-12-2012,9458.18
04-12-2012,9432.46
05-12-2012,9468.84
06-12-2012,9545.16
07-12-2012,9527.39
10-12-2012,9533.75
11-12-2012,9525.32
12-12-2012,9581.46
13-12-2012,9742.73
14-12-2012,9737.56
17-12-2012,9828.88
18-12-2012,9923.01
19-12-2012,10160.4
20-12-2012,10039.33
21-12-2012,9940.06
25-12-2012,10080.12
26-12-2012,10230.36
27-12-2012,10322.98
28-12-2012,10395.18
04-01-2013,10688.11
07-01-2013,10599.01
08-01-2013,10508.06
09-01-2013,10578.57
10-01-2013,10652.64
11-01-2013,10801.57
15-01-2013,10879.08
16-01-2013,10600.44
17-01-2013,10609.64
18-01-2013,10913.3
21-01-2013,10747.74
22-01-2013,10709.93
23-01-2013,10486.99
24-01-2013,10620.87
25-01-2013,10926.65
28-01-2013,10824.31
29-01-2013,10866.72
30-01-2013,11113.95
31-01-2013,11138.66
01-02-2013,11191.34
04-02-2013,11260.35
05-02-2013,11046.92
06-02-2013,11463.75
07-02-2013,11357.07
08-02-2013,11153.16
12-02-2013,11369.12
13-02-2013,11251.41
14-02-2013,11307.28
15-02-2013,11173.83
18-02-2013,11407.87
19-02-2013,11372.34
20-02-2013,11468.28
21-02-2013,11309.13
22-02-2013,11385.94
25-02-2013,11662.52
26-02-2013,11398.81
27-02-2013,11253.97
28-02-2013,11559.36
01-03-2013,11606.38
04-03-2013,11652.29
05-03-2013,11683.45
06-03-2013,11932.27
07-03-2013,11968.08
08-03-2013,12283.62
11-03-2013,12349.05
12-03-2013,12314.81
13-03-2013,12239.66
14-03-2013,12381.19
15-03-2013,12560.95
18-03-2013,12220.63
19-03-2013,12468.23
21-03-2013,12635.69
22-03-2013,12338.53
25-03-2013,12546.46
26-03-2013,12471.62
27-03-2013,12493.79
28-03-2013,12335.96
29-03-2013,12397.91
01-04-2013,12135.02
02-04-2013,12003.43
03-04-2013,12362.2
04-04-2013,12634.54
05-04-2013,12833.64
08-04-2013,13192.59
09-04-2013,13192.35
10-04-2013,13288.13
11-04-2013,13549.16
12-04-2013,13485.14
15-04-2013,13275.66
16-04-2013,13221.44
17-04-2013,13382.89
18-04-2013,13220.07
19-04-2013,13316.48
22-04-2013,13568.37
23-04-2013,13529.65
24-04-2013,13843.46
25-04-2013,13926.08
26-04-2013,13884.13
30-04-2013,13860.86
01-05-2013,13799.35
02-05-2013,13694.04
07-05-2013,14180.24
08-05-2013,14285.69
09-05-2013,14191.48
10-05-2013,14607.54
13-05-2013,14782.21
14-05-2013,14758.42
15-05-2013,15096.03
16-05-2013,15037.24
17-05-2013,15138.12
20-05-2013,15360.81
21-05-2013,15381.02
22-05-2013,15627.26
23-05-2013,14483.98
24-05-2013,14612.45
27-05-2013,14142.65
28-05-2013,14311.98
29-05-2013,14326.46
30-05-2013,13589.03
31-05-2013,13774.54
03-06-2013,13261.82
04-06-2013,13533.76
05-06-2013,13014.87
06-06-2013,12904.02
07-06-2013,12877.53
10-06-2013,13514.2
11-06-2013,13317.62
12-06-2013,13289.32
13-06-2013,12445.38
14-06-2013,12686.52
17-06-2013,13033.12
18-06-2013,13007.28
19-06-2013,13245.22
20-06-2013,13014.58
21-06-2013,13230.13
24-06-2013,13062.78
25-06-2013,12969.34
26-06-2013,12834.01
27-06-2013,13213.55
28-06-2013,13677.32
01-07-2013,13852.5
02-07-2013,14098.74
03-07-2013,14055.56
04-07-2013,14018.93
05-07-2013,14309.97
08-07-2013,14109.34
09-07-2013,14472.9
10-07-2013,14416.6
11-07-2013,14472.58
12-07-2013,14506.25
16-07-2013,14599.12
17-07-2013,14615.04
18-07-2013,14808.5
19-07-2013,14589.91
22-07-2013,14658.04
23-07-2013,14778.51
24-07-2013,14731.28
25-07-2013,14562.93
26-07-2013,14129.98
29-07-2013,13661.13
30-07-2013,13869.82
31-07-2013,13668.32
01-08-2013,14005.77
02-08-2013,14466.16
05-08-2013,14258.04
06-08-2013,14401.06
07-08-2013,13824.94
08-08-2013,13605.56
09-08-2013,13615.19
12-08-2013,13519.43
13-08-2013,13867
14-08-2013,14050.16
15-08-2013,13752.94
16-08-2013,13650.11
19-08-2013,13758.13
20-08-2013,13396.38
21-08-2013,13424.33
22-08-2013,13365.17
23-08-2013,13660.55
26-08-2013,13636.28
27-08-2013,13542.37
28-08-2013,13338.46
29-08-2013,13459.71
30-08-2013,13388.86
02-09-2013,13572.92
03-09-2013,13978.44
04-09-2013,14053.87
05-09-2013,14064.82
06-09-2013,13860.81
09-09-2013,14205.23
10-09-2013,14423.36
11-09-2013,14425.07
12-09-2013,14387.27
13-09-2013,14404.67
17-09-2013,14311.67
18-09-2013,14505.36
19-09-2013,14766.18
20-09-2013,14742.42
24-09-2013,14732.61
25-09-2013,14620.53
26-09-2013,14799.12
27-09-2013,14760.07
30-09-2013,14455.8
01-10-2013,14484.72
02-10-2013,14170.49
03-10-2013,14157.25
04-10-2013,14024.31
07-10-2013,13853.32
08-10-2013,13894.61
09-10-2013,14037.84
10-10-2013,14194.71
11-10-2013,14404.74
15-10-2013,14441.54
16-10-2013,14467.14
17-10-2013,14586.51
18-10-2013,14561.54
21-10-2013,14693.57
22-10-2013,14713.25
23-10-2013,14426.05
24-10-2013,14486.41
25-10-2013,14088.19
28-10-2013,14396.04
29-10-2013,14325.98
30-10-2013,14502.35
31-10-2013,14327.94
01-11-2013,14201.57
05-11-2013,14225.37
06-11-2013,14337.31
07-11-2013,14228.44
08-11-2013,14086.8
11-11-2013,14269.84
12-11-2013,14588.68
13-11-2013,14567.16
14-11-2013,14876.41
15-11-2013,15165.92
18-11-2013,15164.3
19-11-2013,15126.56
20-11-2013,15076.08
21-11-2013,15365.6
22-11-2013,15381.72
25-11-2013,15619.13
26-11-2013,15515.24
27-11-2013,15449.63
28-11-2013,15727.12
29-11-2013,15661.87
02-12-2013,15655.07
03-12-2013,15749.66
04-12-2013,15407.94
05-12-2013,15177.49
06-12-2013,15299.86
09-12-2013,15650.21
10-12-2013,15611.31
11-12-2013,15515.06
12-12-2013,15341.82
13-12-2013,15403.11
16-12-2013,15152.91
17-12-2013,15278.63
18-12-2013,15587.8
19-12-2013,15859.22
20-12-2013,15870.42
24-12-2013,15889.33
25-12-2013,16009.99
26-12-2013,16174.44
27-12-2013,16178.94
30-12-2013,16291.31
06-01-2014,15908.88
07-01-2014,15814.37
08-01-2014,16121.45
09-01-2014,15880.33
10-01-2014,15912.06
14-01-2014,15422.4
15-01-2014,15808.73
16-01-2014,15747.2
17-01-2014,15734.46
20-01-2014,15641.68
21-01-2014,15795.96
22-01-2014,15820.96
23-01-2014,15695.89
24-01-2014,15391.56
27-01-2014,15005.73
28-01-2014,14980.16
29-01-2014,15383.91
30-01-2014,15007.06
31-01-2014,14914.53
03-02-2014,14619.13
04-02-2014,14008.47
05-02-2014,14180.38
06-02-2014,14155.12
07-02-2014,14462.41
10-02-2014,14718.34
12-02-2014,14800.06
13-02-2014,14534.74
14-02-2014,14313.03
17-02-2014,14393.11
18-02-2014,14843.24
19-02-2014,14766.53
20-02-2014,14449.18
21-02-2014,14865.67
24-02-2014,14837.68
25-02-2014,15051.6
26-02-2014,14970.97
27-02-2014,14923.11
28-02-2014,14841.07
03-03-2014,14652.23
04-03-2014,14721.48
05-03-2014,14897.63
06-03-2014,15134.75
07-03-2014,15274.07
10-03-2014,15120.14
11-03-2014,15224.11
12-03-2014,14830.39
13-03-2014,14815.98
14-03-2014,14327.66
17-03-2014,14277.67
18-03-2014,14411.27
19-03-2014,14462.52
20-03-2014,14224.23
24-03-2014,14475.3
25-03-2014,14423.19
26-03-2014,14477.16
27-03-2014,14622.89
28-03-2014,14696.03
31-03-2014,14827.83
01-04-2014,14791.99
02-04-2014,14946.32
03-04-2014,15071.88
04-04-2014,15063.77
07-04-2014,14808.85
08-04-2014,14606.88
09-04-2014,14299.69
10-04-2014,14300.12
11-04-2014,13960.05
14-04-2014,13910.16
15-04-2014,13996.81
16-04-2014,14417.68
17-04-2014,14417.53
18-04-2014,14516.27
21-04-2014,14512.38
22-04-2014,14388.77
23-04-2014,14546.27
24-04-2014,14404.99
25-04-2014,14429.26
28-04-2014,14288.23
30-04-2014,14304.11
01-05-2014,14485.13
02-05-2014,14457.51
07-05-2014,14033.45
08-05-2014,14163.78
09-05-2014,14199.59
12-05-2014,14149.52
13-05-2014,14425.44
14-05-2014,14405.76
15-05-2014,14298.21
16-05-2014,14096.59
19-05-2014,14006.44
20-05-2014,14075.25
21-05-2014,14042.17
22-05-2014,14337.79
23-05-2014,14462.17
26-05-2014,14602.52
27-05-2014,14636.52
28-05-2014,14670.95
29-05-2014,14681.72
30-05-2014,14632.38
02-06-2014,14935.92
03-06-2014,15034.25
04-06-2014,15067.96
05-06-2014,15079.37
06-06-2014,15077.24
09-06-2014,15124
10-06-2014,14994.8
11-06-2014,15069.48
12-06-2014,14973.53
13-06-2014,15097.84
16-06-2014,14933.29
17-06-2014,14975.97
18-06-2014,15115.8
19-06-2014,15361.16
20-06-2014,15349.42
23-06-2014,15369.28
24-06-2014,15376.24
25-06-2014,15266.61
26-06-2014,15308.49
27-06-2014,15095
30-06-2014,15162.1
01-07-2014,15326.2
02-07-2014,15369.97
03-07-2014,15348.29
04-07-2014,15437.13
07-07-2014,15379.44
08-07-2014,15314.41
09-07-2014,15302.65
10-07-2014,15216.47
11-07-2014,15164.04
14-07-2014,15296.82
15-07-2014,15395.16
16-07-2014,15379.3
17-07-2014,15370.26
18-07-2014,15215.71
22-07-2014,15343.28
23-07-2014,15328.56
24-07-2014,15284.42
25-07-2014,15457.87
28-07-2014,15529.4
29-07-2014,15618.07
30-07-2014,15646.23
31-07-2014,15620.77
01-08-2014,15523.11
04-08-2014,15474.5
05-08-2014,15320.31
06-08-2014,15159.79
07-08-2014,15232.37
08-08-2014,14778.37
11-08-2014,15130.52
12-08-2014,15161.31
13-08-2014,15213.63
14-08-2014,15314.57
15-08-2014,15318.34
18-08-2014,15322.6
19-08-2014,15449.79
20-08-2014,15454.45
21-08-2014,15586.2
22-08-2014,15539.19
25-08-2014,15613.25
26-08-2014,15521.22
27-08-2014,15534.82
28-08-2014,15459.86
29-08-2014,15424.59
01-09-2014,15476.6
02-09-2014,15668.6
03-09-2014,15728.35
04-09-2014,15676.18
05-09-2014,15668.68
08-09-2014,15705.11
09-09-2014,15749.15
10-09-2014,15788.78
11-09-2014,15909.2
12-09-2014,15948.29
16-09-2014,15911.53
17-09-2014,15888.67
18-09-2014,16067.57
19-09-2014,16321.17
22-09-2014,16205.9
24-09-2014,16167.45
25-09-2014,16374.14
26-09-2014,16229.86
29-09-2014,16310.64
30-09-2014,16173.52
01-10-2014,16082.25
02-10-2014,15661.99
03-10-2014,15708.65
06-10-2014,15890.95
07-10-2014,15783.83
08-10-2014,15595.98
09-10-2014,15478.93
10-10-2014,15300.55
14-10-2014,14936.51
15-10-2014,15073.52
16-10-2014,14738.38
17-10-2014,14532.51
20-10-2014,15111.23
21-10-2014,14804.28
22-10-2014,15195.77
23-10-2014,15138.96
24-10-2014,15291.64
27-10-2014,15388.72
28-10-2014,15329.91
29-10-2014,15553.91
30-10-2014,15658.2
31-10-2014,16413.76
04-11-2014,16862.47
05-11-2014,16937.32
06-11-2014,16792.48
07-11-2014,16880.38
10-11-2014,16780.53
11-11-2014,17124.11
12-11-2014,17197.05
13-11-2014,17392.79
14-11-2014,17490.83
17-11-2014,16973.8
18-11-2014,17344.06
19-11-2014,17288.75
20-11-2014,17300.86
21-11-2014,17357.51
25-11-2014,17407.62
26-11-2014,17383.58
27-11-2014,17248.5
28-11-2014,17459.85
01-12-2014,17590.1
02-12-2014,17663.22
03-12-2014,17720.43
04-12-2014,17887.21
05-12-2014,17920.45
08-12-2014,17935.64
09-12-2014,17813.38
10-12-2014,17412.58
11-12-2014,17257.4
12-12-2014,17371.58
15-12-2014,17099.4
16-12-2014,16755.32
17-12-2014,16819.73
18-12-2014,17210.05
19-12-2014,17621.4
22-12-2014,17635.14
24-12-2014,17854.23
25-12-2014,17808.75
26-12-2014,17818.96
29-12-2014,17729.84
30-12-2014,17450.77
05-01-2015,17408.71
06-01-2015,16883.19
07-01-2015,16885.33
08-01-2015,17167.1
09-01-2015,17197.73
13-01-2015,17087.71
14-01-2015,16795.96
15-01-2015,17108.7
16-01-2015,16864.16
19-01-2015,17014.29
20-01-2015,17366.3
21-01-2015,17280.48
22-01-2015,17329.02
23-01-2015,17511.75
26-01-2015,17468.52
27-01-2015,17768.3
28-01-2015,17795.73
29-01-2015,17606.22
30-01-2015,17674.39
02-02-2015,17558.04
03-02-2015,17335.85
04-02-2015,17678.74
05-02-2015,17504.62
06-02-2015,17648.5
09-02-2015,17711.93
10-02-2015,17652.68
12-02-2015,17979.72
13-02-2015,17913.36
16-02-2015,18004.77
17-02-2015,17987.09
18-02-2015,18199.17
19-02-2015,18264.79
20-02-2015,18332.3
23-02-2015,18466.92
24-02-2015,18603.48
25-02-2015,18585.2
26-02-2015,18785.79
27-02-2015,18797.94
02-03-2015,18826.88
03-03-2015,18815.16
04-03-2015,18703.6
05-03-2015,18751.84
06-03-2015,18971
09-03-2015,18790.55
10-03-2015,18665.11
11-03-2015,18723.52
12-03-2015,18991.11
13-03-2015,19254.25
16-03-2015,19246.06
17-03-2015,19437
18-03-2015,19544.48
19-03-2015,19476.56
20-03-2015,19560.22
23-03-2015,19754.36
24-03-2015,19713.45
25-03-2015,19746.2
26-03-2015,19471.12
27-03-2015,19285.63
30-03-2015,19411.4
31-03-2015,19206.99
01-04-2015,19034.84
02-04-2015,19312.79
03-04-2015,19435.08
06-04-2015,19397.98
07-04-2015,19640.54
08-04-2015,19789.81
09-04-2015,19937.72
10-04-2015,19907.63
13-04-2015,19905.46
14-04-2015,19908.68
15-04-2015,19869.76
16-04-2015,19885.77
17-04-2015,19652.88
20-04-2015,19634.49
21-04-2015,19909.09
22-04-2015,20133.9
23-04-2015,20187.65
24-04-2015,20020.04
27-04-2015,19983.32
28-04-2015,20058.95
30-04-2015,19520.01
01-05-2015,19531.63
07-05-2015,19291.99
08-05-2015,19379.19
11-05-2015,19620.91
12-05-2015,19624.84
13-05-2015,19764.72
14-05-2015,19570.24
15-05-2015,19732.92
18-05-2015,19890.27
19-05-2015,20026.38
20-05-2015,20196.56
21-05-2015,20202.87
22-05-2015,20264.41
25-05-2015,20413.77
26-05-2015,20437.48
27-05-2015,20472.58
28-05-2015,20551.46
29-05-2015,20563.15
01-06-2015,20569.87
02-06-2015,20543.19
03-06-2015,20473.51
04-06-2015,20488.19
05-06-2015,20460.9
08-06-2015,20457.19
09-06-2015,20096.3
10-06-2015,20046.36
11-06-2015,20382.97
12-06-2015,20407.08
15-06-2015,20387.79
16-06-2015,20257.94
17-06-2015,20219.27
18-06-2015,19990.82
19-06-2015,20174.24
22-06-2015,20428.19
23-06-2015,20809.42
24-06-2015,20868.03
25-06-2015,20771.4
26-06-2015,20706.15
29-06-2015,20109.95
30-06-2015,20235.73
01-07-2015,20329.32
02-07-2015,20522.5
03-07-2015,20539.79
06-07-2015,20112.12
07-07-2015,20376.59
08-07-2015,19737.64
09-07-2015,19855.5
10-07-2015,19779.83
13-07-2015,20089.77
14-07-2015,20385.33
15-07-2015,20463.33
16-07-2015,20600.12
17-07-2015,20650.92
21-07-2015,20841.97
22-07-2015,20593.67
23-07-2015,20683.95
24-07-2015,20544.53
27-07-2015,20350.1
28-07-2015,20328.89
29-07-2015,20302.91
30-07-2015,20522.83
31-07-2015,20585.24
03-08-2015,20548.11
04-08-2015,20520.36
05-08-2015,20614.06
06-08-2015,20664.44
07-08-2015,20724.56
10-08-2015,20808.69
11-08-2015,20720.75
12-08-2015,20392.77
13-08-2015,20595.55
14-08-2015,20519.45
17-08-2015,20620.26
18-08-2015,20554.47
19-08-2015,20222.63
20-08-2015,20033.52
21-08-2015,19435.83
24-08-2015,18540.68
25-08-2015,17806.7
26-08-2015,18376.83
27-08-2015,18574.44
28-08-2015,19136.32
31-08-2015,18890.48
01-09-2015,18165.69
02-09-2015,18095.4
03-09-2015,18182.39
04-09-2015,17792.16
07-09-2015,17860.47
08-09-2015,17427.08
09-09-2015,18770.51
10-09-2015,18299.62
11-09-2015,18264.22
14-09-2015,17965.7
15-09-2015,18026.48
16-09-2015,18171.6
17-09-2015,18432.27
18-09-2015,18070.21
24-09-2015,17571.83
25-09-2015,17880.51
28-09-2015,17645.11
29-09-2015,16930.84
30-09-2015,17388.15
01-10-2015,17722.42
02-10-2015,17725.13
05-10-2015,18005.49
06-10-2015,18186.1
07-10-2015,18322.98
08-10-2015,18141.17
09-10-2015,18438.67
13-10-2015,18234.74
14-10-2015,17891
15-10-2015,18096.9
16-10-2015,18291.8
19-10-2015,18131.23
20-10-2015,18207.15
21-10-2015,18554.28
22-10-2015,18435.87
23-10-2015,18825.3
26-10-2015,18947.12
27-10-2015,18777.04
28-10-2015,18903.02
29-10-2015,18935.71
30-10-2015,19083.1
02-11-2015,18683.24
04-11-2015,18926.91
05-11-2015,19116.41
06-11-2015,19265.6
09-11-2015,19642.74
10-11-2015,19671.26
11-11-2015,19691.39
12-11-2015,19697.77
13-11-2015,19596.91
16-11-2015,19393.69
17-11-2015,19630.63
18-11-2015,19649.18
19-11-2015,19859.81
20-11-2015,19879.81
24-11-2015,19924.89
25-11-2015,19847.58
26-11-2015,19944.41
27-11-2015,19883.94
30-11-2015,19747.47
01-12-2015,20012.4
02-12-2015,19938.13
03-12-2015,19939.9
04-12-2015,19504.48
07-12-2015,19698.15
08-12-2015,19492.6
09-12-2015,19301.07
10-12-2015,19046.55
11-12-2015,19230.48
14-12-2015,18883.42
15-12-2015,18565.9
16-12-2015,19049.91
17-12-2015,19353.56
18-12-2015,18986.8
21-12-2015,18916.02
22-12-2015,18886.7
24-12-2015,18789.69
25-12-2015,18769.06
28-12-2015,18873.35
29-12-2015,18982.23
30-12-2015,19033.71
04-01-2016,18450.98
05-01-2016,18374
06-01-2016,18191.32
07-01-2016,17767.34
08-01-2016,17697.96
12-01-2016,17218.96
13-01-2016,17715.63
14-01-2016,17240.95
15-01-2016,17147.11
18-01-2016,16955.57
19-01-2016,17048.37
20-01-2016,16416.19
21-01-2016,16017.26
22-01-2016,16958.53
25-01-2016,17110.91
26-01-2016,16708.9
27-01-2016,17163.92
28-01-2016,17041.45
29-01-2016,17518.3
01-02-2016,17865.23
02-02-2016,17750.68
03-02-2016,17191.25
04-02-2016,17044.99
05-02-2016,16819.59
08-02-2016,17004.3
09-02-2016,16085.44
10-02-2016,15713.39
12-02-2016,14952.61
15-02-2016,16022.58
16-02-2016,16054.43
17-02-2016,15836.36
18-02-2016,16196.8
19-02-2016,15967.17
22-02-2016,16111.05
23-02-2016,16052.05
24-02-2016,15915.79
25-02-2016,16140.34
26-02-2016,16188.41
29-02-2016,16026.76
01-03-2016,16085.51
02-03-2016,16746.55
03-03-2016,16960.16
04-03-2016,17014.78
07-03-2016,16911.32
08-03-2016,16783.15
09-03-2016,16642.2
10-03-2016,16852.35
11-03-2016,16938.87
14-03-2016,17233.75
15-03-2016,17117.07
16-03-2016,16974.45
17-03-2016,16936.38
18-03-2016,16724.81
22-03-2016,17048.55
23-03-2016,17000.98
24-03-2016,16892.33
25-03-2016,17002.75
28-03-2016,17134.37
29-03-2016,17103.53
30-03-2016,16878.96
31-03-2016,16758.67
01-04-2016,16164.16
04-04-2016,16123.27
05-04-2016,15732.82
06-04-2016,15715.36
07-04-2016,15749.84
08-04-2016,15821.52
11-04-2016,15751.13
12-04-2016,15928.79
13-04-2016,16381.22
14-04-2016,16911.05
15-04-2016,16848.03
18-04-2016,16275.95
19-04-2016,16874.44
20-04-2016,16906.54
21-04-2016,17363.62
22-04-2016,17572.49
25-04-2016,17439.3
26-04-2016,17353.28
27-04-2016,17290.49
28-04-2016,16666.05
02-05-2016,16147.38
06-05-2016,16106.72
09-05-2016,16216.03
10-05-2016,16565.19
11-05-2016,16579.01
12-05-2016,16646.34
13-05-2016,16412.21
16-05-2016,16466.4
17-05-2016,16652.8
18-05-2016,16644.69
19-05-2016,16646.66
20-05-2016,16736.35
23-05-2016,16654.6
24-05-2016,16498.76
25-05-2016,16757.35
26-05-2016,16772.46
27-05-2016,16834.84
30-05-2016,17068.02
31-05-2016,17234.98
01-06-2016,16955.73
02-06-2016,16562.55
03-06-2016,16642.23
06-06-2016,16580.03
07-06-2016,16675.45
08-06-2016,16830.92
09-06-2016,16668.41
10-06-2016,16601.36
13-06-2016,16019.18
14-06-2016,15859
15-06-2016,15919.58
16-06-2016,15434.14
17-06-2016,15599.66
20-06-2016,15965.3
21-06-2016,16169.11
22-06-2016,16065.72
23-06-2016,16238.35
24-06-2016,14952.02
27-06-2016,15309.21
28-06-2016,15323.14
29-06-2016,15566.83
30-06-2016,15575.92
01-07-2016,15682.48
04-07-2016,15775.8
05-07-2016,15669.33
06-07-2016,15378.99
07-07-2016,15276.24
08-07-2016,15106.98
11-07-2016,15708.82
12-07-2016,16095.65
13-07-2016,16231.43
14-07-2016,16385.89
15-07-2016,16497.85
19-07-2016,16723.31
20-07-2016,16681.89
21-07-2016,16810.22
22-07-2016,16627.25
25-07-2016,16620.29
26-07-2016,16383.04
27-07-2016,16664.82
28-07-2016,16476.84
29-07-2016,16569.27
01-08-2016,16635.77
02-08-2016,16391.45
03-08-2016,16083.11
04-08-2016,16254.89
05-08-2016,16254.45
08-08-2016,16650.57
09-08-2016,16764.97
10-08-2016,16735.12
12-08-2016,16919.92
15-08-2016,16869.56
16-08-2016,16596.51
17-08-2016,16745.64
18-08-2016,16486.01
19-08-2016,16545.82
22-08-2016,16598.19
23-08-2016,16497.36
24-08-2016,16597.3
25-08-2016,16555.95
26-08-2016,16360.71
29-08-2016,16737.49
30-08-2016,16725.36
31-08-2016,16887.4
01-09-2016,16926.84
02-09-2016,16925.68
05-09-2016,17037.63
06-09-2016,17081.98
07-09-2016,17012.44
08-09-2016,16958.77
09-09-2016,16965.76
12-09-2016,16672.92
13-09-2016,16729.04
14-09-2016,16614.24
15-09-2016,16405.01
16-09-2016,16519.29
20-09-2016,16492.15
21-09-2016,16807.62
23-09-2016,16754.02
26-09-2016,16544.56
27-09-2016,16683.93
28-09-2016,16465.4
29-09-2016,16693.71
30-09-2016,16449.84
03-10-2016,16598.67
04-10-2016,16735.65
05-10-2016,16819.24
06-10-2016,16899.1
07-10-2016,16860.09
11-10-2016,17024.76
12-10-2016,16840
13-10-2016,16774.24
14-10-2016,16856.37
17-10-2016,16900.12
18-10-2016,16963.61
19-10-2016,16998.91
20-10-2016,17235.5
21-10-2016,17184.59
24-10-2016,17234.42
25-10-2016,17365.25
26-10-2016,17391.84
27-10-2016,17336.42
28-10-2016,17446.41
31-10-2016,17425.02
01-11-2016,17442.4
02-11-2016,17134.68
04-11-2016,16905.36
07-11-2016,17177.21
08-11-2016,17171.38
09-11-2016,16251.54
10-11-2016,17344.42
11-11-2016,17374.79
14-11-2016,17672.62
15-11-2016,17668.15
16-11-2016,17862.21
17-11-2016,17862.63
18-11-2016,17967.41
21-11-2016,18106.02
22-11-2016,18162.94
24-11-2016,18333.41
25-11-2016,18381.22
28-11-2016,18356.89
29-11-2016,18307.04
30-11-2016,18308.48
01-12-2016,18513.12
02-12-2016,18426.08
05-12-2016,18274.99
06-12-2016,18360.54
07-12-2016,18496.69
08-12-2016,18765.47
09-12-2016,18996.37
12-12-2016,19155.03
13-12-2016,19250.52
14-12-2016,19253.61
15-12-2016,19273.79
16-12-2016,19401.15
19-12-2016,19391.6
20-12-2016,19494.53
21-12-2016,19444.49
22-12-2016,19427.67
26-12-2016,19396.64
27-12-2016,19403.06
28-12-2016,19401.72
29-12-2016,19145.14
30-12-2016,19114.37
04-01-2017,19594.16
05-01-2017,19520.69
06-01-2017,19454.33
10-01-2017,19301.44
11-01-2017,19364.67
12-01-2017,19134.7
13-01-2017,19287.28
16-01-2017,19095.24
17-01-2017,18813.53
18-01-2017,18894.37
19-01-2017,19072.25
20-01-2017,19137.91
23-01-2017,18891.03
24-01-2017,18787.99
25-01-2017,19057.5
26-01-2017,19402.39
27-01-2017,19467.4
30-01-2017,19368.85
31-01-2017,19041.34
01-02-2017,19148.08
02-02-2017,18914.58
03-02-2017,18918.2
06-02-2017,18976.71
07-02-2017,18910.78
08-02-2017,19007.6
09-02-2017,18907.67
10-02-2017,19378.93
13-02-2017,19459.15
14-02-2017,19238.98
15-02-2017,19437.98
16-02-2017,19347.53
17-02-2017,19234.62
20-02-2017,19251.08
21-02-2017,19381.44
22-02-2017,19379.87
23-02-2017,19371.46
24-02-2017,19283.54
27-02-2017,19107.47
28-02-2017,19118.99
01-03-2017,19393.54
02-03-2017,19564.8
03-03-2017,19469.17
06-03-2017,19379.14
07-03-2017,19344.15
08-03-2017,19254.03
09-03-2017,19318.58
10-03-2017,19604.61
13-03-2017,19633.75
14-03-2017,19609.5
15-03-2017,19577.38
16-03-2017,19590.14
17-03-2017,19521.59
21-03-2017,19455.88
22-03-2017,19041.38
23-03-2017,19085.31
24-03-2017,19262.53
27-03-2017,18985.59
28-03-2017,19202.87
29-03-2017,19217.48
30-03-2017,19063.22
31-03-2017,18909.26
03-04-2017,18983.23
04-04-2017,18810.25
05-04-2017,18861.27
06-04-2017,18597.06
07-04-2017,18664.63
10-04-2017,18797.88
11-04-2017,18747.87
12-04-2017,18552.61
13-04-2017,18426.84
14-04-2017,18335.63
17-04-2017,18355.26
18-04-2017,18418.59
19-04-2017,18432.2
20-04-2017,18430.49
21-04-2017,18620.75
24-04-2017,18875.88
25-04-2017,19079.33
26-04-2017,19289.43
27-04-2017,19251.87
28-04-2017,19196.74
01-05-2017,19310.52
02-05-2017,19445.7
08-05-2017,19895.7
09-05-2017,19843
10-05-2017,19900.09
11-05-2017,19961.55
12-05-2017,19883.9
15-05-2017,19869.85
16-05-2017,19919.82
17-05-2017,19814.88
18-05-2017,19553.86
19-05-2017,19590.76
22-05-2017,19678.28
23-05-2017,19613.28
24-05-2017,19742.98
25-05-2017,19813.13
26-05-2017,19686.84
29-05-2017,19682.57
30-05-2017,19677.85
31-05-2017,19650.57
01-06-2017,19860.03
02-06-2017,20177.28
05-06-2017,20170.82
06-06-2017,19979.9
07-06-2017,19984.62
08-06-2017,19909.26
09-06-2017,20013.26
12-06-2017,19908.58
13-06-2017,19898.75
14-06-2017,19883.52
15-06-2017,19831.82
16-06-2017,19943.26
19-06-2017,20067.75
20-06-2017,20230.41
21-06-2017,20138.79
22-06-2017,20110.51
23-06-2017,20132.67
26-06-2017,20153.35
27-06-2017,20225.09
28-06-2017,20130.41
29-06-2017,20220.3
30-06-2017,20033.43
03-07-2017,20055.8
04-07-2017,20032.35
05-07-2017,20081.63
06-07-2017,19994.06
07-07-2017,19929.09
10-07-2017,20080.98
11-07-2017,20195.48
12-07-2017,20098.38
13-07-2017,20099.81
14-07-2017,20118.86
18-07-2017,19999.91
19-07-2017,20020.86
20-07-2017,20144.59
21-07-2017,20099.75
24-07-2017,19975.67
25-07-2017,19955.2
26-07-2017,20050.16
27-07-2017,20079.64
28-07-2017,19959.84
31-07-2017,19925.18
01-08-2017,19985.79
02-08-2017,20080.04
03-08-2017,20029.26
04-08-2017,19952.33
07-08-2017,20055.89
08-08-2017,19996.01
09-08-2017,19738.71
10-08-2017,19729.74
14-08-2017,19537.1
15-08-2017,19753.31
16-08-2017,19729.28
17-08-2017,19702.63
18-08-2017,19470.41
21-08-2017,19393.13
22-08-2017,19383.84
23-08-2017,19434.64
24-08-2017,19353.77
25-08-2017,19452.61
28-08-2017,19449.9
29-08-2017,19362.55
30-08-2017,19506.54
31-08-2017,19646.24
01-09-2017,19691.47
04-09-2017,19508.25
05-09-2017,19385.81
06-09-2017,19357.97
07-09-2017,19396.52
08-09-2017,19274.82
11-09-2017,19545.77
12-09-2017,19776.62
13-09-2017,19865.82
14-09-2017,19807.44
15-09-2017,19909.5
19-09-2017,20299.38
20-09-2017,20310.46
21-09-2017,20347.48
22-09-2017,20296.45
25-09-2017,20397.58
26-09-2017,20330.19
27-09-2017,20267.05
28-09-2017,20363.11
29-09-2017,20356.28
02-10-2017,20400.78
03-10-2017,20614.07
04-10-2017,20626.66
05-10-2017,20628.56
06-10-2017,20690.71
10-10-2017,20823.51
11-10-2017,20881.27
12-10-2017,20954.72
13-10-2017,21155.18
16-10-2017,21255.56
17-10-2017,21336.12
18-10-2017,21363.05
19-10-2017,21448.52
20-10-2017,21457.64
23-10-2017,21696.65
24-10-2017,21805.17
25-10-2017,21707.62
26-10-2017,21739.78
27-10-2017,22008.45
30-10-2017,22011.67
31-10-2017,22011.61
01-11-2017,22420.08
02-11-2017,22539.12
06-11-2017,22548.35
07-11-2017,22937.6
08-11-2017,22913.82
09-11-2017,22868.71
10-11-2017,22681.42
13-11-2017,22380.99
14-11-2017,22380.01
15-11-2017,22028.32
16-11-2017,22351.12
17-11-2017,22396.8
20-11-2017,22261.76
21-11-2017,22416.48
22-11-2017,22523.15
24-11-2017,22550.85
27-11-2017,22495.99
28-11-2017,22486.24
29-11-2017,22597.2
30-11-2017,22724.96
01-12-2017,22819.03
04-12-2017,22707.16
05-12-2017,22622.38
06-12-2017,22177.04
07-12-2017,22498.03
08-12-2017,22811.08
11-12-2017,22938.73
12-12-2017,22866.17
13-12-2017,22758.07
14-12-2017,22694.45
15-12-2017,22553.22
18-12-2017,22901.77
19-12-2017,22868
20-12-2017,22891.72
21-12-2017,22866.1
22-12-2017,22902.76
25-12-2017,22939.18
26-12-2017,22892.69
27-12-2017,22911.21
28-12-2017,22783.98
29-12-2017,22764.94
04-01-2018,23506.33
05-01-2018,23714.53
09-01-2018,23849.99
10-01-2018,23788.2
11-01-2018,23710.43
12-01-2018,23653.82
15-01-2018,23714.88
16-01-2018,23951.81
17-01-2018,23868.34
18-01-2018,23763.37
19-01-2018,23808.06
22-01-2018,23816.33
23-01-2018,24124.15
24-01-2018,23940.78
25-01-2018,23669.49
26-01-2018,23631.88
29-01-2018,23629.34
30-01-2018,23291.97
31-01-2018,23098.29
01-02-2018,23486.11
02-02-2018,23274.53
05-02-2018,22682.08
06-02-2018,21610.24
07-02-2018,21645.37
08-02-2018,21890.86
09-02-2018,21382.62
13-02-2018,21244.68
14-02-2018,21154.17
15-02-2018,21464.98
16-02-2018,21720.25
19-02-2018,22149.21
20-02-2018,21925.1
21-02-2018,21970.81
22-02-2018,21736.44
23-02-2018,21892.78
26-02-2018,22153.63
27-02-2018,22389.86
28-02-2018,22068.24
01-03-2018,21724.47
02-03-2018,21181.64
05-03-2018,21042.09
06-03-2018,21417.76
07-03-2018,21252.72
08-03-2018,21368.07
09-03-2018,21469.2
12-03-2018,21824.03
13-03-2018,21968.1
14-03-2018,21777.29
15-03-2018,21803.95
16-03-2018,21676.51
19-03-2018,21480.9
20-03-2018,21380.97
22-03-2018,21591.99
23-03-2018,20617.86
26-03-2018,20766.1
27-03-2018,21317.32
28-03-2018,21031.31
29-03-2018,21159.08
30-03-2018,21454.3
02-04-2018,21388.58
03-04-2018,21292.29
04-04-2018,21319.55
05-04-2018,21645.42
06-04-2018,21567.52
09-04-2018,21678.26
10-04-2018,21794.32
11-04-2018,21687.1
12-04-2018,21660.28
13-04-2018,21778.74
16-04-2018,21835.53
17-04-2018,21847.59
18-04-2018,22158.2
19-04-2018,22191.18
20-04-2018,22162.24
23-04-2018,22088.04
24-04-2018,22278.12
25-04-2018,22215.32
26-04-2018,22319.61
27-04-2018,22467.87
01-05-2018,22508.03
02-05-2018,22472.78
07-05-2018,22467.16
08-05-2018,22508.69
09-05-2018,22408.88
10-05-2018,22497.18
11-05-2018,22758.48
14-05-2018,22865.86
15-05-2018,22818.02
16-05-2018,22717.23
17-05-2018,22838.37
18-05-2018,22930.36
21-05-2018,23002.37
22-05-2018,22960.34
23-05-2018,22689.74
24-05-2018,22437.01
25-05-2018,22450.79
28-05-2018,22481.09
29-05-2018,22358.43
30-05-2018,22018.52
31-05-2018,22201.82
01-06-2018,22171.35
04-06-2018,22475.94
05-06-2018,22539.54
06-06-2018,22625.73
07-06-2018,22823.26
08-06-2018,22694.5
11-06-2018,22804.04
12-06-2018,22878.35
13-06-2018,22966.38
14-06-2018,22738.61
15-06-2018,22851.75
18-06-2018,22680.33
19-06-2018,22278.48
20-06-2018,22555.43
21-06-2018,22693.04
22-06-2018,22516.83
25-06-2018,22338.15
26-06-2018,22342
27-06-2018,22271.77
28-06-2018,22270.39
29-06-2018,22304.51
02-07-2018,21811.93
03-07-2018,21785.54
04-07-2018,21717.04
05-07-2018,21546.99
06-07-2018,21788.14
09-07-2018,22052.18
10-07-2018,22196.89
11-07-2018,21932.21
12-07-2018,22187.96
13-07-2018,22597.35
17-07-2018,22697.36
18-07-2018,22794.19
19-07-2018,22764.68
20-07-2018,22697.88
23-07-2018,22396.99
24-07-2018,22510.48
25-07-2018,22614.25
26-07-2018,22586.87
27-07-2018,22712.75
30-07-2018,22544.84
31-07-2018,22553.72
01-08-2018,22746.7
02-08-2018,22512.53
03-08-2018,22525.18
06-08-2018,22507.32
07-08-2018,22662.74
08-08-2018,22644.31
09-08-2018,22598.39
10-08-2018,22298.08
13-08-2018,21857.43
14-08-2018,22356.08
15-08-2018,22204.22
16-08-2018,22192.04
17-08-2018,22270.38
20-08-2018,22199
21-08-2018,22219.73
22-08-2018,22362.55
23-08-2018,22410.82
24-08-2018,22601.77
27-08-2018,22799.64
28-08-2018,22813.47
29-08-2018,22848.22
30-08-2018,22869.5
31-08-2018,22865.15
03-09-2018,22707.38
04-09-2018,22696.9
05-09-2018,22580.83
06-09-2018,22487.94
07-09-2018,22307.06
10-09-2018,22373.09
11-09-2018,22664.69
12-09-2018,22604.61
13-09-2018,22821.32
14-09-2018,23094.67
18-09-2018,23420.54
19-09-2018,23672.52
20-09-2018,23674.93
21-09-2018,23869.93
25-09-2018,23940.26
26-09-2018,24033.79
27-09-2018,23796.74
28-09-2018,24120.04
01-10-2018,24245.76
02-10-2018,24270.62
03-10-2018,24110.96
04-10-2018,23975.62
05-10-2018,23783.72
09-10-2018,23469.39
10-10-2018,23506.04
11-10-2018,22590.86
12-10-2018,22694.66
15-10-2018,22271.3
16-10-2018,22549.24
17-10-2018,22841.12
18-10-2018,22658.16
19-10-2018,22532.08
22-10-2018,22614.82
23-10-2018,22010.78
24-10-2018,22091.18
25-10-2018,21268.73
26-10-2018,21184.6
29-10-2018,21149.8
30-10-2018,21457.29
31-10-2018,21920.46
01-11-2018,21687.65
02-11-2018,22243.66
05-11-2018,21898.99
06-11-2018,22147.75
07-11-2018,22085.8
08-11-2018,22486.92
09-11-2018,22250.25
12-11-2018,22269.88
13-11-2018,21810.52
14-11-2018,21846.48
15-11-2018,21803.62
16-11-2018,21680.34
19-11-2018,21821.16
20-11-2018,21583.12
21-11-2018,21507.54
22-11-2018,21646.55
26-11-2018,21812
27-11-2018,21952.4
28-11-2018,22177.02
29-11-2018,22262.6
30-11-2018,22351.06
03-12-2018,22574.76
04-12-2018,22036.05
05-12-2018,21919.33
06-12-2018,21501.62
07-12-2018,21678.68
10-12-2018,21219.5
11-12-2018,21148.02
12-12-2018,21602.75
13-12-2018,21816.19
14-12-2018,21374.83
17-12-2018,21506.88
18-12-2018,21115.45
19-12-2018,20987.92
20-12-2018,20392.58
21-12-2018,20166.19
25-12-2018,19155.74
26-12-2018,19327.06
27-12-2018,20077.62
28-12-2018,20014.77
04-01-2019,19561.96
07-01-2019,20038.97
08-01-2019,20204.04
09-01-2019,20427.06
10-01-2019,20163.8
11-01-2019,20359.7
15-01-2019,20555.29
16-01-2019,20442.75
17-01-2019,20402.27
18-01-2019,20666.07
21-01-2019,20719.33
22-01-2019,20622.91
23-01-2019,20593.72
24-01-2019,20574.63
25-01-2019,20773.56
28-01-2019,20649
29-01-2019,20664.64
30-01-2019,20556.54
31-01-2019,20773.49
01-02-2019,20788.39
04-02-2019,20883.77
05-02-2019,20844.45
06-02-2019,20874.06
07-02-2019,20751.28
08-02-2019,20333.17
12-02-2019,20864.21
13-02-2019,21144.48
14-02-2019,21139.71
15-02-2019,20900.63
18-02-2019,21281.85
19-02-2019,21302.65
20-02-2019,21431.49
21-02-2019,21464.23
22-02-2019,21425.51
25-02-2019,21528.23
26-02-2019,21449.39
27-02-2019,21556.51
28-02-2019,21385.16
01-03-2019,21602.69
04-03-2019,21822.04
05-03-2019,21726.28
06-03-2019,21596.81
07-03-2019,21456.01
08-03-2019,21025.56
11-03-2019,21125.09
12-03-2019,21503.69
13-03-2019,21290.24
14-03-2019,21287.02
15-03-2019,21450.85
18-03-2019,21584.5
19-03-2019,21566.85
20-03-2019,21608.92
22-03-2019,21627.34
25-03-2019,20977.11
26-03-2019,21428.39
27-03-2019,21378.73
28-03-2019,21033.76
29-03-2019,21205.81
01-04-2019,21509.03
02-04-2019,21505.31
03-04-2019,21713.21
04-04-2019,21724.95
05-04-2019,21807.5
08-04-2019,21761.65
09-04-2019,21802.59
10-04-2019,21687.57
11-04-2019,21711.38
12-04-2019,21870.56
15-04-2019,22169.11
16-04-2019,22221.66
17-04-2019,22277.97
18-04-2019,22090.12
19-04-2019,22200.56
22-04-2019,22217.9
23-04-2019,22259.74
24-04-2019,22200
25-04-2019,22307.58
26-04-2019,22258.73
07-05-2019,21923.72
08-05-2019,21602.59
09-05-2019,21402.13
10-05-2019,21344.92
13-05-2019,21191.28
14-05-2019,21067.23
15-05-2019,21188.56
16-05-2019,21062.98
17-05-2019,21250.09
20-05-2019,21301.73
21-05-2019,21272.45
22-05-2019,21283.37
23-05-2019,21151.14
24-05-2019,21117.22
27-05-2019,21182.58
28-05-2019,21260.14
29-05-2019,21003.37
30-05-2019,20942.53
31-05-2019,20601.19
03-06-2019,20410.88
04-06-2019,20408.54
05-06-2019,20776.1
06-06-2019,20774.04
07-06-2019,20884.71
10-06-2019,21134.42
11-06-2019,21204.28
12-06-2019,21129.72
13-06-2019,21032
14-06-2019,21116.89
17-06-2019,21124
18-06-2019,20972.71
19-06-2019,21333.87
20-06-2019,21462.86
21-06-2019,21258.64
24-06-2019,21285.99
25-06-2019,21193.81
26-06-2019,21086.59
27-06-2019,21338.17
28-06-2019,21275.92
01-07-2019,21729.97
02-07-2019,21754.27
03-07-2019,21638.16
04-07-2019,21702.45
05-07-2019,21746.38
08-07-2019,21534.35
09-07-2019,21565.15
10-07-2019,21533.48
11-07-2019,21643.53
12-07-2019,21685.9
16-07-2019,21535.25
17-07-2019,21469.18
18-07-2019,21046.24
19-07-2019,21466.99
22-07-2019,21416.79
23-07-2019,21620.88
24-07-2019,21709.57
25-07-2019,21756.55
26-07-2019,21658.15
29-07-2019,21616.8
30-07-2019,21709.31
31-07-2019,21521.53
01-08-2019,21540.99
02-08-2019,21087.16
05-08-2019,20720.29
06-08-2019,20585.31
07-08-2019,20516.56
08-08-2019,20593.35
09-08-2019,20684.82
13-08-2019,20455.44
14-08-2019,20655.13
15-08-2019,20405.65
16-08-2019,20418.81
19-08-2019,20563.16
20-08-2019,20677.22
21-08-2019,20618.57
22-08-2019,20628.01
23-08-2019,20710.91
26-08-2019,20261.04
27-08-2019,20456.08
28-08-2019,20479.42
29-08-2019,20460.93
30-08-2019,20704.37
02-09-2019,20620.19
03-09-2019,20625.16
04-09-2019,20649.14
05-09-2019,21085.94
06-09-2019,21199.57
09-09-2019,21318.42
10-09-2019,21392.1
11-09-2019,21597.76
12-09-2019,21759.61
13-09-2019,21988.29
17-09-2019,22001.32
18-09-2019,21960.71
19-09-2019,22044.45
20-09-2019,22079.09
24-09-2019,22098.84
25-09-2019,22020.15
26-09-2019,22048.24
27-09-2019,21878.9
30-09-2019,21755.84
01-10-2019,21885.24
02-10-2019,21778.61
03-10-2019,21341.74
04-10-2019,21410.2
07-10-2019,21375.25
08-10-2019,21587.78
09-10-2019,21456.38
10-10-2019,21551.98
11-10-2019,21798.87
15-10-2019,22207.21
16-10-2019,22472.92
17-10-2019,22451.86
18-10-2019,22492.68
21-10-2019,22548.9
23-10-2019,22625.38
24-10-2019,22750.6
25-10-2019,22799.81
28-10-2019,22867.27
29-10-2019,22974.13
30-10-2019,22843.12
31-10-2019,22927.04
01-11-2019,22850.77
05-11-2019,23251.99
06-11-2019,23303.82
07-11-2019,23330.32
08-11-2019,23391.87
11-11-2019,23331.84
12-11-2019,23520.01
13-11-2019,23319.87
14-11-2019,23141.55
15-11-2019,23303.32
18-11-2019,23416.76
19-11-2019,23292.65
20-11-2019,23148.57
21-11-2019,23038.58
22-11-2019,23112.88
25-11-2019,23292.81
26-11-2019,23373.32
27-11-2019,23437.77
28-11-2019,23409.14
29-11-2019,23293.91
02-12-2019,23529.5
03-12-2019,23379.81
04-12-2019,23135.23
05-12-2019,23300.09
06-12-2019,23354.4
09-12-2019,23430.7
10-12-2019,23410.19
11-12-2019,23391.86
12-12-2019,23424.81
13-12-2019,24023.1
16-12-2019,23952.35
17-12-2019,24066.12
18-12-2019,23934.43
19-12-2019,23864.85
20-12-2019,23816.63
23-12-2019,23821.11
24-12-2019,23830.58
25-12-2019,23782.87
26-12-2019,23924.92
27-12-2019,23837.72
30-12-2019,23656.62
06-01-2020,23204.86
07-01-2020,23575.72
08-01-2020,23204.76
09-01-2020,23739.87
10-01-2020,23850.57
14-01-2020,24025.17
15-01-2020,23916.58
16-01-2020,23933.13
17-01-2020,24041.26
20-01-2020,24083.51
21-01-2020,23864.56
22-01-2020,24031.35
23-01-2020,23795.44
24-01-2020,23827.18
27-01-2020,23343.51
28-01-2020,23215.71
29-01-2020,23379.4
30-01-2020,22977.75
31-01-2020,23205.18
03-02-2020,22971.94
04-02-2020,23084.59
05-02-2020,23319.56
06-02-2020,23873.59
07-02-2020,23827.98
10-02-2020,23685.98
12-02-2020,23861.21
13-02-2020,23827.73
14-02-2020,23687.59
17-02-2020,23523.24
18-02-2020,23193.8
19-02-2020,23400.7
20-02-2020,23479.15
21-02-2020,23386.74
25-02-2020,22605.41
26-02-2020,22426.19
27-02-2020,21948.23
28-02-2020,21142.96
02-03-2020,21344.08
03-03-2020,21082.73
04-03-2020,21100.06
05-03-2020,21329.12
06-03-2020,20749.75
09-03-2020,19698.76
10-03-2020,19867.12
11-03-2020,19416.06
12-03-2020,18559.63
13-03-2020,17431.05
16-03-2020,17002.04
17-03-2020,17011.53
18-03-2020,16726.55
19-03-2020,16552.83
23-03-2020,16887.78
24-03-2020,18092.35
25-03-2020,19546.63
26-03-2020,18664.6
27-03-2020,19389.43
30-03-2020,19084.97
31-03-2020,18917.01
01-04-2020,18065.41
02-04-2020,17818.72
03-04-2020,17820.19
06-04-2020,18576.3
07-04-2020,18950.18
08-04-2020,19353.24
09-04-2020,19345.77
10-04-2020,19498.5
13-04-2020,19043.4
14-04-2020,19638.81
15-04-2020,19550.09
16-04-2020,19290.2
17-04-2020,19897.26
20-04-2020,19669.12
21-04-2020,19280.78
22-04-2020,19137.95
23-04-2020,19429.44
24-04-2020,19262
27-04-2020,19783.22
28-04-2020,19771.19
30-04-2020,20193.69
01-05-2020,19619.35
07-05-2020,19674.77
08-05-2020,20179.09
11-05-2020,20390.66
12-05-2020,20366.48
13-05-2020,20267.05
14-05-2020,19914.78
15-05-2020,20037.47
18-05-2020,20133.73
19-05-2020,20433.45
20-05-2020,20595.15
21-05-2020,20552.31
22-05-2020,20388.16
25-05-2020,20741.65
26-05-2020,21271.17
27-05-2020,21419.23
28-05-2020,21916.31
29-05-2020,21877.89
01-06-2020,22062.39
02-06-2020,22325.61
03-06-2020,22613.76
04-06-2020,22695.74
05-06-2020,22863.73
08-06-2020,23178.1
09-06-2020,23091.03
10-06-2020,23124.95
11-06-2020,22472.91
12-06-2020,22305.48
15-06-2020,21530.95
16-06-2020,22582.21
